candidate_id,education_level,degree,branch,graduation_year,cgpa,skills,interests,preferred_sectors,preferred_states,preferred_cities,preferred_location_type,preferred_duration,experience_level,languages,disability_preference,rural_or_urban
CAND2026-00001,Undergraduate,B.Tech,Computer Science,2026,5.8,"[""Python"", ""SQL""]","[""Data Science"", ""Software Development"", ""AI/ML""]","[""IT"", ""Software Development"", ""Data Science"", ""AI/ML""]","[""Karnataka"", ""Maharashtra""]","[""Bengaluru"", ""Nagpur""]",On-site,2,0-1 internship experience,"[""English"", ""Hindi"", ""Kannada""]",Accessible workplace preferred,Rural
CAND2026-00002,Undergraduate,B.Tech,Information Technology,2027,7.1,"[""Python"", ""JavaScript""]","[""Software Development"", ""Cybersecurity"", ""IT""]","[""Software Development"", ""Cybersecurity"", ""IT""]","[""Uttar Pradesh""]","[""Noida""]",Hybrid,3,No prior experience,"[""English"", ""Hindi""]",No preference,Rural
CAND2026-00003,Undergraduate,B.Tech,Artificial Intelligence,2028,8.4,"[""Python"", ""Machine Learning""]","[""AI/ML"", ""Data Science""]","[""AI/ML"", ""Data Science"", ""Software Development""]","[""Bihar""]","[""Patna""]",Remote,3,No prior experience,"[""English"", ""Hindi""]",No preference,Urban
CAND2026-00004,Undergraduate,B.Tech,Mechanical Engineering,2026,5.8,"[""AutoCAD"", ""SolidWorks"", ""Manufacturing"", ""Quality Control""]","[""Manufacturing"", ""Automobile"", ""Infrastructure""]","[""Manufacturing"", ""Automobile"", ""Infrastructure""]","[""Tripura""]","[""Agartala""]",On-site,4,Academic project experience,"[""English"", ""Hindi"", ""Bengali""]",No preference,Urban
CAND2026-00005,Undergraduate,B.Tech,Automobile Engineering,2027,7.1,"[""Automobile Engineering"", ""Diagnostics"", ""AutoCAD"", ""Testing""]","[""Automobile"", ""Manufacturing"", ""Renewable Energy""]","[""Automobile"", ""Manufacturing"", ""Renewable Energy""]","[""Telangana"", ""Tamil Nadu""]","[""Hyderabad"", ""Chennai""]",Hybrid,6,No prior experience,"[""English"", ""Hindi"", ""Telugu""]",No preference,Urban
CAND2026-00006,Undergraduate,B.Tech,Electronics and Communication,2028,8.4,"[""Embedded C"", ""Microcontrollers"", ""Networking"", ""PCB Design""]","[""Electronics"", ""Telecommunications"", ""IT""]","[""Electronics"", ""Telecommunications"", ""IT""]","[""Uttar Pradesh""]","[""Varanasi""]",On-site,2,No prior experience,"[""English"", ""Hindi""]",No preference,Rural
CAND2026-00007,Undergraduate,B.Tech,Electrical Engineering,2026,5.8,"[""Electrical Safety"", ""Solar Energy"", ""AutoCAD"", ""MS Excel""]","[""Renewable Energy"", ""Electronics"", ""Infrastructure""]","[""Renewable Energy"", ""Electronics"", ""Infrastructure""]","[""Jharkhand""]","[""Ranchi""]",Hybrid,3,Academic project experience,"[""English"", ""Hindi""]",No preference,Rural
CAND2026-00008,Undergraduate,B.Com,Commerce,2027,7.1,"[""MS Excel"", ""Accounting"", ""Tally"", ""Financial Analysis"", ""Communication"", ""Documentation""]","[""Finance"", ""Accounting"", ""Banking""]","[""Finance"", ""Banking"", ""Marketing""]","[""Jammu and Kashmir""]","[""Srinagar""]",Remote,3,No prior experience,"[""English"", ""Hindi"", ""Urdu""]",No preference,Urban
CAND2026-00009,Undergraduate,BBA,Business Administration,2028,8.4,"[""MS Excel"", ""Communication"", ""Financial Analysis"", ""Digital Marketing"", ""Project Management"", ""Documentation""]","[""Finance"", ""Marketing"", ""HR""]","[""Finance"", ""Marketing"", ""HR"", ""Logistics""]","[""Maharashtra"", ""Tamil Nadu""]","[""Pune"", ""Madurai""]",On-site,4,No prior experience,"[""English"", ""Hindi"", ""Marathi""]",No preference,Urban
CAND2026-00010,Undergraduate,B.Sc.,Agriculture,2026,5.8,"[""Agriculture"", ""Field Survey"", ""Data Collection"", ""MS Excel"", ""Community Engagement"", ""Communication""]","[""Agriculture Technology"", ""Rural Development"", ""Sustainability""]","[""Agriculture"", ""Rural Development"", ""Renewable Energy""]","[""Rajasthan""]","[""Udaipur""]",Hybrid,6,Academic project experience,"[""English"", ""Hindi""]",No preference,Urban
CAND2026-00011,Undergraduate,B.Sc.,Data Science,2027,7.1,"[""Python"", ""SQL""]","[""Data Science"", ""Business Intelligence"", ""AI/ML""]","[""Data Science"", ""AI/ML"", ""IT""]","[""Madhya Pradesh""]","[""Bhopal""]",On-site,2,No prior experience,"[""English"", ""Hindi""]",No preference,Rural
CAND2026-00012,Undergraduate,BCA,Computer Applications,2028,8.4,"[""Python"", ""JavaScript""]","[""Software Development"", ""IT"", ""Data Science""]","[""Software Development"", ""IT"", ""Data Science""]","[""Himachal Pradesh""]","[""Shimla""]",Hybrid,3,0-1 internship experience,"[""English"", ""Hindi""]",No preference,Rural
CAND2026-00013,Diploma,Diploma,Civil Engineering,2025,7.3,"[""AutoCAD"", ""Site Survey""]","[""Infrastructure"", ""Construction"", ""Urban Development""]","[""Infrastructure"", ""Manufacturing"", ""Renewable Energy""]","[""Maharashtra"", ""Uttar Pradesh""]","[""Mumbai"", ""Noida""]",Remote,3,Academic project experience,"[""Hindi"", ""English"", ""Marathi""]",Accessible workplace preferred,Urban
CAND2026-00014,Diploma,Diploma,Electrical Engineering,2026,8.4,"[""Electrical Safety"", ""Solar Energy"", ""Testing"", ""Troubleshooting""]","[""Renewable Energy"", ""Electronics"", ""Infrastructure""]","[""Renewable Energy"", ""Electronics"", ""Telecommunications""]","[""Gujarat""]","[""Surat""]",On-site,4,No prior experience,"[""Hindi"", ""English"", ""Gujarati""]",No preference,Urban
CAND2026-00015,Undergraduate,BA,Public Administration,2028,8.4,"[""MS Excel"", ""Documentation"", ""Communication"", ""Research""]","[""Government"", ""E-Governance"", ""Rural Development""]","[""Government"", ""E-Governance"", ""Rural Development""]","[""Chhattisgarh""]","[""Raipur""]",Hybrid,6,No prior experience,"[""Hindi"", ""English""]",No preference,Urban
CAND2026-00016,Undergraduate,BA,Social Work,2026,5.8,"[""Field Survey"", ""Community Engagement"", ""Communication"", ""Data Collection""]","[""Rural Development"", ""Education"", ""Healthcare""]","[""Rural Development"", ""Education"", ""Healthcare"", ""Government""]","[""Andhra Pradesh""]","[""Visakhapatnam""]",On-site,2,Academic project experience,"[""Hindi"", ""English"", ""Telugu""]",No preference,Rural
CAND2026-00017,Undergraduate,B.Sc.,Nursing,2027,7.1,"[""Patient Support"", ""Documentation"", ""Communication"", ""MS Excel""]","[""Healthcare"", ""Public Health""]","[""Healthcare"", ""Government"", ""Education""]","[""Tamil Nadu"", ""Uttar Pradesh""]","[""Coimbatore"", ""Varanasi""]",Hybrid,3,No prior experience,"[""English"", ""Hindi"", ""Tamil""]",No preference,Rural
CAND2026-00018,Undergraduate,BA,Tourism,2028,8.4,"[""Customer Service"", ""Communication"", ""Tourism Operations"", ""Content Writing"", ""MS Excel"", ""Documentation""]","[""Tourism"", ""Hospitality"", ""Marketing""]","[""Tourism"", ""Marketing"", ""Logistics""]","[""West Bengal""]","[""Siliguri""]",Remote,3,No prior experience,"[""English"", ""Hindi"", ""Bengali""]",No preference,Urban
CAND2026-00019,Undergraduate,B.Tech,Computer Science,2026,5.8,"[""Python"", ""SQL"", ""Data Analysis"", ""Git"", ""React"", ""Machine Learning""]","[""Data Science"", ""Software Development"", ""AI/ML""]","[""IT"", ""Software Development"", ""Data Science"", ""AI/ML""]","[""Assam""]","[""Guwahati""]",On-site,4,Academic project experience,"[""English"", ""Hindi"", ""Assamese""]",No preference,Urban
CAND2026-00020,Undergraduate,B.Tech,Information Technology,2027,7.1,"[""Python"", ""JavaScript"", ""React"", ""SQL"", ""Networking"", ""Git""]","[""Software Development"", ""Cybersecurity"", ""IT""]","[""Software Development"", ""Cybersecurity"", ""IT""]","[""Karnataka""]","[""Bengaluru""]",Hybrid,6,No prior experience,"[""English"", ""Hindi"", ""Kannada""]",No preference,Urban
CAND2026-00021,Undergraduate,B.Tech,Artificial Intelligence,2028,8.4,"[""Python"", ""Machine Learning""]","[""AI/ML"", ""Data Science""]","[""AI/ML"", ""Data Science"", ""Software Development""]","[""Uttar Pradesh"", ""Rajasthan""]","[""Noida"", ""Udaipur""]",On-site,2,No prior experience,"[""English"", ""Hindi""]",No preference,Rural
CAND2026-00022,Undergraduate,B.Tech,Mechanical Engineering,2026,5.8,"[""AutoCAD"", ""SolidWorks""]","[""Manufacturing"", ""Automobile"", ""Infrastructure""]","[""Manufacturing"", ""Automobile"", ""Infrastructure""]","[""Bihar""]","[""Patna""]",Hybrid,3,Academic project experience,"[""English"", ""Hindi""]",No preference,Rural
CAND2026-00023,Undergraduate,B.Tech,Automobile Engineering,2027,7.1,"[""Automobile Engineering"", ""Diagnostics""]","[""Automobile"", ""Manufacturing"", ""Renewable Energy""]","[""Automobile"", ""Manufacturing"", ""Renewable Energy""]","[""Tripura""]","[""Agartala""]",Remote,3,0-1 internship experience,"[""English"", ""Hindi"", ""Bengali""]",No preference,Urban
CAND2026-00024,Undergraduate,B.Tech,Electronics and Communication,2028,8.4,"[""Embedded C"", ""Microcontrollers"", ""Networking"", ""PCB Design""]","[""Electronics"", ""Telecommunications"", ""IT""]","[""Electronics"", ""Telecommunications"", ""IT""]","[""Telangana""]","[""Hyderabad""]",On-site,4,No prior experience,"[""English"", ""Hindi"", ""Telugu""]",No preference,Urban
CAND2026-00025,Undergraduate,B.Tech,Electrical Engineering,2026,5.8,"[""Electrical Safety"", ""Solar Energy"", ""AutoCAD"", ""MS Excel""]","[""Renewable Energy"", ""Electronics"", ""Infrastructure""]","[""Renewable Energy"", ""Electronics"", ""Infrastructure""]","[""Uttar Pradesh"", ""Gujarat""]","[""Varanasi"", ""Surat""]",Hybrid,6,Academic project experience,"[""English"", ""Hindi""]",Accessible workplace preferred,Urban
CAND2026-00026,Undergraduate,B.Com,Commerce,2027,7.1,"[""MS Excel"", ""Accounting"", ""Tally"", ""Financial Analysis""]","[""Finance"", ""Accounting"", ""Banking""]","[""Finance"", ""Banking"", ""Marketing""]","[""Jharkhand""]","[""Ranchi""]",On-site,2,No prior experience,"[""English"", ""Hindi""]",No preference,Rural
CAND2026-00027,Undergraduate,BBA,Business Administration,2028,8.4,"[""MS Excel"", ""Communication"", ""Financial Analysis"", ""Digital Marketing""]","[""Finance"", ""Marketing"", ""HR""]","[""Finance"", ""Marketing"", ""HR"", ""Logistics""]","[""Jammu and Kashmir""]","[""Srinagar""]",Hybrid,3,No prior experience,"[""English"", ""Hindi"", ""Urdu""]",No preference,Rural
CAND2026-00028,Undergraduate,B.Sc.,Agriculture,2026,5.8,"[""Agriculture"", ""Field Survey"", ""Data Collection"", ""MS Excel"", ""Community Engagement"", ""Communication""]","[""Agriculture Technology"", ""Rural Development"", ""Sustainability""]","[""Agriculture"", ""Rural Development"", ""Renewable Energy""]","[""Maharashtra""]","[""Pune""]",Remote,3,Academic project experience,"[""English"", ""Hindi"", ""Marathi""]",No preference,Urban
CAND2026-00029,Undergraduate,B.Sc.,Data Science,2027,7.1,"[""Python"", ""SQL"", ""Data Analysis"", ""Power BI"", ""Pandas"", ""MS Excel""]","[""Data Science"", ""Business Intelligence"", ""AI/ML""]","[""Data Science"", ""AI/ML"", ""IT""]","[""Rajasthan"", ""West Bengal""]","[""Udaipur"", ""Siliguri""]",On-site,4,No prior experience,"[""English"", ""Hindi""]",No preference,Urban
CAND2026-00030,Undergraduate,BCA,Computer Applications,2028,8.4,"[""Python"", ""JavaScript"", ""SQL"", ""React"", ""MS Excel"", ""Git""]","[""Software Development"", ""IT"", ""Data Science""]","[""Software Development"", ""IT"", ""Data Science""]","[""Madhya Pradesh""]","[""Bhopal""]",Hybrid,6,No prior experience,"[""English"", ""Hindi""]",No preference,Urban
CAND2026-00031,Diploma,Diploma,Civil Engineering,2027,8.1,"[""AutoCAD"", ""Site Survey""]","[""Infrastructure"", ""Construction"", ""Urban Development""]","[""Infrastructure"", ""Manufacturing"", ""Renewable Energy""]","[""Himachal Pradesh""]","[""Shimla""]",On-site,2,Academic project experience,"[""Hindi"", ""English""]",No preference,Rural
CAND2026-00032,Diploma,Diploma,Electrical Engineering,2028,9.2,"[""Electrical Safety"", ""Solar Energy""]","[""Renewable Energy"", ""Electronics"", ""Infrastructure""]","[""Renewable Energy"", ""Electronics"", ""Telecommunications""]","[""Maharashtra""]","[""Mumbai""]",Hybrid,3,No prior experience,"[""Hindi"", ""English"", ""Marathi""]",No preference,Rural
CAND2026-00033,Undergraduate,BA,Public Administration,2028,8.4,"[""MS Excel"", ""Documentation""]","[""Government"", ""E-Governance"", ""Rural Development""]","[""Government"", ""E-Governance"", ""Rural Development""]","[""Gujarat"", ""Odisha""]","[""Surat"", ""Cuttack""]",Remote,3,No prior experience,"[""Hindi"", ""English"", ""Gujarati""]",No preference,Urban
CAND2026-00034,Undergraduate,BA,Social Work,2026,5.8,"[""Field Survey"", ""Community Engagement"", ""Communication"", ""Data Collection""]","[""Rural Development"", ""Education"", ""Healthcare""]","[""Rural Development"", ""Education"", ""Healthcare"", ""Government""]","[""Chhattisgarh""]","[""Raipur""]",On-site,4,0-1 internship experience,"[""Hindi"", ""English""]",No preference,Urban
CAND2026-00035,Undergraduate,B.Sc.,Nursing,2027,7.1,"[""Patient Support"", ""Documentation"", ""Communication"", ""MS Excel""]","[""Healthcare"", ""Public Health""]","[""Healthcare"", ""Government"", ""Education""]","[""Andhra Pradesh""]","[""Visakhapatnam""]",Hybrid,6,No prior experience,"[""English"", ""Hindi"", ""Telugu""]",No preference,Urban
CAND2026-00036,Undergraduate,BA,Tourism,2028,8.4,"[""Customer Service"", ""Communication"", ""Tourism Operations"", ""Content Writing""]","[""Tourism"", ""Hospitality"", ""Marketing""]","[""Tourism"", ""Marketing"", ""Logistics""]","[""Tamil Nadu""]","[""Coimbatore""]",On-site,2,No prior experience,"[""English"", ""Hindi"", ""Tamil""]",No preference,Rural
CAND2026-00037,Undergraduate,B.Tech,Computer Science,2026,5.8,"[""Python"", ""SQL"", ""Data Analysis"", ""Git""]","[""Data Science"", ""Software Development"", ""AI/ML""]","[""IT"", ""Software Development"", ""Data Science"", ""AI/ML""]","[""Odisha"", ""Bihar""]","[""Bhubaneswar"", ""Gaya""]",Hybrid,3,Academic project experience,"[""English"", ""Hindi"", ""Odia""]",Accessible workplace preferred,Rural
CAND2026-00038,Undergraduate,B.Tech,Information Technology,2027,7.1,"[""Python"", ""JavaScript"", ""React"", ""SQL"", ""Networking"", ""Git""]","[""Software Development"", ""Cybersecurity"", ""IT""]","[""Software Development"", ""Cybersecurity"", ""IT""]","[""Assam""]","[""Guwahati""]",Remote,3,No prior experience,"[""English"", ""Hindi"", ""Assamese""]",No preference,Urban
CAND2026-00039,Undergraduate,B.Tech,Artificial Intelligence,2028,8.4,"[""Python"", ""Machine Learning"", ""Pandas"", ""Scikit-learn"", ""Data Analysis"", ""SQL""]","[""AI/ML"", ""Data Science""]","[""AI/ML"", ""Data Science"", ""Software Development""]","[""Karnataka""]","[""Bengaluru""]",On-site,4,No prior experience,"[""English"", ""Hindi"", ""Kannada""]",No preference,Urban
CAND2026-00040,Undergraduate,B.Tech,Mechanical Engineering,2026,5.8,"[""AutoCAD"", ""SolidWorks"", ""Manufacturing"", ""Quality Control"", ""MS Excel"", ""Testing""]","[""Manufacturing"", ""Automobile"", ""Infrastructure""]","[""Manufacturing"", ""Automobile"", ""Infrastructure""]","[""Uttar Pradesh""]","[""Noida""]",Hybrid,6,Academic project experience,"[""English"", ""Hindi""]",No preference,Urban
CAND2026-00041,Undergraduate,B.Tech,Automobile Engineering,2027,7.1,"[""Automobile Engineering"", ""Diagnostics""]","[""Automobile"", ""Manufacturing"", ""Renewable Energy""]","[""Automobile"", ""Manufacturing"", ""Renewable Energy""]","[""Bihar"", ""Jharkhand""]","[""Patna"", ""Jamshedpur""]",On-site,2,No prior experience,"[""English"", ""Hindi""]",No preference,Rural
CAND2026-00042,Undergraduate,B.Tech,Electronics and Communication,2028,8.4,"[""Embedded C"", ""Microcontrollers""]","[""Electronics"", ""Telecommunications"", ""IT""]","[""Electronics"", ""Telecommunications"", ""IT""]","[""Tripura""]","[""Agartala""]",Hybrid,3,No prior experience,"[""English"", ""Hindi"", ""Bengali""]",No preference,Rural
CAND2026-00043,Undergraduate,B.Tech,Electrical Engineering,2026,5.8,"[""Electrical Safety"", ""Solar Energy""]","[""Renewable Energy"", ""Electronics"", ""Infrastructure""]","[""Renewable Energy"", ""Electronics"", ""Infrastructure""]","[""Telangana""]","[""Hyderabad""]",Remote,3,Academic project experience,"[""English"", ""Hindi"", ""Telugu""]",No preference,Urban
CAND2026-00044,Undergraduate,B.Com,Commerce,2027,7.1,"[""MS Excel"", ""Accounting"", ""Tally"", ""Financial Analysis""]","[""Finance"", ""Accounting"", ""Banking""]","[""Finance"", ""Banking"", ""Marketing""]","[""Uttar Pradesh""]","[""Varanasi""]",On-site,4,No prior experience,"[""English"", ""Hindi""]",No preference,Urban
CAND2026-00045,Undergraduate,BBA,Business Administration,2028,8.4,"[""MS Excel"", ""Communication"", ""Financial Analysis"", ""Digital Marketing""]","[""Finance"", ""Marketing"", ""HR""]","[""Finance"", ""Marketing"", ""HR"", ""Logistics""]","[""Jharkhand"", ""Madhya Pradesh""]","[""Ranchi"", ""Indore""]",Hybrid,6,0-1 internship experience,"[""English"", ""Hindi""]",No preference,Urban
CAND2026-00046,Undergraduate,B.Sc.,Agriculture,2026,5.8,"[""Agriculture"", ""Field Survey"", ""Data Collection"", ""MS Excel""]","[""Agriculture Technology"", ""Rural Development"", ""Sustainability""]","[""Agriculture"", ""Rural Development"", ""Renewable Energy""]","[""Jammu and Kashmir""]","[""Srinagar""]",On-site,2,Academic project experience,"[""English"", ""Hindi"", ""Urdu""]",No preference,Rural
CAND2026-00047,Undergraduate,B.Sc.,Data Science,2027,7.1,"[""Python"", ""SQL"", ""Data Analysis"", ""Power BI""]","[""Data Science"", ""Business Intelligence"", ""AI/ML""]","[""Data Science"", ""AI/ML"", ""IT""]","[""Maharashtra""]","[""Pune""]",Hybrid,3,No prior experience,"[""English"", ""Hindi"", ""Marathi""]",No preference,Rural
CAND2026-00048,Undergraduate,BCA,Computer Applications,2028,8.4,"[""Python"", ""JavaScript"", ""SQL"", ""React"", ""MS Excel"", ""Git""]","[""Software Development"", ""IT"", ""Data Science""]","[""Software Development"", ""IT"", ""Data Science""]","[""Rajasthan""]","[""Udaipur""]",Remote,3,No prior experience,"[""English"", ""Hindi""]",No preference,Urban
CAND2026-00049,Diploma,Diploma,Civil Engineering,2025,8.9,"[""AutoCAD"", ""Site Survey"", ""MS Excel"", ""Documentation"", ""Project Management"", ""Testing""]","[""Infrastructure"", ""Construction"", ""Urban Development""]","[""Infrastructure"", ""Manufacturing"", ""Renewable Energy""]","[""Madhya Pradesh"", ""Kerala""]","[""Bhopal"", ""Kochi""]",On-site,4,Academic project experience,"[""Hindi"", ""English""]",Accessible workplace preferred,Urban
CAND2026-00050,Diploma,Diploma,Electrical Engineering,2026,6.2,"[""Electrical Safety"", ""Solar Energy"", ""Testing"", ""Troubleshooting"", ""MS Excel"", ""AutoCAD""]","[""Renewable Energy"", ""Electronics"", ""Infrastructure""]","[""Renewable Energy"", ""Electronics"", ""Telecommunications""]","[""Himachal Pradesh""]","[""Shimla""]",Hybrid,6,No prior experience,"[""Hindi"", ""English""]",No preference,Urban
CAND2026-00051,Undergraduate,BA,Public Administration,2028,8.4,"[""MS Excel"", ""Documentation""]","[""Government"", ""E-Governance"", ""Rural Development""]","[""Government"", ""E-Governance"", ""Rural Development""]","[""Maharashtra""]","[""Mumbai""]",On-site,2,No prior experience,"[""Hindi"", ""English"", ""Marathi""]",No preference,Rural
CAND2026-00052,Undergraduate,BA,Social Work,2026,5.8,"[""Field Survey"", ""Community Engagement""]","[""Rural Development"", ""Education"", ""Healthcare""]","[""Rural Development"", ""Education"", ""Healthcare"", ""Government""]","[""Gujarat""]","[""Surat""]",Hybrid,3,Academic project experience,"[""Hindi"", ""English"", ""Gujarati""]",No preference,Rural
CAND2026-00053,Undergraduate,B.Sc.,Nursing,2027,7.1,"[""Patient Support"", ""Documentation""]","[""Healthcare"", ""Public Health""]","[""Healthcare"", ""Government"", ""Education""]","[""Chhattisgarh"", ""Assam""]","[""Raipur"", ""Guwahati""]",Remote,3,No prior experience,"[""English"", ""Hindi""]",No preference,Urban
CAND2026-00054,Undergraduate,BA,Tourism,2028,8.4,"[""Customer Service"", ""Communication"", ""Tourism Operations"", ""Content Writing""]","[""Tourism"", ""Hospitality"", ""Marketing""]","[""Tourism"", ""Marketing"", ""Logistics""]","[""Andhra Pradesh""]","[""Visakhapatnam""]",On-site,4,No prior experience,"[""English"", ""Hindi"", ""Telugu""]",No preference,Urban
CAND2026-00055,Undergraduate,B.Tech,Computer Science,2026,5.8,"[""Python"", ""SQL"", ""Data Analysis"", ""Git""]","[""Data Science"", ""Software Development"", ""AI/ML""]","[""IT"", ""Software Development"", ""Data Science"", ""AI/ML""]","[""Tamil Nadu""]","[""Madurai""]",Hybrid,6,Academic project experience,"[""English"", ""Hindi"", ""Tamil""]",No preference,Urban
CAND2026-00056,Undergraduate,B.Tech,Information Technology,2027,7.1,"[""Python"", ""JavaScript"", ""React"", ""SQL""]","[""Software Development"", ""Cybersecurity"", ""IT""]","[""Software Development"", ""Cybersecurity"", ""IT""]","[""Odisha""]","[""Bhubaneswar""]",On-site,2,0-1 internship experience,"[""English"", ""Hindi"", ""Odia""]",No preference,Rural
CAND2026-00057,Undergraduate,B.Tech,Artificial Intelligence,2028,8.4,"[""Python"", ""Machine Learning"", ""Pandas"", ""Scikit-learn""]","[""AI/ML"", ""Data Science""]","[""AI/ML"", ""Data Science"", ""Software Development""]","[""Assam"", ""Tripura""]","[""Guwahati"", ""Agartala""]",Hybrid,3,No prior experience,"[""English"", ""Hindi"", ""Assamese""]",No preference,Rural
CAND2026-00058,Undergraduate,B.Tech,Mechanical Engineering,2026,5.8,"[""AutoCAD"", ""SolidWorks"", ""Manufacturing"", ""Quality Control"", ""MS Excel"", ""Testing""]","[""Manufacturing"", ""Automobile"", ""Infrastructure""]","[""Manufacturing"", ""Automobile"", ""Infrastructure""]","[""Karnataka""]","[""Bengaluru""]",Remote,3,Academic project experience,"[""English"", ""Hindi"", ""Kannada""]",No preference,Urban
CAND2026-00059,Undergraduate,B.Tech,Automobile Engineering,2027,7.1,"[""Automobile Engineering"", ""Diagnostics"", ""AutoCAD"", ""Testing"", ""Electrical Safety""]","[""Automobile"", ""Manufacturing"", ""Renewable Energy""]","[""Automobile"", ""Manufacturing"", ""Renewable Energy""]","[""Uttar Pradesh""]","[""Noida""]",On-site,4,No prior experience,"[""English"", ""Hindi""]",No preference,Urban
CAND2026-00060,Undergraduate,B.Tech,Electronics and Communication,2028,8.4,"[""Embedded C"", ""Microcontrollers"", ""Networking"", ""PCB Design"", ""Troubleshooting"", ""Arduino""]","[""Electronics"", ""Telecommunications"", ""IT""]","[""Electronics"", ""Telecommunications"", ""IT""]","[""Bihar""]","[""Patna""]",Hybrid,6,No prior experience,"[""English"", ""Hindi""]",No preference,Urban
CAND2026-00061,Undergraduate,B.Tech,Electrical Engineering,2026,5.8,"[""Electrical Safety"", ""Solar Energy""]","[""Renewable Energy"", ""Electronics"", ""Infrastructure""]","[""Renewable Energy"", ""Electronics"", ""Infrastructure""]","[""Tripura"", ""Jammu and Kashmir""]","[""Agartala"", ""Srinagar""]",On-site,2,Academic project experience,"[""English"", ""Hindi"", ""Bengali""]",Accessible workplace preferred,Rural
CAND2026-00062,Undergraduate,B.Com,Commerce,2027,7.1,"[""MS Excel"", ""Accounting""]","[""Finance"", ""Accounting"", ""Banking""]","[""Finance"", ""Banking"", ""Marketing""]","[""Telangana""]","[""Hyderabad""]",Hybrid,3,No prior experience,"[""English"", ""Hindi"", ""Telugu""]",No preference,Rural
CAND2026-00063,Undergraduate,BBA,Business Administration,2028,8.4,"[""MS Excel"", ""Communication""]","[""Finance"", ""Marketing"", ""HR""]","[""Finance"", ""Marketing"", ""HR"", ""Logistics""]","[""Uttar Pradesh""]","[""Varanasi""]",Remote,3,No prior experience,"[""English"", ""Hindi""]",No preference,Urban
CAND2026-00064,Undergraduate,B.Sc.,Agriculture,2026,5.8,"[""Agriculture"", ""Field Survey"", ""Data Collection"", ""MS Excel""]","[""Agriculture Technology"", ""Rural Development"", ""Sustainability""]","[""Agriculture"", ""Rural Development"", ""Renewable Energy""]","[""Jharkhand""]","[""Ranchi""]",On-site,4,Academic project experience,"[""English"", ""Hindi""]",No preference,Urban
CAND2026-00065,Undergraduate,B.Sc.,Data Science,2027,7.1,"[""Python"", ""SQL"", ""Data Analysis"", ""Power BI""]","[""Data Science"", ""Business Intelligence"", ""AI/ML""]","[""Data Science"", ""AI/ML"", ""IT""]","[""Jammu and Kashmir"", ""Himachal Pradesh""]","[""Srinagar"", ""Shimla""]",Hybrid,6,No prior experience,"[""English"", ""Hindi"", ""Urdu""]",No preference,Urban
CAND2026-00066,Undergraduate,BCA,Computer Applications,2028,8.4,"[""Python"", ""JavaScript"", ""SQL"", ""React""]","[""Software Development"", ""IT"", ""Data Science""]","[""Software Development"", ""IT"", ""Data Science""]","[""Maharashtra""]","[""Pune""]",On-site,2,No prior experience,"[""English"", ""Hindi"", ""Marathi""]",No preference,Rural
CAND2026-00067,Diploma,Diploma,Civil Engineering,2027,5.9,"[""AutoCAD"", ""Site Survey"", ""MS Excel"", ""Documentation""]","[""Infrastructure"", ""Construction"", ""Urban Development""]","[""Infrastructure"", ""Manufacturing"", ""Renewable Energy""]","[""Rajasthan""]","[""Udaipur""]",Hybrid,3,0-1 internship experience,"[""Hindi"", ""English""]",No preference,Rural
CAND2026-00068,Diploma,Diploma,Electrical Engineering,2028,7.0,"[""Electrical Safety"", ""Solar Energy"", ""Testing"", ""Troubleshooting"", ""MS Excel"", ""AutoCAD""]","[""Renewable Energy"", ""Electronics"", ""Infrastructure""]","[""Renewable Energy"", ""Electronics"", ""Telecommunications""]","[""Madhya Pradesh""]","[""Bhopal""]",Remote,3,No prior experience,"[""Hindi"", ""English""]",No preference,Urban
CAND2026-00069,Undergraduate,BA,Public Administration,2028,8.4,"[""MS Excel"", ""Documentation"", ""Communication"", ""Research"", ""Data Entry"", ""Digital Literacy""]","[""Government"", ""E-Governance"", ""Rural Development""]","[""Government"", ""E-Governance"", ""Rural Development""]","[""Himachal Pradesh"", ""Andhra Pradesh""]","[""Shimla"", ""Visakhapatnam""]",On-site,4,No prior experience,"[""Hindi"", ""English""]",No preference,Urban
CAND2026-00070,Undergraduate,BA,Social Work,2026,5.8,"[""Field Survey"", ""Community Engagement"", ""Communication"", ""Data Collection"", ""Documentation"", ""MS Excel""]","[""Rural Development"", ""Education"", ""Healthcare""]","[""Rural Development"", ""Education"", ""Healthcare"", ""Government""]","[""Maharashtra""]","[""Mumbai""]",Hybrid,6,Academic project experience,"[""Hindi"", ""English"", ""Marathi""]",No preference,Urban
CAND2026-00071,Undergraduate,B.Sc.,Nursing,2027,7.1,"[""Patient Support"", ""Documentation""]","[""Healthcare"", ""Public Health""]","[""Healthcare"", ""Government"", ""Education""]","[""Gujarat""]","[""Surat""]",On-site,2,No prior experience,"[""English"", ""Hindi"", ""Gujarati""]",No preference,Rural
CAND2026-00072,Undergraduate,BA,Tourism,2028,8.4,"[""Customer Service"", ""Communication""]","[""Tourism"", ""Hospitality"", ""Marketing""]","[""Tourism"", ""Marketing"", ""Logistics""]","[""Chhattisgarh""]","[""Raipur""]",Hybrid,3,No prior experience,"[""English"", ""Hindi""]",No preference,Rural
CAND2026-00073,Undergraduate,B.Tech,Computer Science,2026,5.8,"[""Python"", ""SQL""]","[""Data Science"", ""Software Development"", ""AI/ML""]","[""IT"", ""Software Development"", ""Data Science"", ""AI/ML""]","[""Andhra Pradesh"", ""Goa""]","[""Vijayawada"", ""Panaji""]",Remote,3,Academic project experience,"[""English"", ""Hindi"", ""Telugu""]",Accessible workplace preferred,Urban
CAND2026-00074,Undergraduate,B.Tech,Information Technology,2027,7.1,"[""Python"", ""JavaScript"", ""React"", ""SQL""]","[""Software Development"", ""Cybersecurity"", ""IT""]","[""Software Development"", ""Cybersecurity"", ""IT""]","[""Tamil Nadu""]","[""Madurai""]",On-site,4,No prior experience,"[""English"", ""Hindi"", ""Tamil""]",No preference,Urban
CAND2026-00075,Undergraduate,B.Tech,Artificial Intelligence,2028,8.4,"[""Python"", ""Machine Learning"", ""Pandas"", ""Scikit-learn""]","[""AI/ML"", ""Data Science""]","[""AI/ML"", ""Data Science"", ""Software Development""]","[""Odisha""]","[""Bhubaneswar""]",Hybrid,6,No prior experience,"[""English"", ""Hindi"", ""Odia""]",No preference,Urban
CAND2026-00076,Undergraduate,B.Tech,Mechanical Engineering,2026,5.8,"[""AutoCAD"", ""SolidWorks"", ""Manufacturing"", ""Quality Control""]","[""Manufacturing"", ""Automobile"", ""Infrastructure""]","[""Manufacturing"", ""Automobile"", ""Infrastructure""]","[""Assam""]","[""Guwahati""]",On-site,2,Academic project experience,"[""English"", ""Hindi"", ""Assamese""]",No preference,Rural
CAND2026-00077,Undergraduate,B.Tech,Automobile Engineering,2027,7.1,"[""Automobile Engineering"", ""Diagnostics"", ""AutoCAD"", ""Testing""]","[""Automobile"", ""Manufacturing"", ""Renewable Energy""]","[""Automobile"", ""Manufacturing"", ""Renewable Energy""]","[""Karnataka"", ""Karnataka""]","[""Bengaluru"", ""Mysuru""]",Hybrid,3,No prior experience,"[""English"", ""Hindi"", ""Kannada""]",No preference,Rural
CAND2026-00078,Undergraduate,B.Tech,Electronics and Communication,2028,8.4,"[""Embedded C"", ""Microcontrollers"", ""Networking"", ""PCB Design"", ""Troubleshooting"", ""Arduino""]","[""Electronics"", ""Telecommunications"", ""IT""]","[""Electronics"", ""Telecommunications"", ""IT""]","[""Uttar Pradesh""]","[""Noida""]",Remote,3,0-1 internship experience,"[""English"", ""Hindi""]",No preference,Urban
CAND2026-00079,Undergraduate,B.Tech,Electrical Engineering,2026,5.8,"[""Electrical Safety"", ""Solar Energy"", ""AutoCAD"", ""MS Excel"", ""Testing"", ""Microcontrollers""]","[""Renewable Energy"", ""Electronics"", ""Infrastructure""]","[""Renewable Energy"", ""Electronics"", ""Infrastructure""]","[""Bihar""]","[""Patna""]",On-site,4,Academic project experience,"[""English"", ""Hindi""]",No preference,Urban
CAND2026-00080,Undergraduate,B.Com,Commerce,2027,7.1,"[""MS Excel"", ""Accounting"", ""Tally"", ""Financial Analysis"", ""Communication"", ""Documentation""]","[""Finance"", ""Accounting"", ""Banking""]","[""Finance"", ""Banking"", ""Marketing""]","[""Tripura""]","[""Agartala""]",Hybrid,6,No prior experience,"[""English"", ""Hindi"", ""Bengali""]",No preference,Urban
CAND2026-00081,Undergraduate,BBA,Business Administration,2028,8.4,"[""MS Excel"", ""Communication""]","[""Finance"", ""Marketing"", ""HR""]","[""Finance"", ""Marketing"", ""HR"", ""Logistics""]","[""Telangana"", ""Telangana""]","[""Hyderabad"", ""Warangal""]",On-site,2,No prior experience,"[""English"", ""Hindi"", ""Telugu""]",No preference,Rural
CAND2026-00082,Undergraduate,B.Sc.,Agriculture,2026,5.8,"[""Agriculture"", ""Field Survey""]","[""Agriculture Technology"", ""Rural Development"", ""Sustainability""]","[""Agriculture"", ""Rural Development"", ""Renewable Energy""]","[""Uttar Pradesh""]","[""Varanasi""]",Hybrid,3,Academic project experience,"[""English"", ""Hindi""]",No preference,Rural
CAND2026-00083,Undergraduate,B.Sc.,Data Science,2027,7.1,"[""Python"", ""SQL""]","[""Data Science"", ""Business Intelligence"", ""AI/ML""]","[""Data Science"", ""AI/ML"", ""IT""]","[""Jharkhand""]","[""Ranchi""]",Remote,3,No prior experience,"[""English"", ""Hindi""]",No preference,Urban
CAND2026-00084,Undergraduate,BCA,Computer Applications,2028,8.4,"[""Python"", ""JavaScript"", ""SQL"", ""React""]","[""Software Development"", ""IT"", ""Data Science""]","[""Software Development"", ""IT"", ""Data Science""]","[""Jammu and Kashmir""]","[""Srinagar""]",On-site,4,No prior experience,"[""English"", ""Hindi"", ""Urdu""]",No preference,Urban
CAND2026-00085,Diploma,Diploma,Civil Engineering,2025,6.7,"[""AutoCAD"", ""Site Survey"", ""MS Excel"", ""Documentation""]","[""Infrastructure"", ""Construction"", ""Urban Development""]","[""Infrastructure"", ""Manufacturing"", ""Renewable Energy""]","[""Maharashtra"", ""Maharashtra""]","[""Pune"", ""Nagpur""]",Hybrid,6,Academic project experience,"[""Hindi"", ""English"", ""Marathi""]",Accessible workplace preferred,Urban
CAND2026-00086,Diploma,Diploma,Electrical Engineering,2026,7.8,"[""Electrical Safety"", ""Solar Energy"", ""Testing"", ""Troubleshooting""]","[""Renewable Energy"", ""Electronics"", ""Infrastructure""]","[""Renewable Energy"", ""Electronics"", ""Telecommunications""]","[""Rajasthan""]","[""Udaipur""]",On-site,2,No prior experience,"[""Hindi"", ""English""]",No preference,Rural
CAND2026-00087,Undergraduate,BA,Public Administration,2028,8.4,"[""MS Excel"", ""Documentation"", ""Communication"", ""Research""]","[""Government"", ""E-Governance"", ""Rural Development""]","[""Government"", ""E-Governance"", ""Rural Development""]","[""Madhya Pradesh""]","[""Bhopal""]",Hybrid,3,No prior experience,"[""Hindi"", ""English""]",No preference,Rural
CAND2026-00088,Undergraduate,BA,Social Work,2026,5.8,"[""Field Survey"", ""Community Engagement"", ""Communication"", ""Data Collection"", ""Documentation"", ""MS Excel""]","[""Rural Development"", ""Education"", ""Healthcare""]","[""Rural Development"", ""Education"", ""Healthcare"", ""Government""]","[""Himachal Pradesh""]","[""Shimla""]",Remote,3,Academic project experience,"[""Hindi"", ""English""]",No preference,Urban
CAND2026-00089,Undergraduate,B.Sc.,Nursing,2027,7.1,"[""Patient Support"", ""Documentation"", ""Communication"", ""MS Excel"", ""Data Entry"", ""Teamwork""]","[""Healthcare"", ""Public Health""]","[""Healthcare"", ""Government"", ""Education""]","[""Maharashtra"", ""Tamil Nadu""]","[""Mumbai"", ""Chennai""]",On-site,4,0-1 internship experience,"[""English"", ""Hindi"", ""Marathi""]",No preference,Urban
CAND2026-00090,Undergraduate,BA,Tourism,2028,8.4,"[""Customer Service"", ""Communication"", ""Tourism Operations"", ""Content Writing"", ""MS Excel"", ""Documentation""]","[""Tourism"", ""Hospitality"", ""Marketing""]","[""Tourism"", ""Marketing"", ""Logistics""]","[""Gujarat""]","[""Surat""]",Hybrid,6,No prior experience,"[""English"", ""Hindi"", ""Gujarati""]",No preference,Urban
CAND2026-00091,Undergraduate,B.Tech,Computer Science,2026,5.8,"[""Python"", ""SQL""]","[""Data Science"", ""Software Development"", ""AI/ML""]","[""IT"", ""Software Development"", ""Data Science"", ""AI/ML""]","[""Kerala""]","[""Kochi""]",On-site,2,Academic project experience,"[""English"", ""Hindi"", ""Malayalam""]",No preference,Rural
CAND2026-00092,Undergraduate,B.Tech,Information Technology,2027,7.1,"[""Python"", ""JavaScript""]","[""Software Development"", ""Cybersecurity"", ""IT""]","[""Software Development"", ""Cybersecurity"", ""IT""]","[""Andhra Pradesh""]","[""Vijayawada""]",Hybrid,3,No prior experience,"[""English"", ""Hindi"", ""Telugu""]",No preference,Rural
CAND2026-00093,Undergraduate,B.Tech,Artificial Intelligence,2028,8.4,"[""Python"", ""Machine Learning""]","[""AI/ML"", ""Data Science""]","[""AI/ML"", ""Data Science"", ""Software Development""]","[""Tamil Nadu"", ""Tamil Nadu""]","[""Madurai"", ""Madurai""]",Remote,3,No prior experience,"[""English"", ""Hindi"", ""Tamil""]",No preference,Urban
CAND2026-00094,Undergraduate,B.Tech,Mechanical Engineering,2026,5.8,"[""AutoCAD"", ""SolidWorks"", ""Manufacturing"", ""Quality Control""]","[""Manufacturing"", ""Automobile"", ""Infrastructure""]","[""Manufacturing"", ""Automobile"", ""Infrastructure""]","[""Odisha""]","[""Bhubaneswar""]",On-site,4,Academic project experience,"[""English"", ""Hindi"", ""Odia""]",No preference,Urban
CAND2026-00095,Undergraduate,B.Tech,Automobile Engineering,2027,7.1,"[""Automobile Engineering"", ""Diagnostics"", ""AutoCAD"", ""Testing""]","[""Automobile"", ""Manufacturing"", ""Renewable Energy""]","[""Automobile"", ""Manufacturing"", ""Renewable Energy""]","[""Assam""]","[""Guwahati""]",Hybrid,6,No prior experience,"[""English"", ""Hindi"", ""Assamese""]",No preference,Urban
CAND2026-00096,Undergraduate,B.Tech,Electronics and Communication,2028,8.4,"[""Embedded C"", ""Microcontrollers"", ""Networking"", ""PCB Design""]","[""Electronics"", ""Telecommunications"", ""IT""]","[""Electronics"", ""Telecommunications"", ""IT""]","[""Karnataka""]","[""Bengaluru""]",On-site,2,No prior experience,"[""English"", ""Hindi"", ""Kannada""]",No preference,Rural
CAND2026-00097,Undergraduate,B.Tech,Electrical Engineering,2026,5.8,"[""Electrical Safety"", ""Solar Energy"", ""AutoCAD"", ""MS Excel""]","[""Renewable Energy"", ""Electronics"", ""Infrastructure""]","[""Renewable Energy"", ""Electronics"", ""Infrastructure""]","[""Uttar Pradesh"", ""Uttar Pradesh""]","[""Noida"", ""Noida""]",Hybrid,3,Academic project experience,"[""English"", ""Hindi""]",Accessible workplace preferred,Rural
CAND2026-00098,Undergraduate,B.Com,Commerce,2027,7.1,"[""MS Excel"", ""Accounting"", ""Tally"", ""Financial Analysis"", ""Communication"", ""Documentation""]","[""Finance"", ""Accounting"", ""Banking""]","[""Finance"", ""Banking"", ""Marketing""]","[""Bihar""]","[""Patna""]",Remote,3,No prior experience,"[""English"", ""Hindi""]",No preference,Urban
CAND2026-00099,Undergraduate,BBA,Business Administration,2028,8.4,"[""MS Excel"", ""Communication"", ""Financial Analysis"", ""Digital Marketing"", ""Project Management"", ""Documentation""]","[""Finance"", ""Marketing"", ""HR""]","[""Finance"", ""Marketing"", ""HR"", ""Logistics""]","[""Tripura""]","[""Agartala""]",On-site,4,No prior experience,"[""English"", ""Hindi"", ""Bengali""]",No preference,Urban
CAND2026-00100,Undergraduate,B.Sc.,Agriculture,2026,5.8,"[""Agriculture"", ""Field Survey"", ""Data Collection"", ""MS Excel"", ""Community Engagement"", ""Communication""]","[""Agriculture Technology"", ""Rural Development"", ""Sustainability""]","[""Agriculture"", ""Rural Development"", ""Renewable Energy""]","[""Telangana""]","[""Hyderabad""]",Hybrid,6,0-1 internship experience,"[""English"", ""Hindi"", ""Telugu""]",No preference,Urban
CAND2026-00101,Undergraduate,B.Sc.,Data Science,2027,7.1,"[""Python"", ""SQL""]","[""Data Science"", ""Business Intelligence"", ""AI/ML""]","[""Data Science"", ""AI/ML"", ""IT""]","[""Uttar Pradesh"", ""Uttar Pradesh""]","[""Varanasi"", ""Varanasi""]",On-site,2,No prior experience,"[""English"", ""Hindi""]",No preference,Rural
CAND2026-00102,Undergraduate,BCA,Computer Applications,2028,8.4,"[""Python"", ""JavaScript""]","[""Software Development"", ""IT"", ""Data Science""]","[""Software Development"", ""IT"", ""Data Science""]","[""Jharkhand""]","[""Ranchi""]",Hybrid,3,No prior experience,"[""English"", ""Hindi""]",No preference,Rural
CAND2026-00103,Diploma,Diploma,Civil Engineering,2027,7.5,"[""AutoCAD"", ""Site Survey""]","[""Infrastructure"", ""Construction"", ""Urban Development""]","[""Infrastructure"", ""Manufacturing"", ""Renewable Energy""]","[""Jammu and Kashmir""]","[""Srinagar""]",Remote,3,Academic project experience,"[""Hindi"", ""English"", ""Urdu""]",No preference,Urban
CAND2026-00104,Diploma,Diploma,Electrical Engineering,2028,8.6,"[""Electrical Safety"", ""Solar Energy"", ""Testing"", ""Troubleshooting""]","[""Renewable Energy"", ""Electronics"", ""Infrastructure""]","[""Renewable Energy"", ""Electronics"", ""Telecommunications""]","[""Maharashtra""]","[""Pune""]",On-site,4,No prior experience,"[""Hindi"", ""English"", ""Marathi""]",No preference,Urban
CAND2026-00105,Undergraduate,BA,Public Administration,2028,8.4,"[""MS Excel"", ""Documentation"", ""Communication"", ""Research""]","[""Government"", ""E-Governance"", ""Rural Development""]","[""Government"", ""E-Governance"", ""Rural Development""]","[""Rajasthan"", ""Rajasthan""]","[""Udaipur"", ""Udaipur""]",Hybrid,6,No prior experience,"[""Hindi"", ""English""]",No preference,Urban
CAND2026-00106,Undergraduate,BA,Social Work,2026,5.8,"[""Field Survey"", ""Community Engagement"", ""Communication"", ""Data Collection""]","[""Rural Development"", ""Education"", ""Healthcare""]","[""Rural Development"", ""Education"", ""Healthcare"", ""Government""]","[""Madhya Pradesh""]","[""Bhopal""]",On-site,2,Academic project experience,"[""Hindi"", ""English""]",No preference,Rural
CAND2026-00107,Undergraduate,B.Sc.,Nursing,2027,7.1,"[""Patient Support"", ""Documentation"", ""Communication"", ""MS Excel""]","[""Healthcare"", ""Public Health""]","[""Healthcare"", ""Government"", ""Education""]","[""Himachal Pradesh""]","[""Shimla""]",Hybrid,3,No prior experience,"[""English"", ""Hindi""]",No preference,Rural
CAND2026-00108,Undergraduate,BA,Tourism,2028,8.4,"[""Customer Service"", ""Communication"", ""Tourism Operations"", ""Content Writing"", ""MS Excel"", ""Documentation""]","[""Tourism"", ""Hospitality"", ""Marketing""]","[""Tourism"", ""Marketing"", ""Logistics""]","[""Maharashtra""]","[""Mumbai""]",Remote,3,No prior experience,"[""English"", ""Hindi"", ""Marathi""]",No preference,Urban
CAND2026-00109,Undergraduate,B.Tech,Computer Science,2026,5.8,"[""Python"", ""SQL"", ""Data Analysis"", ""Git"", ""React"", ""Machine Learning""]","[""Data Science"", ""Software Development"", ""AI/ML""]","[""IT"", ""Software Development"", ""Data Science"", ""AI/ML""]","[""West Bengal"", ""Gujarat""]","[""Kolkata"", ""Surat""]",On-site,4,Academic project experience,"[""English"", ""Hindi"", ""Bengali""]",Accessible workplace preferred,Urban
CAND2026-00110,Undergraduate,B.Tech,Information Technology,2027,7.1,"[""Python"", ""JavaScript"", ""React"", ""SQL"", ""Networking"", ""Git""]","[""Software Development"", ""Cybersecurity"", ""IT""]","[""Software Development"", ""Cybersecurity"", ""IT""]","[""Kerala""]","[""Kochi""]",Hybrid,6,No prior experience,"[""English"", ""Hindi"", ""Malayalam""]",No preference,Urban
CAND2026-00111,Undergraduate,B.Tech,Artificial Intelligence,2028,8.4,"[""Python"", ""Machine Learning""]","[""AI/ML"", ""Data Science""]","[""AI/ML"", ""Data Science"", ""Software Development""]","[""Andhra Pradesh""]","[""Vijayawada""]",On-site,2,0-1 internship experience,"[""English"", ""Hindi"", ""Telugu""]",No preference,Rural
CAND2026-00112,Undergraduate,B.Tech,Mechanical Engineering,2026,5.8,"[""AutoCAD"", ""SolidWorks""]","[""Manufacturing"", ""Automobile"", ""Infrastructure""]","[""Manufacturing"", ""Automobile"", ""Infrastructure""]","[""Tamil Nadu""]","[""Madurai""]",Hybrid,3,Academic project experience,"[""English"", ""Hindi"", ""Tamil""]",No preference,Rural
CAND2026-00113,Undergraduate,B.Tech,Automobile Engineering,2027,7.1,"[""Automobile Engineering"", ""Diagnostics""]","[""Automobile"", ""Manufacturing"", ""Renewable Energy""]","[""Automobile"", ""Manufacturing"", ""Renewable Energy""]","[""Odisha"", ""West Bengal""]","[""Bhubaneswar"", ""Siliguri""]",Remote,3,No prior experience,"[""English"", ""Hindi"", ""Odia""]",No preference,Urban
CAND2026-00114,Undergraduate,B.Tech,Electronics and Communication,2028,8.4,"[""Embedded C"", ""Microcontrollers"", ""Networking"", ""PCB Design""]","[""Electronics"", ""Telecommunications"", ""IT""]","[""Electronics"", ""Telecommunications"", ""IT""]","[""Assam""]","[""Guwahati""]",On-site,4,No prior experience,"[""English"", ""Hindi"", ""Assamese""]",No preference,Urban
CAND2026-00115,Undergraduate,B.Tech,Electrical Engineering,2026,5.8,"[""Electrical Safety"", ""Solar Energy"", ""AutoCAD"", ""MS Excel""]","[""Renewable Energy"", ""Electronics"", ""Infrastructure""]","[""Renewable Energy"", ""Electronics"", ""Infrastructure""]","[""Karnataka""]","[""Bengaluru""]",Hybrid,6,Academic project experience,"[""English"", ""Hindi"", ""Kannada""]",No preference,Urban
CAND2026-00116,Undergraduate,B.Com,Commerce,2027,7.1,"[""MS Excel"", ""Accounting"", ""Tally"", ""Financial Analysis""]","[""Finance"", ""Accounting"", ""Banking""]","[""Finance"", ""Banking"", ""Marketing""]","[""Uttar Pradesh""]","[""Noida""]",On-site,2,No prior experience,"[""English"", ""Hindi""]",No preference,Rural
CAND2026-00117,Undergraduate,BBA,Business Administration,2028,8.4,"[""MS Excel"", ""Communication"", ""Financial Analysis"", ""Digital Marketing""]","[""Finance"", ""Marketing"", ""HR""]","[""Finance"", ""Marketing"", ""HR"", ""Logistics""]","[""Bihar"", ""Odisha""]","[""Patna"", ""Cuttack""]",Hybrid,3,No prior experience,"[""English"", ""Hindi""]",No preference,Rural
CAND2026-00118,Undergraduate,B.Sc.,Agriculture,2026,5.8,"[""Agriculture"", ""Field Survey"", ""Data Collection"", ""MS Excel"", ""Community Engagement"", ""Communication""]","[""Agriculture Technology"", ""Rural Development"", ""Sustainability""]","[""Agriculture"", ""Rural Development"", ""Renewable Energy""]","[""Tripura""]","[""Agartala""]",Remote,3,Academic project experience,"[""English"", ""Hindi"", ""Bengali""]",No preference,Urban
CAND2026-00119,Undergraduate,B.Sc.,Data Science,2027,7.1,"[""Python"", ""SQL"", ""Data Analysis"", ""Power BI"", ""Pandas"", ""MS Excel""]","[""Data Science"", ""Business Intelligence"", ""AI/ML""]","[""Data Science"", ""AI/ML"", ""IT""]","[""Telangana""]","[""Hyderabad""]",On-site,4,No prior experience,"[""English"", ""Hindi"", ""Telugu""]",No preference,Urban
CAND2026-00120,Undergraduate,BCA,Computer Applications,2028,8.4,"[""Python"", ""JavaScript"", ""SQL"", ""React"", ""MS Excel"", ""Git""]","[""Software Development"", ""IT"", ""Data Science""]","[""Software Development"", ""IT"", ""Data Science""]","[""Uttar Pradesh""]","[""Varanasi""]",Hybrid,6,No prior experience,"[""English"", ""Hindi""]",No preference,Urban
CAND2026-00121,Diploma,Diploma,Civil Engineering,2025,8.3,"[""AutoCAD"", ""Site Survey""]","[""Infrastructure"", ""Construction"", ""Urban Development""]","[""Infrastructure"", ""Manufacturing"", ""Renewable Energy""]","[""Jharkhand"", ""Bihar""]","[""Ranchi"", ""Gaya""]",On-site,2,Academic project experience,"[""Hindi"", ""English""]",Accessible workplace preferred,Rural
CAND2026-00122,Diploma,Diploma,Electrical Engineering,2026,5.6,"[""Electrical Safety"", ""Solar Energy""]","[""Renewable Energy"", ""Electronics"", ""Infrastructure""]","[""Renewable Energy"", ""Electronics"", ""Telecommunications""]","[""Jammu and Kashmir""]","[""Srinagar""]",Hybrid,3,0-1 internship experience,"[""Hindi"", ""English"", ""Urdu""]",No preference,Rural
CAND2026-00123,Undergraduate,BA,Public Administration,2028,8.4,"[""MS Excel"", ""Documentation""]","[""Government"", ""E-Governance"", ""Rural Development""]","[""Government"", ""E-Governance"", ""Rural Development""]","[""Maharashtra""]","[""Pune""]",Remote,3,No prior experience,"[""Hindi"", ""English"", ""Marathi""]",No preference,Urban
CAND2026-00124,Undergraduate,BA,Social Work,2026,5.8,"[""Field Survey"", ""Community Engagement"", ""Communication"", ""Data Collection""]","[""Rural Development"", ""Education"", ""Healthcare""]","[""Rural Development"", ""Education"", ""Healthcare"", ""Government""]","[""Rajasthan""]","[""Udaipur""]",On-site,4,Academic project experience,"[""Hindi"", ""English""]",No preference,Urban
CAND2026-00125,Undergraduate,B.Sc.,Nursing,2027,7.1,"[""Patient Support"", ""Documentation"", ""Communication"", ""MS Excel""]","[""Healthcare"", ""Public Health""]","[""Healthcare"", ""Government"", ""Education""]","[""Madhya Pradesh"", ""Jharkhand""]","[""Bhopal"", ""Jamshedpur""]",Hybrid,6,No prior experience,"[""English"", ""Hindi""]",No preference,Urban
CAND2026-00126,Undergraduate,BA,Tourism,2028,8.4,"[""Customer Service"", ""Communication"", ""Tourism Operations"", ""Content Writing""]","[""Tourism"", ""Hospitality"", ""Marketing""]","[""Tourism"", ""Marketing"", ""Logistics""]","[""Himachal Pradesh""]","[""Shimla""]",On-site,2,No prior experience,"[""English"", ""Hindi""]",No preference,Rural
CAND2026-00127,Undergraduate,B.Tech,Computer Science,2026,5.8,"[""Python"", ""SQL"", ""Data Analysis"", ""Git""]","[""Data Science"", ""Software Development"", ""AI/ML""]","[""IT"", ""Software Development"", ""Data Science"", ""AI/ML""]","[""Tamil Nadu""]","[""Chennai""]",Hybrid,3,Academic project experience,"[""English"", ""Hindi"", ""Tamil""]",No preference,Rural
CAND2026-00128,Undergraduate,B.Tech,Information Technology,2027,7.1,"[""Python"", ""JavaScript"", ""React"", ""SQL"", ""Networking"", ""Git""]","[""Software Development"", ""Cybersecurity"", ""IT""]","[""Software Development"", ""Cybersecurity"", ""IT""]","[""West Bengal""]","[""Kolkata""]",Remote,3,No prior experience,"[""English"", ""Hindi"", ""Bengali""]",No preference,Urban
CAND2026-00129,Undergraduate,B.Tech,Artificial Intelligence,2028,8.4,"[""Python"", ""Machine Learning"", ""Pandas"", ""Scikit-learn"", ""Data Analysis"", ""SQL""]","[""AI/ML"", ""Data Science""]","[""AI/ML"", ""Data Science"", ""Software Development""]","[""Kerala"", ""Madhya Pradesh""]","[""Kochi"", ""Indore""]",On-site,4,No prior experience,"[""English"", ""Hindi"", ""Malayalam""]",No preference,Urban
CAND2026-00130,Undergraduate,B.Tech,Mechanical Engineering,2026,5.8,"[""AutoCAD"", ""SolidWorks"", ""Manufacturing"", ""Quality Control"", ""MS Excel"", ""Testing""]","[""Manufacturing"", ""Automobile"", ""Infrastructure""]","[""Manufacturing"", ""Automobile"", ""Infrastructure""]","[""Andhra Pradesh""]","[""Vijayawada""]",Hybrid,6,Academic project experience,"[""English"", ""Hindi"", ""Telugu""]",No preference,Urban
CAND2026-00131,Undergraduate,B.Tech,Automobile Engineering,2027,7.1,"[""Automobile Engineering"", ""Diagnostics""]","[""Automobile"", ""Manufacturing"", ""Renewable Energy""]","[""Automobile"", ""Manufacturing"", ""Renewable Energy""]","[""Tamil Nadu""]","[""Madurai""]",On-site,2,No prior experience,"[""English"", ""Hindi"", ""Tamil""]",No preference,Rural
CAND2026-00132,Undergraduate,B.Tech,Electronics and Communication,2028,8.4,"[""Embedded C"", ""Microcontrollers""]","[""Electronics"", ""Telecommunications"", ""IT""]","[""Electronics"", ""Telecommunications"", ""IT""]","[""Odisha""]","[""Bhubaneswar""]",Hybrid,3,No prior experience,"[""English"", ""Hindi"", ""Odia""]",No preference,Rural
CAND2026-00133,Undergraduate,B.Tech,Electrical Engineering,2026,5.8,"[""Electrical Safety"", ""Solar Energy""]","[""Renewable Energy"", ""Electronics"", ""Infrastructure""]","[""Renewable Energy"", ""Electronics"", ""Infrastructure""]","[""Assam"", ""Kerala""]","[""Guwahati"", ""Kochi""]",Remote,3,0-1 internship experience,"[""English"", ""Hindi"", ""Assamese""]",Accessible workplace preferred,Urban
CAND2026-00134,Undergraduate,B.Com,Commerce,2027,7.1,"[""MS Excel"", ""Accounting"", ""Tally"", ""Financial Analysis""]","[""Finance"", ""Accounting"", ""Banking""]","[""Finance"", ""Banking"", ""Marketing""]","[""Karnataka""]","[""Bengaluru""]",On-site,4,No prior experience,"[""English"", ""Hindi"", ""Kannada""]",No preference,Urban
CAND2026-00135,Undergraduate,BBA,Business Administration,2028,8.4,"[""MS Excel"", ""Communication"", ""Financial Analysis"", ""Digital Marketing""]","[""Finance"", ""Marketing"", ""HR""]","[""Finance"", ""Marketing"", ""HR"", ""Logistics""]","[""Uttar Pradesh""]","[""Noida""]",Hybrid,6,No prior experience,"[""English"", ""Hindi""]",No preference,Urban
CAND2026-00136,Undergraduate,B.Sc.,Agriculture,2026,5.8,"[""Agriculture"", ""Field Survey"", ""Data Collection"", ""MS Excel""]","[""Agriculture Technology"", ""Rural Development"", ""Sustainability""]","[""Agriculture"", ""Rural Development"", ""Renewable Energy""]","[""Bihar""]","[""Patna""]",On-site,2,Academic project experience,"[""English"", ""Hindi""]",No preference,Rural
CAND2026-00137,Undergraduate,B.Sc.,Data Science,2027,7.1,"[""Python"", ""SQL"", ""Data Analysis"", ""Power BI""]","[""Data Science"", ""Business Intelligence"", ""AI/ML""]","[""Data Science"", ""AI/ML"", ""IT""]","[""Tripura"", ""Assam""]","[""Agartala"", ""Guwahati""]",Hybrid,3,No prior experience,"[""English"", ""Hindi"", ""Bengali""]",No preference,Rural
CAND2026-00138,Undergraduate,BCA,Computer Applications,2028,8.4,"[""Python"", ""JavaScript"", ""SQL"", ""React"", ""MS Excel"", ""Git""]","[""Software Development"", ""IT"", ""Data Science""]","[""Software Development"", ""IT"", ""Data Science""]","[""Telangana""]","[""Hyderabad""]",Remote,3,No prior experience,"[""English"", ""Hindi"", ""Telugu""]",No preference,Urban
CAND2026-00139,Diploma,Diploma,Civil Engineering,2027,9.1,"[""AutoCAD"", ""Site Survey"", ""MS Excel"", ""Documentation"", ""Project Management"", ""Testing""]","[""Infrastructure"", ""Construction"", ""Urban Development""]","[""Infrastructure"", ""Manufacturing"", ""Renewable Energy""]","[""Uttar Pradesh""]","[""Varanasi""]",On-site,4,Academic project experience,"[""Hindi"", ""English""]",No preference,Urban
CAND2026-00140,Diploma,Diploma,Electrical Engineering,2028,6.4,"[""Electrical Safety"", ""Solar Energy"", ""Testing"", ""Troubleshooting"", ""MS Excel"", ""AutoCAD""]","[""Renewable Energy"", ""Electronics"", ""Infrastructure""]","[""Renewable Energy"", ""Electronics"", ""Telecommunications""]","[""Jharkhand""]","[""Ranchi""]",Hybrid,6,No prior experience,"[""Hindi"", ""English""]",No preference,Urban
CAND2026-00141,Undergraduate,BA,Public Administration,2028,8.4,"[""MS Excel"", ""Documentation""]","[""Government"", ""E-Governance"", ""Rural Development""]","[""Government"", ""E-Governance"", ""Rural Development""]","[""Jammu and Kashmir"", ""Tripura""]","[""Srinagar"", ""Agartala""]",On-site,2,No prior experience,"[""Hindi"", ""English"", ""Urdu""]",No preference,Rural
CAND2026-00142,Undergraduate,BA,Social Work,2026,5.8,"[""Field Survey"", ""Community Engagement""]","[""Rural Development"", ""Education"", ""Healthcare""]","[""Rural Development"", ""Education"", ""Healthcare"", ""Government""]","[""Maharashtra""]","[""Pune""]",Hybrid,3,Academic project experience,"[""Hindi"", ""English"", ""Marathi""]",No preference,Rural
CAND2026-00143,Undergraduate,B.Sc.,Nursing,2027,7.1,"[""Patient Support"", ""Documentation""]","[""Healthcare"", ""Public Health""]","[""Healthcare"", ""Government"", ""Education""]","[""Rajasthan""]","[""Udaipur""]",Remote,3,No prior experience,"[""English"", ""Hindi""]",No preference,Urban
CAND2026-00144,Undergraduate,BA,Tourism,2028,8.4,"[""Customer Service"", ""Communication"", ""Tourism Operations"", ""Content Writing""]","[""Tourism"", ""Hospitality"", ""Marketing""]","[""Tourism"", ""Marketing"", ""Logistics""]","[""Madhya Pradesh""]","[""Bhopal""]",On-site,4,0-1 internship experience,"[""English"", ""Hindi""]",No preference,Urban
CAND2026-00145,Undergraduate,B.Tech,Computer Science,2026,5.8,"[""Python"", ""SQL"", ""Data Analysis"", ""Git""]","[""Data Science"", ""Software Development"", ""AI/ML""]","[""IT"", ""Software Development"", ""Data Science"", ""AI/ML""]","[""Chandigarh"", ""Jammu and Kashmir""]","[""Chandigarh"", ""Srinagar""]",Hybrid,6,Academic project experience,"[""English"", ""Hindi"", ""Punjabi""]",Accessible workplace preferred,Urban
CAND2026-00146,Undergraduate,B.Tech,Information Technology,2027,7.1,"[""Python"", ""JavaScript"", ""React"", ""SQL""]","[""Software Development"", ""Cybersecurity"", ""IT""]","[""Software Development"", ""Cybersecurity"", ""IT""]","[""Tamil Nadu""]","[""Chennai""]",On-site,2,No prior experience,"[""English"", ""Hindi"", ""Tamil""]",No preference,Rural
CAND2026-00147,Undergraduate,B.Tech,Artificial Intelligence,2028,8.4,"[""Python"", ""Machine Learning"", ""Pandas"", ""Scikit-learn""]","[""AI/ML"", ""Data Science""]","[""AI/ML"", ""Data Science"", ""Software Development""]","[""West Bengal""]","[""Kolkata""]",Hybrid,3,No prior experience,"[""English"", ""Hindi"", ""Bengali""]",No preference,Rural
CAND2026-00148,Undergraduate,B.Tech,Mechanical Engineering,2026,5.8,"[""AutoCAD"", ""SolidWorks"", ""Manufacturing"", ""Quality Control"", ""MS Excel"", ""Testing""]","[""Manufacturing"", ""Automobile"", ""Infrastructure""]","[""Manufacturing"", ""Automobile"", ""Infrastructure""]","[""Kerala""]","[""Kochi""]",Remote,3,Academic project experience,"[""English"", ""Hindi"", ""Malayalam""]",No preference,Urban
CAND2026-00149,Undergraduate,B.Tech,Automobile Engineering,2027,7.1,"[""Automobile Engineering"", ""Diagnostics"", ""AutoCAD"", ""Testing"", ""Electrical Safety""]","[""Automobile"", ""Manufacturing"", ""Renewable Energy""]","[""Automobile"", ""Manufacturing"", ""Renewable Energy""]","[""Andhra Pradesh"", ""Himachal Pradesh""]","[""Vijayawada"", ""Shimla""]",On-site,4,No prior experience,"[""English"", ""Hindi"", ""Telugu""]",No preference,Urban
CAND2026-00150,Undergraduate,B.Tech,Electronics and Communication,2028,8.4,"[""Embedded C"", ""Microcontrollers"", ""Networking"", ""PCB Design"", ""Troubleshooting"", ""Arduino""]","[""Electronics"", ""Telecommunications"", ""IT""]","[""Electronics"", ""Telecommunications"", ""IT""]","[""Tamil Nadu""]","[""Madurai""]",Hybrid,6,No prior experience,"[""English"", ""Hindi"", ""Tamil""]",No preference,Urban
CAND2026-00151,Undergraduate,B.Tech,Electrical Engineering,2026,5.8,"[""Electrical Safety"", ""Solar Energy""]","[""Renewable Energy"", ""Electronics"", ""Infrastructure""]","[""Renewable Energy"", ""Electronics"", ""Infrastructure""]","[""Odisha""]","[""Bhubaneswar""]",On-site,2,Academic project experience,"[""English"", ""Hindi"", ""Odia""]",No preference,Rural
CAND2026-00152,Undergraduate,B.Com,Commerce,2027,7.1,"[""MS Excel"", ""Accounting""]","[""Finance"", ""Accounting"", ""Banking""]","[""Finance"", ""Banking"", ""Marketing""]","[""Assam""]","[""Guwahati""]",Hybrid,3,No prior experience,"[""English"", ""Hindi"", ""Assamese""]",No preference,Rural
CAND2026-00153,Undergraduate,BBA,Business Administration,2028,8.4,"[""MS Excel"", ""Communication""]","[""Finance"", ""Marketing"", ""HR""]","[""Finance"", ""Marketing"", ""HR"", ""Logistics""]","[""Karnataka"", ""Andhra Pradesh""]","[""Bengaluru"", ""Visakhapatnam""]",Remote,3,No prior experience,"[""English"", ""Hindi"", ""Kannada""]",No preference,Urban
CAND2026-00154,Undergraduate,B.Sc.,Agriculture,2026,5.8,"[""Agriculture"", ""Field Survey"", ""Data Collection"", ""MS Excel""]","[""Agriculture Technology"", ""Rural Development"", ""Sustainability""]","[""Agriculture"", ""Rural Development"", ""Renewable Energy""]","[""Uttar Pradesh""]","[""Noida""]",On-site,4,Academic project experience,"[""English"", ""Hindi""]",No preference,Urban
CAND2026-00155,Undergraduate,B.Sc.,Data Science,2027,7.1,"[""Python"", ""SQL"", ""Data Analysis"", ""Power BI""]","[""Data Science"", ""Business Intelligence"", ""AI/ML""]","[""Data Science"", ""AI/ML"", ""IT""]","[""Bihar""]","[""Patna""]",Hybrid,6,0-1 internship experience,"[""English"", ""Hindi""]",No preference,Urban
CAND2026-00156,Undergraduate,BCA,Computer Applications,2028,8.4,"[""Python"", ""JavaScript"", ""SQL"", ""React""]","[""Software Development"", ""IT"", ""Data Science""]","[""Software Development"", ""IT"", ""Data Science""]","[""Tripura""]","[""Agartala""]",On-site,2,No prior experience,"[""English"", ""Hindi"", ""Bengali""]",No preference,Rural
CAND2026-00157,Diploma,Diploma,Civil Engineering,2025,6.1,"[""AutoCAD"", ""Site Survey"", ""MS Excel"", ""Documentation""]","[""Infrastructure"", ""Construction"", ""Urban Development""]","[""Infrastructure"", ""Manufacturing"", ""Renewable Energy""]","[""Telangana"", ""Goa""]","[""Hyderabad"", ""Panaji""]",Hybrid,3,Academic project experience,"[""Hindi"", ""English"", ""Telugu""]",Accessible workplace preferred,Rural
CAND2026-00158,Diploma,Diploma,Electrical Engineering,2026,7.2,"[""Electrical Safety"", ""Solar Energy"", ""Testing"", ""Troubleshooting"", ""MS Excel"", ""AutoCAD""]","[""Renewable Energy"", ""Electronics"", ""Infrastructure""]","[""Renewable Energy"", ""Electronics"", ""Telecommunications""]","[""Uttar Pradesh""]","[""Varanasi""]",Remote,3,No prior experience,"[""Hindi"", ""English""]",No preference,Urban
CAND2026-00159,Undergraduate,BA,Public Administration,2028,8.4,"[""MS Excel"", ""Documentation"", ""Communication"", ""Research"", ""Data Entry"", ""Digital Literacy""]","[""Government"", ""E-Governance"", ""Rural Development""]","[""Government"", ""E-Governance"", ""Rural Development""]","[""Jharkhand""]","[""Ranchi""]",On-site,4,No prior experience,"[""Hindi"", ""English""]",No preference,Urban
CAND2026-00160,Undergraduate,BA,Social Work,2026,5.8,"[""Field Survey"", ""Community Engagement"", ""Communication"", ""Data Collection"", ""Documentation"", ""MS Excel""]","[""Rural Development"", ""Education"", ""Healthcare""]","[""Rural Development"", ""Education"", ""Healthcare"", ""Government""]","[""Jammu and Kashmir""]","[""Srinagar""]",Hybrid,6,Academic project experience,"[""Hindi"", ""English"", ""Urdu""]",No preference,Urban
CAND2026-00161,Undergraduate,B.Sc.,Nursing,2027,7.1,"[""Patient Support"", ""Documentation""]","[""Healthcare"", ""Public Health""]","[""Healthcare"", ""Government"", ""Education""]","[""Maharashtra"", ""Karnataka""]","[""Pune"", ""Mysuru""]",On-site,2,No prior experience,"[""English"", ""Hindi"", ""Marathi""]",No preference,Rural
CAND2026-00162,Undergraduate,BA,Tourism,2028,8.4,"[""Customer Service"", ""Communication""]","[""Tourism"", ""Hospitality"", ""Marketing""]","[""Tourism"", ""Marketing"", ""Logistics""]","[""Rajasthan""]","[""Udaipur""]",Hybrid,3,No prior experience,"[""English"", ""Hindi""]",No preference,Rural
CAND2026-00163,Undergraduate,B.Tech,Computer Science,2026,5.8,"[""Python"", ""SQL""]","[""Data Science"", ""Software Development"", ""AI/ML""]","[""IT"", ""Software Development"", ""Data Science"", ""AI/ML""]","[""Madhya Pradesh""]","[""Indore""]",Remote,3,Academic project experience,"[""English"", ""Hindi""]",No preference,Urban
CAND2026-00164,Undergraduate,B.Tech,Information Technology,2027,7.1,"[""Python"", ""JavaScript"", ""React"", ""SQL""]","[""Software Development"", ""Cybersecurity"", ""IT""]","[""Software Development"", ""Cybersecurity"", ""IT""]","[""Chandigarh""]","[""Chandigarh""]",On-site,4,No prior experience,"[""English"", ""Hindi"", ""Punjabi""]",No preference,Urban
CAND2026-00165,Undergraduate,B.Tech,Artificial Intelligence,2028,8.4,"[""Python"", ""Machine Learning"", ""Pandas"", ""Scikit-learn""]","[""AI/ML"", ""Data Science""]","[""AI/ML"", ""Data Science"", ""Software Development""]","[""Tamil Nadu"", ""Telangana""]","[""Chennai"", ""Warangal""]",Hybrid,6,No prior experience,"[""English"", ""Hindi"", ""Tamil""]",No preference,Urban
CAND2026-00166,Undergraduate,B.Tech,Mechanical Engineering,2026,5.8,"[""AutoCAD"", ""SolidWorks"", ""Manufacturing"", ""Quality Control""]","[""Manufacturing"", ""Automobile"", ""Infrastructure""]","[""Manufacturing"", ""Automobile"", ""Infrastructure""]","[""West Bengal""]","[""Kolkata""]",On-site,2,0-1 internship experience,"[""English"", ""Hindi"", ""Bengali""]",No preference,Rural
CAND2026-00167,Undergraduate,B.Tech,Automobile Engineering,2027,7.1,"[""Automobile Engineering"", ""Diagnostics"", ""AutoCAD"", ""Testing""]","[""Automobile"", ""Manufacturing"", ""Renewable Energy""]","[""Automobile"", ""Manufacturing"", ""Renewable Energy""]","[""Kerala""]","[""Kochi""]",Hybrid,3,No prior experience,"[""English"", ""Hindi"", ""Malayalam""]",No preference,Rural
CAND2026-00168,Undergraduate,B.Tech,Electronics and Communication,2028,8.4,"[""Embedded C"", ""Microcontrollers"", ""Networking"", ""PCB Design"", ""Troubleshooting"", ""Arduino""]","[""Electronics"", ""Telecommunications"", ""IT""]","[""Electronics"", ""Telecommunications"", ""IT""]","[""Andhra Pradesh""]","[""Vijayawada""]",Remote,3,No prior experience,"[""English"", ""Hindi"", ""Telugu""]",No preference,Urban
CAND2026-00169,Undergraduate,B.Tech,Electrical Engineering,2026,5.8,"[""Electrical Safety"", ""Solar Energy"", ""AutoCAD"", ""MS Excel"", ""Testing"", ""Microcontrollers""]","[""Renewable Energy"", ""Electronics"", ""Infrastructure""]","[""Renewable Energy"", ""Electronics"", ""Infrastructure""]","[""Tamil Nadu"", ""Maharashtra""]","[""Madurai"", ""Nagpur""]",On-site,4,Academic project experience,"[""English"", ""Hindi"", ""Tamil""]",Accessible workplace preferred,Urban
CAND2026-00170,Undergraduate,B.Com,Commerce,2027,7.1,"[""MS Excel"", ""Accounting"", ""Tally"", ""Financial Analysis"", ""Communication"", ""Documentation""]","[""Finance"", ""Accounting"", ""Banking""]","[""Finance"", ""Banking"", ""Marketing""]","[""Odisha""]","[""Bhubaneswar""]",Hybrid,6,No prior experience,"[""English"", ""Hindi"", ""Odia""]",No preference,Urban
CAND2026-00171,Undergraduate,BBA,Business Administration,2028,8.4,"[""MS Excel"", ""Communication""]","[""Finance"", ""Marketing"", ""HR""]","[""Finance"", ""Marketing"", ""HR"", ""Logistics""]","[""Assam""]","[""Guwahati""]",On-site,2,No prior experience,"[""English"", ""Hindi"", ""Assamese""]",No preference,Rural
CAND2026-00172,Undergraduate,B.Sc.,Agriculture,2026,5.8,"[""Agriculture"", ""Field Survey""]","[""Agriculture Technology"", ""Rural Development"", ""Sustainability""]","[""Agriculture"", ""Rural Development"", ""Renewable Energy""]","[""Karnataka""]","[""Bengaluru""]",Hybrid,3,Academic project experience,"[""English"", ""Hindi"", ""Kannada""]",No preference,Rural
CAND2026-00173,Undergraduate,B.Sc.,Data Science,2027,7.1,"[""Python"", ""SQL""]","[""Data Science"", ""Business Intelligence"", ""AI/ML""]","[""Data Science"", ""AI/ML"", ""IT""]","[""Uttar Pradesh"", ""Tamil Nadu""]","[""Noida"", ""Chennai""]",Remote,3,No prior experience,"[""English"", ""Hindi""]",No preference,Urban
CAND2026-00174,Undergraduate,BCA,Computer Applications,2028,8.4,"[""Python"", ""JavaScript"", ""SQL"", ""React""]","[""Software Development"", ""IT"", ""Data Science""]","[""Software Development"", ""IT"", ""Data Science""]","[""Bihar""]","[""Patna""]",On-site,4,No prior experience,"[""English"", ""Hindi""]",No preference,Urban
CAND2026-00175,Diploma,Diploma,Civil Engineering,2027,6.9,"[""AutoCAD"", ""Site Survey"", ""MS Excel"", ""Documentation""]","[""Infrastructure"", ""Construction"", ""Urban Development""]","[""Infrastructure"", ""Manufacturing"", ""Renewable Energy""]","[""Tripura""]","[""Agartala""]",Hybrid,6,Academic project experience,"[""Hindi"", ""English"", ""Bengali""]",No preference,Urban
CAND2026-00176,Diploma,Diploma,Electrical Engineering,2028,8.0,"[""Electrical Safety"", ""Solar Energy"", ""Testing"", ""Troubleshooting""]","[""Renewable Energy"", ""Electronics"", ""Infrastructure""]","[""Renewable Energy"", ""Electronics"", ""Telecommunications""]","[""Telangana""]","[""Hyderabad""]",On-site,2,No prior experience,"[""Hindi"", ""English"", ""Telugu""]",No preference,Rural
CAND2026-00177,Undergraduate,BA,Public Administration,2028,8.4,"[""MS Excel"", ""Documentation"", ""Communication"", ""Research""]","[""Government"", ""E-Governance"", ""Rural Development""]","[""Government"", ""E-Governance"", ""Rural Development""]","[""Uttar Pradesh"", ""Tamil Nadu""]","[""Varanasi"", ""Madurai""]",Hybrid,3,0-1 internship experience,"[""Hindi"", ""English""]",No preference,Rural
CAND2026-00178,Undergraduate,BA,Social Work,2026,5.8,"[""Field Survey"", ""Community Engagement"", ""Communication"", ""Data Collection"", ""Documentation"", ""MS Excel""]","[""Rural Development"", ""Education"", ""Healthcare""]","[""Rural Development"", ""Education"", ""Healthcare"", ""Government""]","[""Jharkhand""]","[""Ranchi""]",Remote,3,Academic project experience,"[""Hindi"", ""English""]",No preference,Urban
CAND2026-00179,Undergraduate,B.Sc.,Nursing,2027,7.1,"[""Patient Support"", ""Documentation"", ""Communication"", ""MS Excel"", ""Data Entry"", ""Teamwork""]","[""Healthcare"", ""Public Health""]","[""Healthcare"", ""Government"", ""Education""]","[""Jammu and Kashmir""]","[""Srinagar""]",On-site,4,No prior experience,"[""English"", ""Hindi"", ""Urdu""]",No preference,Urban
CAND2026-00180,Undergraduate,BA,Tourism,2028,8.4,"[""Customer Service"", ""Communication"", ""Tourism Operations"", ""Content Writing"", ""MS Excel"", ""Documentation""]","[""Tourism"", ""Hospitality"", ""Marketing""]","[""Tourism"", ""Marketing"", ""Logistics""]","[""Maharashtra""]","[""Pune""]",Hybrid,6,No prior experience,"[""English"", ""Hindi"", ""Marathi""]",No preference,Urban
CAND2026-00181,Undergraduate,B.Tech,Computer Science,2026,5.8,"[""Python"", ""SQL""]","[""Data Science"", ""Software Development"", ""AI/ML""]","[""IT"", ""Software Development"", ""Data Science"", ""AI/ML""]","[""Gujarat"", ""Uttar Pradesh""]","[""Ahmedabad"", ""Noida""]",On-site,2,Academic project experience,"[""English"", ""Hindi"", ""Gujarati""]",Accessible workplace preferred,Rural
CAND2026-00182,Undergraduate,B.Tech,Information Technology,2027,7.1,"[""Python"", ""JavaScript""]","[""Software Development"", ""Cybersecurity"", ""IT""]","[""Software Development"", ""Cybersecurity"", ""IT""]","[""Madhya Pradesh""]","[""Indore""]",Hybrid,3,No prior experience,"[""English"", ""Hindi""]",No preference,Rural
CAND2026-00183,Undergraduate,B.Tech,Artificial Intelligence,2028,8.4,"[""Python"", ""Machine Learning""]","[""AI/ML"", ""Data Science""]","[""AI/ML"", ""Data Science"", ""Software Development""]","[""Chandigarh""]","[""Chandigarh""]",Remote,3,No prior experience,"[""English"", ""Hindi"", ""Punjabi""]",No preference,Urban
CAND2026-00184,Undergraduate,B.Tech,Mechanical Engineering,2026,5.8,"[""AutoCAD"", ""SolidWorks"", ""Manufacturing"", ""Quality Control""]","[""Manufacturing"", ""Automobile"", ""Infrastructure""]","[""Manufacturing"", ""Automobile"", ""Infrastructure""]","[""Tamil Nadu""]","[""Chennai""]",On-site,4,Academic project experience,"[""English"", ""Hindi"", ""Tamil""]",No preference,Urban
CAND2026-00185,Undergraduate,B.Tech,Automobile Engineering,2027,7.1,"[""Automobile Engineering"", ""Diagnostics"", ""AutoCAD"", ""Testing""]","[""Automobile"", ""Manufacturing"", ""Renewable Energy""]","[""Automobile"", ""Manufacturing"", ""Renewable Energy""]","[""West Bengal"", ""Uttar Pradesh""]","[""Kolkata"", ""Varanasi""]",Hybrid,6,No prior experience,"[""English"", ""Hindi"", ""Bengali""]",No preference,Urban
CAND2026-00186,Undergraduate,B.Tech,Electronics and Communication,2028,8.4,"[""Embedded C"", ""Microcontrollers"", ""Networking"", ""PCB Design""]","[""Electronics"", ""Telecommunications"", ""IT""]","[""Electronics"", ""Telecommunications"", ""IT""]","[""Kerala""]","[""Kochi""]",On-site,2,No prior experience,"[""English"", ""Hindi"", ""Malayalam""]",No preference,Rural
CAND2026-00187,Undergraduate,B.Tech,Electrical Engineering,2026,5.8,"[""Electrical Safety"", ""Solar Energy"", ""AutoCAD"", ""MS Excel""]","[""Renewable Energy"", ""Electronics"", ""Infrastructure""]","[""Renewable Energy"", ""Electronics"", ""Infrastructure""]","[""Andhra Pradesh""]","[""Vijayawada""]",Hybrid,3,Academic project experience,"[""English"", ""Hindi"", ""Telugu""]",No preference,Rural
CAND2026-00188,Undergraduate,B.Com,Commerce,2027,7.1,"[""MS Excel"", ""Accounting"", ""Tally"", ""Financial Analysis"", ""Communication"", ""Documentation""]","[""Finance"", ""Accounting"", ""Banking""]","[""Finance"", ""Banking"", ""Marketing""]","[""Tamil Nadu""]","[""Madurai""]",Remote,3,0-1 internship experience,"[""English"", ""Hindi"", ""Tamil""]",No preference,Urban
CAND2026-00189,Undergraduate,BBA,Business Administration,2028,8.4,"[""MS Excel"", ""Communication"", ""Financial Analysis"", ""Digital Marketing"", ""Project Management"", ""Documentation""]","[""Finance"", ""Marketing"", ""HR""]","[""Finance"", ""Marketing"", ""HR"", ""Logistics""]","[""Odisha"", ""Rajasthan""]","[""Bhubaneswar"", ""Udaipur""]",On-site,4,No prior experience,"[""English"", ""Hindi"", ""Odia""]",No preference,Urban
CAND2026-00190,Undergraduate,B.Sc.,Agriculture,2026,5.8,"[""Agriculture"", ""Field Survey"", ""Data Collection"", ""MS Excel"", ""Community Engagement"", ""Communication""]","[""Agriculture Technology"", ""Rural Development"", ""Sustainability""]","[""Agriculture"", ""Rural Development"", ""Renewable Energy""]","[""Assam""]","[""Guwahati""]",Hybrid,6,Academic project experience,"[""English"", ""Hindi"", ""Assamese""]",No preference,Urban
CAND2026-00191,Undergraduate,B.Sc.,Data Science,2027,7.1,"[""Python"", ""SQL""]","[""Data Science"", ""Business Intelligence"", ""AI/ML""]","[""Data Science"", ""AI/ML"", ""IT""]","[""Karnataka""]","[""Bengaluru""]",On-site,2,No prior experience,"[""English"", ""Hindi"", ""Kannada""]",No preference,Rural
CAND2026-00192,Undergraduate,BCA,Computer Applications,2028,8.4,"[""Python"", ""JavaScript""]","[""Software Development"", ""IT"", ""Data Science""]","[""Software Development"", ""IT"", ""Data Science""]","[""Uttar Pradesh""]","[""Noida""]",Hybrid,3,No prior experience,"[""English"", ""Hindi""]",No preference,Rural
CAND2026-00193,Diploma,Diploma,Civil Engineering,2025,7.7,"[""AutoCAD"", ""Site Survey""]","[""Infrastructure"", ""Construction"", ""Urban Development""]","[""Infrastructure"", ""Manufacturing"", ""Renewable Energy""]","[""Bihar"", ""Gujarat""]","[""Patna"", ""Surat""]",Remote,3,Academic project experience,"[""Hindi"", ""English""]",Accessible workplace preferred,Urban
CAND2026-00194,Diploma,Diploma,Electrical Engineering,2026,8.8,"[""Electrical Safety"", ""Solar Energy"", ""Testing"", ""Troubleshooting""]","[""Renewable Energy"", ""Electronics"", ""Infrastructure""]","[""Renewable Energy"", ""Electronics"", ""Telecommunications""]","[""Tripura""]","[""Agartala""]",On-site,4,No prior experience,"[""Hindi"", ""English"", ""Bengali""]",No preference,Urban
CAND2026-00195,Undergraduate,BA,Public Administration,2028,8.4,"[""MS Excel"", ""Documentation"", ""Communication"", ""Research""]","[""Government"", ""E-Governance"", ""Rural Development""]","[""Government"", ""E-Governance"", ""Rural Development""]","[""Telangana""]","[""Hyderabad""]",Hybrid,6,No prior experience,"[""Hindi"", ""English"", ""Telugu""]",No preference,Urban
CAND2026-00196,Undergraduate,BA,Social Work,2026,5.8,"[""Field Survey"", ""Community Engagement"", ""Communication"", ""Data Collection""]","[""Rural Development"", ""Education"", ""Healthcare""]","[""Rural Development"", ""Education"", ""Healthcare"", ""Government""]","[""Uttar Pradesh""]","[""Varanasi""]",On-site,2,Academic project experience,"[""Hindi"", ""English""]",No preference,Rural
CAND2026-00197,Undergraduate,B.Sc.,Nursing,2027,7.1,"[""Patient Support"", ""Documentation"", ""Communication"", ""MS Excel""]","[""Healthcare"", ""Public Health""]","[""Healthcare"", ""Government"", ""Education""]","[""Jharkhand"", ""West Bengal""]","[""Ranchi"", ""Siliguri""]",Hybrid,3,No prior experience,"[""English"", ""Hindi""]",No preference,Rural
CAND2026-00198,Undergraduate,BA,Tourism,2028,8.4,"[""Customer Service"", ""Communication"", ""Tourism Operations"", ""Content Writing"", ""MS Excel"", ""Documentation""]","[""Tourism"", ""Hospitality"", ""Marketing""]","[""Tourism"", ""Marketing"", ""Logistics""]","[""Jammu and Kashmir""]","[""Srinagar""]",Remote,3,No prior experience,"[""English"", ""Hindi"", ""Urdu""]",No preference,Urban
CAND2026-00199,Undergraduate,B.Tech,Computer Science,2026,5.8,"[""Python"", ""SQL"", ""Data Analysis"", ""Git"", ""React"", ""Machine Learning""]","[""Data Science"", ""Software Development"", ""AI/ML""]","[""IT"", ""Software Development"", ""Data Science"", ""AI/ML""]","[""Maharashtra""]","[""Nagpur""]",On-site,4,0-1 internship experience,"[""English"", ""Hindi"", ""Marathi""]",No preference,Urban
CAND2026-00200,Undergraduate,B.Tech,Information Technology,2027,7.1,"[""Python"", ""JavaScript"", ""React"", ""SQL"", ""Networking"", ""Git""]","[""Software Development"", ""Cybersecurity"", ""IT""]","[""Software Development"", ""Cybersecurity"", ""IT""]","[""Gujarat""]","[""Ahmedabad""]",Hybrid,6,No prior experience,"[""English"", ""Hindi"", ""Gujarati""]",No preference,Urban
CAND2026-00201,Undergraduate,B.Tech,Artificial Intelligence,2028,8.4,"[""Python"", ""Machine Learning""]","[""AI/ML"", ""Data Science""]","[""AI/ML"", ""Data Science"", ""Software Development""]","[""Madhya Pradesh"", ""Odisha""]","[""Indore"", ""Cuttack""]",On-site,2,No prior experience,"[""English"", ""Hindi""]",No preference,Rural
CAND2026-00202,Undergraduate,B.Tech,Mechanical Engineering,2026,5.8,"[""AutoCAD"", ""SolidWorks""]","[""Manufacturing"", ""Automobile"", ""Infrastructure""]","[""Manufacturing"", ""Automobile"", ""Infrastructure""]","[""Chandigarh""]","[""Chandigarh""]",Hybrid,3,Academic project experience,"[""English"", ""Hindi"", ""Punjabi""]",No preference,Rural
CAND2026-00203,Undergraduate,B.Tech,Automobile Engineering,2027,7.1,"[""Automobile Engineering"", ""Diagnostics""]","[""Automobile"", ""Manufacturing"", ""Renewable Energy""]","[""Automobile"", ""Manufacturing"", ""Renewable Energy""]","[""Tamil Nadu""]","[""Chennai""]",Remote,3,No prior experience,"[""English"", ""Hindi"", ""Tamil""]",No preference,Urban
CAND2026-00204,Undergraduate,B.Tech,Electronics and Communication,2028,8.4,"[""Embedded C"", ""Microcontrollers"", ""Networking"", ""PCB Design""]","[""Electronics"", ""Telecommunications"", ""IT""]","[""Electronics"", ""Telecommunications"", ""IT""]","[""West Bengal""]","[""Kolkata""]",On-site,4,No prior experience,"[""English"", ""Hindi"", ""Bengali""]",No preference,Urban
CAND2026-00205,Undergraduate,B.Tech,Electrical Engineering,2026,5.8,"[""Electrical Safety"", ""Solar Energy"", ""AutoCAD"", ""MS Excel""]","[""Renewable Energy"", ""Electronics"", ""Infrastructure""]","[""Renewable Energy"", ""Electronics"", ""Infrastructure""]","[""Kerala"", ""Bihar""]","[""Kochi"", ""Gaya""]",Hybrid,6,Academic project experience,"[""English"", ""Hindi"", ""Malayalam""]",Accessible workplace preferred,Urban
CAND2026-00206,Undergraduate,B.Com,Commerce,2027,7.1,"[""MS Excel"", ""Accounting"", ""Tally"", ""Financial Analysis""]","[""Finance"", ""Accounting"", ""Banking""]","[""Finance"", ""Banking"", ""Marketing""]","[""Andhra Pradesh""]","[""Vijayawada""]",On-site,2,No prior experience,"[""English"", ""Hindi"", ""Telugu""]",No preference,Rural
CAND2026-00207,Undergraduate,BBA,Business Administration,2028,8.4,"[""MS Excel"", ""Communication"", ""Financial Analysis"", ""Digital Marketing""]","[""Finance"", ""Marketing"", ""HR""]","[""Finance"", ""Marketing"", ""HR"", ""Logistics""]","[""Tamil Nadu""]","[""Madurai""]",Hybrid,3,No prior experience,"[""English"", ""Hindi"", ""Tamil""]",No preference,Rural
CAND2026-00208,Undergraduate,B.Sc.,Agriculture,2026,5.8,"[""Agriculture"", ""Field Survey"", ""Data Collection"", ""MS Excel"", ""Community Engagement"", ""Communication""]","[""Agriculture Technology"", ""Rural Development"", ""Sustainability""]","[""Agriculture"", ""Rural Development"", ""Renewable Energy""]","[""Odisha""]","[""Bhubaneswar""]",Remote,3,Academic project experience,"[""English"", ""Hindi"", ""Odia""]",No preference,Urban
CAND2026-00209,Undergraduate,B.Sc.,Data Science,2027,7.1,"[""Python"", ""SQL"", ""Data Analysis"", ""Power BI"", ""Pandas"", ""MS Excel""]","[""Data Science"", ""Business Intelligence"", ""AI/ML""]","[""Data Science"", ""AI/ML"", ""IT""]","[""Assam"", ""Jharkhand""]","[""Guwahati"", ""Jamshedpur""]",On-site,4,No prior experience,"[""English"", ""Hindi"", ""Assamese""]",No preference,Urban
CAND2026-00210,Undergraduate,BCA,Computer Applications,2028,8.4,"[""Python"", ""JavaScript"", ""SQL"", ""React"", ""MS Excel"", ""Git""]","[""Software Development"", ""IT"", ""Data Science""]","[""Software Development"", ""IT"", ""Data Science""]","[""Karnataka""]","[""Bengaluru""]",Hybrid,6,0-1 internship experience,"[""English"", ""Hindi"", ""Kannada""]",No preference,Urban
CAND2026-00211,Diploma,Diploma,Civil Engineering,2027,8.5,"[""AutoCAD"", ""Site Survey""]","[""Infrastructure"", ""Construction"", ""Urban Development""]","[""Infrastructure"", ""Manufacturing"", ""Renewable Energy""]","[""Uttar Pradesh""]","[""Noida""]",On-site,2,Academic project experience,"[""Hindi"", ""English""]",No preference,Rural
CAND2026-00212,Diploma,Diploma,Electrical Engineering,2028,5.8,"[""Electrical Safety"", ""Solar Energy""]","[""Renewable Energy"", ""Electronics"", ""Infrastructure""]","[""Renewable Energy"", ""Electronics"", ""Telecommunications""]","[""Bihar""]","[""Patna""]",Hybrid,3,No prior experience,"[""Hindi"", ""English""]",No preference,Rural
CAND2026-00213,Undergraduate,BA,Public Administration,2028,8.4,"[""MS Excel"", ""Documentation""]","[""Government"", ""E-Governance"", ""Rural Development""]","[""Government"", ""E-Governance"", ""Rural Development""]","[""Tripura"", ""Madhya Pradesh""]","[""Agartala"", ""Indore""]",Remote,3,No prior experience,"[""Hindi"", ""English"", ""Bengali""]",No preference,Urban
CAND2026-00214,Undergraduate,BA,Social Work,2026,5.8,"[""Field Survey"", ""Community Engagement"", ""Communication"", ""Data Collection""]","[""Rural Development"", ""Education"", ""Healthcare""]","[""Rural Development"", ""Education"", ""Healthcare"", ""Government""]","[""Telangana""]","[""Hyderabad""]",On-site,4,Academic project experience,"[""Hindi"", ""English"", ""Telugu""]",No preference,Urban
CAND2026-00215,Undergraduate,B.Sc.,Nursing,2027,7.1,"[""Patient Support"", ""Documentation"", ""Communication"", ""MS Excel""]","[""Healthcare"", ""Public Health""]","[""Healthcare"", ""Government"", ""Education""]","[""Uttar Pradesh""]","[""Varanasi""]",Hybrid,6,No prior experience,"[""English"", ""Hindi""]",No preference,Urban
CAND2026-00216,Undergraduate,BA,Tourism,2028,8.4,"[""Customer Service"", ""Communication"", ""Tourism Operations"", ""Content Writing""]","[""Tourism"", ""Hospitality"", ""Marketing""]","[""Tourism"", ""Marketing"", ""Logistics""]","[""Jharkhand""]","[""Ranchi""]",On-site,2,No prior experience,"[""English"", ""Hindi""]",No preference,Rural
CAND2026-00217,Undergraduate,B.Tech,Computer Science,2026,5.8,"[""Python"", ""SQL"", ""Data Analysis"", ""Git""]","[""Data Science"", ""Software Development"", ""AI/ML""]","[""IT"", ""Software Development"", ""Data Science"", ""AI/ML""]","[""Uttarakhand"", ""Kerala""]","[""Dehradun"", ""Kochi""]",Hybrid,3,Academic project experience,"[""English"", ""Hindi""]",Accessible workplace preferred,Rural
CAND2026-00218,Undergraduate,B.Tech,Information Technology,2027,7.1,"[""Python"", ""JavaScript"", ""React"", ""SQL"", ""Networking"", ""Git""]","[""Software Development"", ""Cybersecurity"", ""IT""]","[""Software Development"", ""Cybersecurity"", ""IT""]","[""Maharashtra""]","[""Nagpur""]",Remote,3,No prior experience,"[""English"", ""Hindi"", ""Marathi""]",No preference,Urban
CAND2026-00219,Undergraduate,B.Tech,Artificial Intelligence,2028,8.4,"[""Python"", ""Machine Learning"", ""Pandas"", ""Scikit-learn"", ""Data Analysis"", ""SQL""]","[""AI/ML"", ""Data Science""]","[""AI/ML"", ""Data Science"", ""Software Development""]","[""Gujarat""]","[""Ahmedabad""]",On-site,4,No prior experience,"[""English"", ""Hindi"", ""Gujarati""]",No preference,Urban
CAND2026-00220,Undergraduate,B.Tech,Mechanical Engineering,2026,5.8,"[""AutoCAD"", ""SolidWorks"", ""Manufacturing"", ""Quality Control"", ""MS Excel"", ""Testing""]","[""Manufacturing"", ""Automobile"", ""Infrastructure""]","[""Manufacturing"", ""Automobile"", ""Infrastructure""]","[""Madhya Pradesh""]","[""Indore""]",Hybrid,6,Academic project experience,"[""English"", ""Hindi""]",No preference,Urban
CAND2026-00221,Undergraduate,B.Tech,Automobile Engineering,2027,7.1,"[""Automobile Engineering"", ""Diagnostics""]","[""Automobile"", ""Manufacturing"", ""Renewable Energy""]","[""Automobile"", ""Manufacturing"", ""Renewable Energy""]","[""Chandigarh"", ""Assam""]","[""Chandigarh"", ""Guwahati""]",On-site,2,0-1 internship experience,"[""English"", ""Hindi"", ""Punjabi""]",No preference,Rural
CAND2026-00222,Undergraduate,B.Tech,Electronics and Communication,2028,8.4,"[""Embedded C"", ""Microcontrollers""]","[""Electronics"", ""Telecommunications"", ""IT""]","[""Electronics"", ""Telecommunications"", ""IT""]","[""Tamil Nadu""]","[""Chennai""]",Hybrid,3,No prior experience,"[""English"", ""Hindi"", ""Tamil""]",No preference,Rural
CAND2026-00223,Undergraduate,B.Tech,Electrical Engineering,2026,5.8,"[""Electrical Safety"", ""Solar Energy""]","[""Renewable Energy"", ""Electronics"", ""Infrastructure""]","[""Renewable Energy"", ""Electronics"", ""Infrastructure""]","[""West Bengal""]","[""Kolkata""]",Remote,3,Academic project experience,"[""English"", ""Hindi"", ""Bengali""]",No preference,Urban
CAND2026-00224,Undergraduate,B.Com,Commerce,2027,7.1,"[""MS Excel"", ""Accounting"", ""Tally"", ""Financial Analysis""]","[""Finance"", ""Accounting"", ""Banking""]","[""Finance"", ""Banking"", ""Marketing""]","[""Kerala""]","[""Kochi""]",On-site,4,No prior experience,"[""English"", ""Hindi"", ""Malayalam""]",No preference,Urban
CAND2026-00225,Undergraduate,BBA,Business Administration,2028,8.4,"[""MS Excel"", ""Communication"", ""Financial Analysis"", ""Digital Marketing""]","[""Finance"", ""Marketing"", ""HR""]","[""Finance"", ""Marketing"", ""HR"", ""Logistics""]","[""Andhra Pradesh"", ""Tripura""]","[""Vijayawada"", ""Agartala""]",Hybrid,6,No prior experience,"[""English"", ""Hindi"", ""Telugu""]",No preference,Urban
CAND2026-00226,Undergraduate,B.Sc.,Agriculture,2026,5.8,"[""Agriculture"", ""Field Survey"", ""Data Collection"", ""MS Excel""]","[""Agriculture Technology"", ""Rural Development"", ""Sustainability""]","[""Agriculture"", ""Rural Development"", ""Renewable Energy""]","[""Tamil Nadu""]","[""Madurai""]",On-site,2,Academic project experience,"[""English"", ""Hindi"", ""Tamil""]",No preference,Rural
CAND2026-00227,Undergraduate,B.Sc.,Data Science,2027,7.1,"[""Python"", ""SQL"", ""Data Analysis"", ""Power BI""]","[""Data Science"", ""Business Intelligence"", ""AI/ML""]","[""Data Science"", ""AI/ML"", ""IT""]","[""Odisha""]","[""Bhubaneswar""]",Hybrid,3,No prior experience,"[""English"", ""Hindi"", ""Odia""]",No preference,Rural
CAND2026-00228,Undergraduate,BCA,Computer Applications,2028,8.4,"[""Python"", ""JavaScript"", ""SQL"", ""React"", ""MS Excel"", ""Git""]","[""Software Development"", ""IT"", ""Data Science""]","[""Software Development"", ""IT"", ""Data Science""]","[""Assam""]","[""Guwahati""]",Remote,3,No prior experience,"[""English"", ""Hindi"", ""Assamese""]",No preference,Urban
CAND2026-00229,Diploma,Diploma,Civil Engineering,2025,5.5,"[""AutoCAD"", ""Site Survey"", ""MS Excel"", ""Documentation"", ""Project Management"", ""Testing""]","[""Infrastructure"", ""Construction"", ""Urban Development""]","[""Infrastructure"", ""Manufacturing"", ""Renewable Energy""]","[""Karnataka"", ""Jammu and Kashmir""]","[""Bengaluru"", ""Srinagar""]",On-site,4,Academic project experience,"[""Hindi"", ""English"", ""Kannada""]",Accessible workplace preferred,Urban
CAND2026-00230,Diploma,Diploma,Electrical Engineering,2026,6.6,"[""Electrical Safety"", ""Solar Energy"", ""Testing"", ""Troubleshooting"", ""MS Excel"", ""AutoCAD""]","[""Renewable Energy"", ""Electronics"", ""Infrastructure""]","[""Renewable Energy"", ""Electronics"", ""Telecommunications""]","[""Uttar Pradesh""]","[""Noida""]",Hybrid,6,No prior experience,"[""Hindi"", ""English""]",No preference,Urban
CAND2026-00231,Undergraduate,BA,Public Administration,2028,8.4,"[""MS Excel"", ""Documentation""]","[""Government"", ""E-Governance"", ""Rural Development""]","[""Government"", ""E-Governance"", ""Rural Development""]","[""Bihar""]","[""Patna""]",On-site,2,No prior experience,"[""Hindi"", ""English""]",No preference,Rural
CAND2026-00232,Undergraduate,BA,Social Work,2026,5.8,"[""Field Survey"", ""Community Engagement""]","[""Rural Development"", ""Education"", ""Healthcare""]","[""Rural Development"", ""Education"", ""Healthcare"", ""Government""]","[""Tripura""]","[""Agartala""]",Hybrid,3,0-1 internship experience,"[""Hindi"", ""English"", ""Bengali""]",No preference,Rural
CAND2026-00233,Undergraduate,B.Sc.,Nursing,2027,7.1,"[""Patient Support"", ""Documentation""]","[""Healthcare"", ""Public Health""]","[""Healthcare"", ""Government"", ""Education""]","[""Telangana"", ""Himachal Pradesh""]","[""Hyderabad"", ""Shimla""]",Remote,3,No prior experience,"[""English"", ""Hindi"", ""Telugu""]",No preference,Urban
CAND2026-00234,Undergraduate,BA,Tourism,2028,8.4,"[""Customer Service"", ""Communication"", ""Tourism Operations"", ""Content Writing""]","[""Tourism"", ""Hospitality"", ""Marketing""]","[""Tourism"", ""Marketing"", ""Logistics""]","[""Uttar Pradesh""]","[""Varanasi""]",On-site,4,No prior experience,"[""English"", ""Hindi""]",No preference,Urban
CAND2026-00235,Undergraduate,B.Tech,Computer Science,2026,5.8,"[""Python"", ""SQL"", ""Data Analysis"", ""Git""]","[""Data Science"", ""Software Development"", ""AI/ML""]","[""IT"", ""Software Development"", ""Data Science"", ""AI/ML""]","[""Jharkhand""]","[""Jamshedpur""]",Hybrid,6,Academic project experience,"[""English"", ""Hindi""]",No preference,Urban
CAND2026-00236,Undergraduate,B.Tech,Information Technology,2027,7.1,"[""Python"", ""JavaScript"", ""React"", ""SQL""]","[""Software Development"", ""Cybersecurity"", ""IT""]","[""Software Development"", ""Cybersecurity"", ""IT""]","[""Uttarakhand""]","[""Dehradun""]",On-site,2,No prior experience,"[""English"", ""Hindi""]",No preference,Rural
CAND2026-00237,Undergraduate,B.Tech,Artificial Intelligence,2028,8.4,"[""Python"", ""Machine Learning"", ""Pandas"", ""Scikit-learn""]","[""AI/ML"", ""Data Science""]","[""AI/ML"", ""Data Science"", ""Software Development""]","[""Maharashtra"", ""Andhra Pradesh""]","[""Nagpur"", ""Visakhapatnam""]",Hybrid,3,No prior experience,"[""English"", ""Hindi"", ""Marathi""]",No preference,Rural
CAND2026-00238,Undergraduate,B.Tech,Mechanical Engineering,2026,5.8,"[""AutoCAD"", ""SolidWorks"", ""Manufacturing"", ""Quality Control"", ""MS Excel"", ""Testing""]","[""Manufacturing"", ""Automobile"", ""Infrastructure""]","[""Manufacturing"", ""Automobile"", ""Infrastructure""]","[""Gujarat""]","[""Ahmedabad""]",Remote,3,Academic project experience,"[""English"", ""Hindi"", ""Gujarati""]",No preference,Urban
CAND2026-00239,Undergraduate,B.Tech,Automobile Engineering,2027,7.1,"[""Automobile Engineering"", ""Diagnostics"", ""AutoCAD"", ""Testing"", ""Electrical Safety""]","[""Automobile"", ""Manufacturing"", ""Renewable Energy""]","[""Automobile"", ""Manufacturing"", ""Renewable Energy""]","[""Madhya Pradesh""]","[""Indore""]",On-site,4,No prior experience,"[""English"", ""Hindi""]",No preference,Urban
CAND2026-00240,Undergraduate,B.Tech,Electronics and Communication,2028,8.4,"[""Embedded C"", ""Microcontrollers"", ""Networking"", ""PCB Design"", ""Troubleshooting"", ""Arduino""]","[""Electronics"", ""Telecommunications"", ""IT""]","[""Electronics"", ""Telecommunications"", ""IT""]","[""Chandigarh""]","[""Chandigarh""]",Hybrid,6,No prior experience,"[""English"", ""Hindi"", ""Punjabi""]",No preference,Urban
CAND2026-00241,Undergraduate,B.Tech,Electrical Engineering,2026,5.8,"[""Electrical Safety"", ""Solar Energy""]","[""Renewable Energy"", ""Electronics"", ""Infrastructure""]","[""Renewable Energy"", ""Electronics"", ""Infrastructure""]","[""Tamil Nadu"", ""Goa""]","[""Chennai"", ""Panaji""]",On-site,2,Academic project experience,"[""English"", ""Hindi"", ""Tamil""]",Accessible workplace preferred,Rural
CAND2026-00242,Undergraduate,B.Com,Commerce,2027,7.1,"[""MS Excel"", ""Accounting""]","[""Finance"", ""Accounting"", ""Banking""]","[""Finance"", ""Banking"", ""Marketing""]","[""West Bengal""]","[""Kolkata""]",Hybrid,3,No prior experience,"[""English"", ""Hindi"", ""Bengali""]",No preference,Rural
CAND2026-00243,Undergraduate,BBA,Business Administration,2028,8.4,"[""MS Excel"", ""Communication""]","[""Finance"", ""Marketing"", ""HR""]","[""Finance"", ""Marketing"", ""HR"", ""Logistics""]","[""Kerala""]","[""Kochi""]",Remote,3,0-1 internship experience,"[""English"", ""Hindi"", ""Malayalam""]",No preference,Urban
CAND2026-00244,Undergraduate,B.Sc.,Agriculture,2026,5.8,"[""Agriculture"", ""Field Survey"", ""Data Collection"", ""MS Excel""]","[""Agriculture Technology"", ""Rural Development"", ""Sustainability""]","[""Agriculture"", ""Rural Development"", ""Renewable Energy""]","[""Andhra Pradesh""]","[""Vijayawada""]",On-site,4,Academic project experience,"[""English"", ""Hindi"", ""Telugu""]",No preference,Urban
CAND2026-00245,Undergraduate,B.Sc.,Data Science,2027,7.1,"[""Python"", ""SQL"", ""Data Analysis"", ""Power BI""]","[""Data Science"", ""Business Intelligence"", ""AI/ML""]","[""Data Science"", ""AI/ML"", ""IT""]","[""Tamil Nadu"", ""Karnataka""]","[""Madurai"", ""Mysuru""]",Hybrid,6,No prior experience,"[""English"", ""Hindi"", ""Tamil""]",No preference,Urban
CAND2026-00246,Undergraduate,BCA,Computer Applications,2028,8.4,"[""Python"", ""JavaScript"", ""SQL"", ""React""]","[""Software Development"", ""IT"", ""Data Science""]","[""Software Development"", ""IT"", ""Data Science""]","[""Odisha""]","[""Bhubaneswar""]",On-site,2,No prior experience,"[""English"", ""Hindi"", ""Odia""]",No preference,Rural
CAND2026-00247,Diploma,Diploma,Civil Engineering,2027,6.3,"[""AutoCAD"", ""Site Survey"", ""MS Excel"", ""Documentation""]","[""Infrastructure"", ""Construction"", ""Urban Development""]","[""Infrastructure"", ""Manufacturing"", ""Renewable Energy""]","[""Assam""]","[""Guwahati""]",Hybrid,3,Academic project experience,"[""Hindi"", ""English"", ""Assamese""]",No preference,Rural
CAND2026-00248,Diploma,Diploma,Electrical Engineering,2028,7.4,"[""Electrical Safety"", ""Solar Energy"", ""Testing"", ""Troubleshooting"", ""MS Excel"", ""AutoCAD""]","[""Renewable Energy"", ""Electronics"", ""Infrastructure""]","[""Renewable Energy"", ""Electronics"", ""Telecommunications""]","[""Karnataka""]","[""Bengaluru""]",Remote,3,No prior experience,"[""Hindi"", ""English"", ""Kannada""]",No preference,Urban
CAND2026-00249,Undergraduate,BA,Public Administration,2028,8.4,"[""MS Excel"", ""Documentation"", ""Communication"", ""Research"", ""Data Entry"", ""Digital Literacy""]","[""Government"", ""E-Governance"", ""Rural Development""]","[""Government"", ""E-Governance"", ""Rural Development""]","[""Uttar Pradesh"", ""Telangana""]","[""Noida"", ""Warangal""]",On-site,4,No prior experience,"[""Hindi"", ""English""]",No preference,Urban
CAND2026-00250,Undergraduate,BA,Social Work,2026,5.8,"[""Field Survey"", ""Community Engagement"", ""Communication"", ""Data Collection"", ""Documentation"", ""MS Excel""]","[""Rural Development"", ""Education"", ""Healthcare""]","[""Rural Development"", ""Education"", ""Healthcare"", ""Government""]","[""Bihar""]","[""Patna""]",Hybrid,6,Academic project experience,"[""Hindi"", ""English""]",No preference,Urban
CAND2026-00251,Undergraduate,B.Sc.,Nursing,2027,7.1,"[""Patient Support"", ""Documentation""]","[""Healthcare"", ""Public Health""]","[""Healthcare"", ""Government"", ""Education""]","[""Tripura""]","[""Agartala""]",On-site,2,No prior experience,"[""English"", ""Hindi"", ""Bengali""]",No preference,Rural
CAND2026-00252,Undergraduate,BA,Tourism,2028,8.4,"[""Customer Service"", ""Communication""]","[""Tourism"", ""Hospitality"", ""Marketing""]","[""Tourism"", ""Marketing"", ""Logistics""]","[""Telangana""]","[""Hyderabad""]",Hybrid,3,No prior experience,"[""English"", ""Hindi"", ""Telugu""]",No preference,Rural
CAND2026-00253,Undergraduate,B.Tech,Computer Science,2026,5.8,"[""Python"", ""SQL""]","[""Data Science"", ""Software Development"", ""AI/ML""]","[""IT"", ""Software Development"", ""Data Science"", ""AI/ML""]","[""Rajasthan"", ""Maharashtra""]","[""Jaipur"", ""Nagpur""]",Remote,3,Academic project experience,"[""English"", ""Hindi""]",Accessible workplace preferred,Urban
CAND2026-00254,Undergraduate,B.Tech,Information Technology,2027,7.1,"[""Python"", ""JavaScript"", ""React"", ""SQL""]","[""Software Development"", ""Cybersecurity"", ""IT""]","[""Software Development"", ""Cybersecurity"", ""IT""]","[""Jharkhand""]","[""Jamshedpur""]",On-site,4,0-1 internship experience,"[""English"", ""Hindi""]",No preference,Urban
CAND2026-00255,Undergraduate,B.Tech,Artificial Intelligence,2028,8.4,"[""Python"", ""Machine Learning"", ""Pandas"", ""Scikit-learn""]","[""AI/ML"", ""Data Science""]","[""AI/ML"", ""Data Science"", ""Software Development""]","[""Uttarakhand""]","[""Dehradun""]",Hybrid,6,No prior experience,"[""English"", ""Hindi""]",No preference,Urban
CAND2026-00256,Undergraduate,B.Tech,Mechanical Engineering,2026,5.8,"[""AutoCAD"", ""SolidWorks"", ""Manufacturing"", ""Quality Control""]","[""Manufacturing"", ""Automobile"", ""Infrastructure""]","[""Manufacturing"", ""Automobile"", ""Infrastructure""]","[""Maharashtra""]","[""Nagpur""]",On-site,2,Academic project experience,"[""English"", ""Hindi"", ""Marathi""]",No preference,Rural
CAND2026-00257,Undergraduate,B.Tech,Automobile Engineering,2027,7.1,"[""Automobile Engineering"", ""Diagnostics"", ""AutoCAD"", ""Testing""]","[""Automobile"", ""Manufacturing"", ""Renewable Energy""]","[""Automobile"", ""Manufacturing"", ""Renewable Energy""]","[""Gujarat"", ""Tamil Nadu""]","[""Ahmedabad"", ""Chennai""]",Hybrid,3,No prior experience,"[""English"", ""Hindi"", ""Gujarati""]",No preference,Rural
CAND2026-00258,Undergraduate,B.Tech,Electronics and Communication,2028,8.4,"[""Embedded C"", ""Microcontrollers"", ""Networking"", ""PCB Design"", ""Troubleshooting"", ""Arduino""]","[""Electronics"", ""Telecommunications"", ""IT""]","[""Electronics"", ""Telecommunications"", ""IT""]","[""Madhya Pradesh""]","[""Indore""]",Remote,3,No prior experience,"[""English"", ""Hindi""]",No preference,Urban
CAND2026-00259,Undergraduate,B.Tech,Electrical Engineering,2026,5.8,"[""Electrical Safety"", ""Solar Energy"", ""AutoCAD"", ""MS Excel"", ""Testing"", ""Microcontrollers""]","[""Renewable Energy"", ""Electronics"", ""Infrastructure""]","[""Renewable Energy"", ""Electronics"", ""Infrastructure""]","[""Chandigarh""]","[""Chandigarh""]",On-site,4,Academic project experience,"[""English"", ""Hindi"", ""Punjabi""]",No preference,Urban
CAND2026-00260,Undergraduate,B.Com,Commerce,2027,7.1,"[""MS Excel"", ""Accounting"", ""Tally"", ""Financial Analysis"", ""Communication"", ""Documentation""]","[""Finance"", ""Accounting"", ""Banking""]","[""Finance"", ""Banking"", ""Marketing""]","[""Tamil Nadu""]","[""Chennai""]",Hybrid,6,No prior experience,"[""English"", ""Hindi"", ""Tamil""]",No preference,Urban
CAND2026-00261,Undergraduate,BBA,Business Administration,2028,8.4,"[""MS Excel"", ""Communication""]","[""Finance"", ""Marketing"", ""HR""]","[""Finance"", ""Marketing"", ""HR"", ""Logistics""]","[""West Bengal"", ""Tamil Nadu""]","[""Kolkata"", ""Madurai""]",On-site,2,No prior experience,"[""English"", ""Hindi"", ""Bengali""]",No preference,Rural
CAND2026-00262,Undergraduate,B.Sc.,Agriculture,2026,5.8,"[""Agriculture"", ""Field Survey""]","[""Agriculture Technology"", ""Rural Development"", ""Sustainability""]","[""Agriculture"", ""Rural Development"", ""Renewable Energy""]","[""Kerala""]","[""Kochi""]",Hybrid,3,Academic project experience,"[""English"", ""Hindi"", ""Malayalam""]",No preference,Rural
CAND2026-00263,Undergraduate,B.Sc.,Data Science,2027,7.1,"[""Python"", ""SQL""]","[""Data Science"", ""Business Intelligence"", ""AI/ML""]","[""Data Science"", ""AI/ML"", ""IT""]","[""Andhra Pradesh""]","[""Vijayawada""]",Remote,3,No prior experience,"[""English"", ""Hindi"", ""Telugu""]",No preference,Urban
CAND2026-00264,Undergraduate,BCA,Computer Applications,2028,8.4,"[""Python"", ""JavaScript"", ""SQL"", ""React""]","[""Software Development"", ""IT"", ""Data Science""]","[""Software Development"", ""IT"", ""Data Science""]","[""Tamil Nadu""]","[""Madurai""]",On-site,4,No prior experience,"[""English"", ""Hindi"", ""Tamil""]",No preference,Urban
CAND2026-00265,Diploma,Diploma,Civil Engineering,2025,7.1,"[""AutoCAD"", ""Site Survey"", ""MS Excel"", ""Documentation""]","[""Infrastructure"", ""Construction"", ""Urban Development""]","[""Infrastructure"", ""Manufacturing"", ""Renewable Energy""]","[""Odisha"", ""Uttar Pradesh""]","[""Bhubaneswar"", ""Noida""]",Hybrid,6,0-1 internship experience,"[""Hindi"", ""English"", ""Odia""]",Accessible workplace preferred,Urban
CAND2026-00266,Diploma,Diploma,Electrical Engineering,2026,8.2,"[""Electrical Safety"", ""Solar Energy"", ""Testing"", ""Troubleshooting""]","[""Renewable Energy"", ""Electronics"", ""Infrastructure""]","[""Renewable Energy"", ""Electronics"", ""Telecommunications""]","[""Assam""]","[""Guwahati""]",On-site,2,No prior experience,"[""Hindi"", ""English"", ""Assamese""]",No preference,Rural
CAND2026-00267,Undergraduate,BA,Public Administration,2028,8.4,"[""MS Excel"", ""Documentation"", ""Communication"", ""Research""]","[""Government"", ""E-Governance"", ""Rural Development""]","[""Government"", ""E-Governance"", ""Rural Development""]","[""Karnataka""]","[""Bengaluru""]",Hybrid,3,No prior experience,"[""Hindi"", ""English"", ""Kannada""]",No preference,Rural
CAND2026-00268,Undergraduate,BA,Social Work,2026,5.8,"[""Field Survey"", ""Community Engagement"", ""Communication"", ""Data Collection"", ""Documentation"", ""MS Excel""]","[""Rural Development"", ""Education"", ""Healthcare""]","[""Rural Development"", ""Education"", ""Healthcare"", ""Government""]","[""Uttar Pradesh""]","[""Noida""]",Remote,3,Academic project experience,"[""Hindi"", ""English""]",No preference,Urban
CAND2026-00269,Undergraduate,B.Sc.,Nursing,2027,7.1,"[""Patient Support"", ""Documentation"", ""Communication"", ""MS Excel"", ""Data Entry"", ""Teamwork""]","[""Healthcare"", ""Public Health""]","[""Healthcare"", ""Government"", ""Education""]","[""Bihar"", ""Uttar Pradesh""]","[""Patna"", ""Varanasi""]",On-site,4,No prior experience,"[""English"", ""Hindi""]",No preference,Urban
CAND2026-00270,Undergraduate,BA,Tourism,2028,8.4,"[""Customer Service"", ""Communication"", ""Tourism Operations"", ""Content Writing"", ""MS Excel"", ""Documentation""]","[""Tourism"", ""Hospitality"", ""Marketing""]","[""Tourism"", ""Marketing"", ""Logistics""]","[""Tripura""]","[""Agartala""]",Hybrid,6,No prior experience,"[""English"", ""Hindi"", ""Bengali""]",No preference,Urban
CAND2026-00271,Undergraduate,B.Tech,Computer Science,2026,5.8,"[""Python"", ""SQL""]","[""Data Science"", ""Software Development"", ""AI/ML""]","[""IT"", ""Software Development"", ""Data Science"", ""AI/ML""]","[""Telangana""]","[""Warangal""]",On-site,2,Academic project experience,"[""English"", ""Hindi"", ""Telugu""]",No preference,Rural
CAND2026-00272,Undergraduate,B.Tech,Information Technology,2027,7.1,"[""Python"", ""JavaScript""]","[""Software Development"", ""Cybersecurity"", ""IT""]","[""Software Development"", ""Cybersecurity"", ""IT""]","[""Rajasthan""]","[""Jaipur""]",Hybrid,3,No prior experience,"[""English"", ""Hindi""]",No preference,Rural
CAND2026-00273,Undergraduate,B.Tech,Artificial Intelligence,2028,8.4,"[""Python"", ""Machine Learning""]","[""AI/ML"", ""Data Science""]","[""AI/ML"", ""Data Science"", ""Software Development""]","[""Jharkhand"", ""Rajasthan""]","[""Jamshedpur"", ""Udaipur""]",Remote,3,No prior experience,"[""English"", ""Hindi""]",No preference,Urban
CAND2026-00274,Undergraduate,B.Tech,Mechanical Engineering,2026,5.8,"[""AutoCAD"", ""SolidWorks"", ""Manufacturing"", ""Quality Control""]","[""Manufacturing"", ""Automobile"", ""Infrastructure""]","[""Manufacturing"", ""Automobile"", ""Infrastructure""]","[""Uttarakhand""]","[""Dehradun""]",On-site,4,Academic project experience,"[""English"", ""Hindi""]",No preference,Urban
CAND2026-00275,Undergraduate,B.Tech,Automobile Engineering,2027,7.1,"[""Automobile Engineering"", ""Diagnostics"", ""AutoCAD"", ""Testing""]","[""Automobile"", ""Manufacturing"", ""Renewable Energy""]","[""Automobile"", ""Manufacturing"", ""Renewable Energy""]","[""Maharashtra""]","[""Nagpur""]",Hybrid,6,No prior experience,"[""English"", ""Hindi"", ""Marathi""]",No preference,Urban
CAND2026-00276,Undergraduate,B.Tech,Electronics and Communication,2028,8.4,"[""Embedded C"", ""Microcontrollers"", ""Networking"", ""PCB Design""]","[""Electronics"", ""Telecommunications"", ""IT""]","[""Electronics"", ""Telecommunications"", ""IT""]","[""Gujarat""]","[""Ahmedabad""]",On-site,2,0-1 internship experience,"[""English"", ""Hindi"", ""Gujarati""]",No preference,Rural
CAND2026-00277,Undergraduate,B.Tech,Electrical Engineering,2026,5.8,"[""Electrical Safety"", ""Solar Energy"", ""AutoCAD"", ""MS Excel""]","[""Renewable Energy"", ""Electronics"", ""Infrastructure""]","[""Renewable Energy"", ""Electronics"", ""Infrastructure""]","[""Madhya Pradesh"", ""Gujarat""]","[""Indore"", ""Surat""]",Hybrid,3,Academic project experience,"[""English"", ""Hindi""]",Accessible workplace preferred,Rural
CAND2026-00278,Undergraduate,B.Com,Commerce,2027,7.1,"[""MS Excel"", ""Accounting"", ""Tally"", ""Financial Analysis"", ""Communication"", ""Documentation""]","[""Finance"", ""Accounting"", ""Banking""]","[""Finance"", ""Banking"", ""Marketing""]","[""Chandigarh""]","[""Chandigarh""]",Remote,3,No prior experience,"[""English"", ""Hindi"", ""Punjabi""]",No preference,Urban
CAND2026-00279,Undergraduate,BBA,Business Administration,2028,8.4,"[""MS Excel"", ""Communication"", ""Financial Analysis"", ""Digital Marketing"", ""Project Management"", ""Documentation""]","[""Finance"", ""Marketing"", ""HR""]","[""Finance"", ""Marketing"", ""HR"", ""Logistics""]","[""Tamil Nadu""]","[""Chennai""]",On-site,4,No prior experience,"[""English"", ""Hindi"", ""Tamil""]",No preference,Urban
CAND2026-00280,Undergraduate,B.Sc.,Agriculture,2026,5.8,"[""Agriculture"", ""Field Survey"", ""Data Collection"", ""MS Excel"", ""Community Engagement"", ""Communication""]","[""Agriculture Technology"", ""Rural Development"", ""Sustainability""]","[""Agriculture"", ""Rural Development"", ""Renewable Energy""]","[""West Bengal""]","[""Kolkata""]",Hybrid,6,Academic project experience,"[""English"", ""Hindi"", ""Bengali""]",No preference,Urban
CAND2026-00281,Undergraduate,B.Sc.,Data Science,2027,7.1,"[""Python"", ""SQL""]","[""Data Science"", ""Business Intelligence"", ""AI/ML""]","[""Data Science"", ""AI/ML"", ""IT""]","[""Kerala"", ""West Bengal""]","[""Kochi"", ""Siliguri""]",On-site,2,No prior experience,"[""English"", ""Hindi"", ""Malayalam""]",No preference,Rural
CAND2026-00282,Undergraduate,BCA,Computer Applications,2028,8.4,"[""Python"", ""JavaScript""]","[""Software Development"", ""IT"", ""Data Science""]","[""Software Development"", ""IT"", ""Data Science""]","[""Andhra Pradesh""]","[""Vijayawada""]",Hybrid,3,No prior experience,"[""English"", ""Hindi"", ""Telugu""]",No preference,Rural
CAND2026-00283,Diploma,Diploma,Civil Engineering,2027,7.9,"[""AutoCAD"", ""Site Survey""]","[""Infrastructure"", ""Construction"", ""Urban Development""]","[""Infrastructure"", ""Manufacturing"", ""Renewable Energy""]","[""Tamil Nadu""]","[""Madurai""]",Remote,3,Academic project experience,"[""Hindi"", ""English"", ""Tamil""]",No preference,Urban
CAND2026-00284,Diploma,Diploma,Electrical Engineering,2028,9.0,"[""Electrical Safety"", ""Solar Energy"", ""Testing"", ""Troubleshooting""]","[""Renewable Energy"", ""Electronics"", ""Infrastructure""]","[""Renewable Energy"", ""Electronics"", ""Telecommunications""]","[""Odisha""]","[""Bhubaneswar""]",On-site,4,No prior experience,"[""Hindi"", ""English"", ""Odia""]",No preference,Urban
CAND2026-00285,Undergraduate,BA,Public Administration,2028,8.4,"[""MS Excel"", ""Documentation"", ""Communication"", ""Research""]","[""Government"", ""E-Governance"", ""Rural Development""]","[""Government"", ""E-Governance"", ""Rural Development""]","[""Assam"", ""Odisha""]","[""Guwahati"", ""Cuttack""]",Hybrid,6,No prior experience,"[""Hindi"", ""English"", ""Assamese""]",No preference,Urban
CAND2026-00286,Undergraduate,BA,Social Work,2026,5.8,"[""Field Survey"", ""Community Engagement"", ""Communication"", ""Data Collection""]","[""Rural Development"", ""Education"", ""Healthcare""]","[""Rural Development"", ""Education"", ""Healthcare"", ""Government""]","[""Karnataka""]","[""Bengaluru""]",On-site,2,Academic project experience,"[""Hindi"", ""English"", ""Kannada""]",No preference,Rural
CAND2026-00287,Undergraduate,B.Sc.,Nursing,2027,7.1,"[""Patient Support"", ""Documentation"", ""Communication"", ""MS Excel""]","[""Healthcare"", ""Public Health""]","[""Healthcare"", ""Government"", ""Education""]","[""Uttar Pradesh""]","[""Noida""]",Hybrid,3,0-1 internship experience,"[""English"", ""Hindi""]",No preference,Rural
CAND2026-00288,Undergraduate,BA,Tourism,2028,8.4,"[""Customer Service"", ""Communication"", ""Tourism Operations"", ""Content Writing"", ""MS Excel"", ""Documentation""]","[""Tourism"", ""Hospitality"", ""Marketing""]","[""Tourism"", ""Marketing"", ""Logistics""]","[""Bihar""]","[""Patna""]",Remote,3,No prior experience,"[""English"", ""Hindi""]",No preference,Urban
CAND2026-00289,Undergraduate,B.Tech,Computer Science,2026,5.8,"[""Python"", ""SQL"", ""Data Analysis"", ""Git"", ""React"", ""Machine Learning""]","[""Data Science"", ""Software Development"", ""AI/ML""]","[""IT"", ""Software Development"", ""Data Science"", ""AI/ML""]","[""Manipur"", ""Bihar""]","[""Imphal"", ""Gaya""]",On-site,4,Academic project experience,"[""English"", ""Hindi"", ""Manipuri""]",Accessible workplace preferred,Urban
CAND2026-00290,Undergraduate,B.Tech,Information Technology,2027,7.1,"[""Python"", ""JavaScript"", ""React"", ""SQL"", ""Networking"", ""Git""]","[""Software Development"", ""Cybersecurity"", ""IT""]","[""Software Development"", ""Cybersecurity"", ""IT""]","[""Telangana""]","[""Warangal""]",Hybrid,6,No prior experience,"[""English"", ""Hindi"", ""Telugu""]",No preference,Urban
CAND2026-00291,Undergraduate,B.Tech,Artificial Intelligence,2028,8.4,"[""Python"", ""Machine Learning""]","[""AI/ML"", ""Data Science""]","[""AI/ML"", ""Data Science"", ""Software Development""]","[""Rajasthan""]","[""Jaipur""]",On-site,2,No prior experience,"[""English"", ""Hindi""]",No preference,Rural
CAND2026-00292,Undergraduate,B.Tech,Mechanical Engineering,2026,5.8,"[""AutoCAD"", ""SolidWorks""]","[""Manufacturing"", ""Automobile"", ""Infrastructure""]","[""Manufacturing"", ""Automobile"", ""Infrastructure""]","[""Jharkhand""]","[""Jamshedpur""]",Hybrid,3,Academic project experience,"[""English"", ""Hindi""]",No preference,Rural
CAND2026-00293,Undergraduate,B.Tech,Automobile Engineering,2027,7.1,"[""Automobile Engineering"", ""Diagnostics""]","[""Automobile"", ""Manufacturing"", ""Renewable Energy""]","[""Automobile"", ""Manufacturing"", ""Renewable Energy""]","[""Uttarakhand"", ""Jharkhand""]","[""Dehradun"", ""Jamshedpur""]",Remote,3,No prior experience,"[""English"", ""Hindi""]",No preference,Urban
CAND2026-00294,Undergraduate,B.Tech,Electronics and Communication,2028,8.4,"[""Embedded C"", ""Microcontrollers"", ""Networking"", ""PCB Design""]","[""Electronics"", ""Telecommunications"", ""IT""]","[""Electronics"", ""Telecommunications"", ""IT""]","[""Maharashtra""]","[""Nagpur""]",On-site,4,No prior experience,"[""English"", ""Hindi"", ""Marathi""]",No preference,Urban
CAND2026-00295,Undergraduate,B.Tech,Electrical Engineering,2026,5.8,"[""Electrical Safety"", ""Solar Energy"", ""AutoCAD"", ""MS Excel""]","[""Renewable Energy"", ""Electronics"", ""Infrastructure""]","[""Renewable Energy"", ""Electronics"", ""Infrastructure""]","[""Gujarat""]","[""Ahmedabad""]",Hybrid,6,Academic project experience,"[""English"", ""Hindi"", ""Gujarati""]",No preference,Urban
CAND2026-00296,Undergraduate,B.Com,Commerce,2027,7.1,"[""MS Excel"", ""Accounting"", ""Tally"", ""Financial Analysis""]","[""Finance"", ""Accounting"", ""Banking""]","[""Finance"", ""Banking"", ""Marketing""]","[""Madhya Pradesh""]","[""Indore""]",On-site,2,No prior experience,"[""English"", ""Hindi""]",No preference,Rural
CAND2026-00297,Undergraduate,BBA,Business Administration,2028,8.4,"[""MS Excel"", ""Communication"", ""Financial Analysis"", ""Digital Marketing""]","[""Finance"", ""Marketing"", ""HR""]","[""Finance"", ""Marketing"", ""HR"", ""Logistics""]","[""Chandigarh"", ""Madhya Pradesh""]","[""Chandigarh"", ""Indore""]",Hybrid,3,No prior experience,"[""English"", ""Hindi"", ""Punjabi""]",No preference,Rural
CAND2026-00298,Undergraduate,B.Sc.,Agriculture,2026,5.8,"[""Agriculture"", ""Field Survey"", ""Data Collection"", ""MS Excel"", ""Community Engagement"", ""Communication""]","[""Agriculture Technology"", ""Rural Development"", ""Sustainability""]","[""Agriculture"", ""Rural Development"", ""Renewable Energy""]","[""Tamil Nadu""]","[""Chennai""]",Remote,3,0-1 internship experience,"[""English"", ""Hindi"", ""Tamil""]",No preference,Urban
CAND2026-00299,Undergraduate,B.Sc.,Data Science,2027,7.1,"[""Python"", ""SQL"", ""Data Analysis"", ""Power BI"", ""Pandas"", ""MS Excel""]","[""Data Science"", ""Business Intelligence"", ""AI/ML""]","[""Data Science"", ""AI/ML"", ""IT""]","[""West Bengal""]","[""Kolkata""]",On-site,4,No prior experience,"[""English"", ""Hindi"", ""Bengali""]",No preference,Urban
CAND2026-00300,Undergraduate,BCA,Computer Applications,2028,8.4,"[""Python"", ""JavaScript"", ""SQL"", ""React"", ""MS Excel"", ""Git""]","[""Software Development"", ""IT"", ""Data Science""]","[""Software Development"", ""IT"", ""Data Science""]","[""Kerala""]","[""Kochi""]",Hybrid,6,No prior experience,"[""English"", ""Hindi"", ""Malayalam""]",No preference,Urban
CAND2026-00301,Diploma,Diploma,Civil Engineering,2025,8.7,"[""AutoCAD"", ""Site Survey""]","[""Infrastructure"", ""Construction"", ""Urban Development""]","[""Infrastructure"", ""Manufacturing"", ""Renewable Energy""]","[""Andhra Pradesh"", ""Kerala""]","[""Vijayawada"", ""Kochi""]",On-site,2,Academic project experience,"[""Hindi"", ""English"", ""Telugu""]",Accessible workplace preferred,Rural
CAND2026-00302,Diploma,Diploma,Electrical Engineering,2026,6.0,"[""Electrical Safety"", ""Solar Energy""]","[""Renewable Energy"", ""Electronics"", ""Infrastructure""]","[""Renewable Energy"", ""Electronics"", ""Telecommunications""]","[""Tamil Nadu""]","[""Madurai""]",Hybrid,3,No prior experience,"[""Hindi"", ""English"", ""Tamil""]",No preference,Rural
CAND2026-00303,Undergraduate,BA,Public Administration,2028,8.4,"[""MS Excel"", ""Documentation""]","[""Government"", ""E-Governance"", ""Rural Development""]","[""Government"", ""E-Governance"", ""Rural Development""]","[""Odisha""]","[""Bhubaneswar""]",Remote,3,No prior experience,"[""Hindi"", ""English"", ""Odia""]",No preference,Urban
CAND2026-00304,Undergraduate,BA,Social Work,2026,5.8,"[""Field Survey"", ""Community Engagement"", ""Communication"", ""Data Collection""]","[""Rural Development"", ""Education"", ""Healthcare""]","[""Rural Development"", ""Education"", ""Healthcare"", ""Government""]","[""Assam""]","[""Guwahati""]",On-site,4,Academic project experience,"[""Hindi"", ""English"", ""Assamese""]",No preference,Urban
CAND2026-00305,Undergraduate,B.Sc.,Nursing,2027,7.1,"[""Patient Support"", ""Documentation"", ""Communication"", ""MS Excel""]","[""Healthcare"", ""Public Health""]","[""Healthcare"", ""Government"", ""Education""]","[""Karnataka"", ""Assam""]","[""Bengaluru"", ""Guwahati""]",Hybrid,6,No prior experience,"[""English"", ""Hindi"", ""Kannada""]",No preference,Urban
CAND2026-00306,Undergraduate,BA,Tourism,2028,8.4,"[""Customer Service"", ""Communication"", ""Tourism Operations"", ""Content Writing""]","[""Tourism"", ""Hospitality"", ""Marketing""]","[""Tourism"", ""Marketing"", ""Logistics""]","[""Uttar Pradesh""]","[""Noida""]",On-site,2,No prior experience,"[""English"", ""Hindi""]",No preference,Rural
CAND2026-00307,Undergraduate,B.Tech,Computer Science,2026,5.8,"[""Python"", ""SQL"", ""Data Analysis"", ""Git""]","[""Data Science"", ""Software Development"", ""AI/ML""]","[""IT"", ""Software Development"", ""Data Science"", ""AI/ML""]","[""Bihar""]","[""Gaya""]",Hybrid,3,Academic project experience,"[""English"", ""Hindi""]",No preference,Rural
CAND2026-00308,Undergraduate,B.Tech,Information Technology,2027,7.1,"[""Python"", ""JavaScript"", ""React"", ""SQL"", ""Networking"", ""Git""]","[""Software Development"", ""Cybersecurity"", ""IT""]","[""Software Development"", ""Cybersecurity"", ""IT""]","[""Manipur""]","[""Imphal""]",Remote,3,No prior experience,"[""English"", ""Hindi"", ""Manipuri""]",No preference,Urban
CAND2026-00309,Undergraduate,B.Tech,Artificial Intelligence,2028,8.4,"[""Python"", ""Machine Learning"", ""Pandas"", ""Scikit-learn"", ""Data Analysis"", ""SQL""]","[""AI/ML"", ""Data Science""]","[""AI/ML"", ""Data Science"", ""Software Development""]","[""Telangana"", ""Tripura""]","[""Warangal"", ""Agartala""]",On-site,4,0-1 internship experience,"[""English"", ""Hindi"", ""Telugu""]",No preference,Urban
CAND2026-00310,Undergraduate,B.Tech,Mechanical Engineering,2026,5.8,"[""AutoCAD"", ""SolidWorks"", ""Manufacturing"", ""Quality Control"", ""MS Excel"", ""Testing""]","[""Manufacturing"", ""Automobile"", ""Infrastructure""]","[""Manufacturing"", ""Automobile"", ""Infrastructure""]","[""Rajasthan""]","[""Jaipur""]",Hybrid,6,Academic project experience,"[""English"", ""Hindi""]",No preference,Urban
CAND2026-00311,Undergraduate,B.Tech,Automobile Engineering,2027,7.1,"[""Automobile Engineering"", ""Diagnostics""]","[""Automobile"", ""Manufacturing"", ""Renewable Energy""]","[""Automobile"", ""Manufacturing"", ""Renewable Energy""]","[""Jharkhand""]","[""Jamshedpur""]",On-site,2,No prior experience,"[""English"", ""Hindi""]",No preference,Rural
CAND2026-00312,Undergraduate,B.Tech,Electronics and Communication,2028,8.4,"[""Embedded C"", ""Microcontrollers""]","[""Electronics"", ""Telecommunications"", ""IT""]","[""Electronics"", ""Telecommunications"", ""IT""]","[""Uttarakhand""]","[""Dehradun""]",Hybrid,3,No prior experience,"[""English"", ""Hindi""]",No preference,Rural
CAND2026-00313,Undergraduate,B.Tech,Electrical Engineering,2026,5.8,"[""Electrical Safety"", ""Solar Energy""]","[""Renewable Energy"", ""Electronics"", ""Infrastructure""]","[""Renewable Energy"", ""Electronics"", ""Infrastructure""]","[""Maharashtra"", ""Jammu and Kashmir""]","[""Nagpur"", ""Srinagar""]",Remote,3,Academic project experience,"[""English"", ""Hindi"", ""Marathi""]",Accessible workplace preferred,Urban
CAND2026-00314,Undergraduate,B.Com,Commerce,2027,7.1,"[""MS Excel"", ""Accounting"", ""Tally"", ""Financial Analysis""]","[""Finance"", ""Accounting"", ""Banking""]","[""Finance"", ""Banking"", ""Marketing""]","[""Gujarat""]","[""Ahmedabad""]",On-site,4,No prior experience,"[""English"", ""Hindi"", ""Gujarati""]",No preference,Urban
CAND2026-00315,Undergraduate,BBA,Business Administration,2028,8.4,"[""MS Excel"", ""Communication"", ""Financial Analysis"", ""Digital Marketing""]","[""Finance"", ""Marketing"", ""HR""]","[""Finance"", ""Marketing"", ""HR"", ""Logistics""]","[""Madhya Pradesh""]","[""Indore""]",Hybrid,6,No prior experience,"[""English"", ""Hindi""]",No preference,Urban
CAND2026-00316,Undergraduate,B.Sc.,Agriculture,2026,5.8,"[""Agriculture"", ""Field Survey"", ""Data Collection"", ""MS Excel""]","[""Agriculture Technology"", ""Rural Development"", ""Sustainability""]","[""Agriculture"", ""Rural Development"", ""Renewable Energy""]","[""Chandigarh""]","[""Chandigarh""]",On-site,2,Academic project experience,"[""English"", ""Hindi"", ""Punjabi""]",No preference,Rural
CAND2026-00317,Undergraduate,B.Sc.,Data Science,2027,7.1,"[""Python"", ""SQL"", ""Data Analysis"", ""Power BI""]","[""Data Science"", ""Business Intelligence"", ""AI/ML""]","[""Data Science"", ""AI/ML"", ""IT""]","[""Tamil Nadu"", ""Himachal Pradesh""]","[""Chennai"", ""Shimla""]",Hybrid,3,No prior experience,"[""English"", ""Hindi"", ""Tamil""]",No preference,Rural
CAND2026-00318,Undergraduate,BCA,Computer Applications,2028,8.4,"[""Python"", ""JavaScript"", ""SQL"", ""React"", ""MS Excel"", ""Git""]","[""Software Development"", ""IT"", ""Data Science""]","[""Software Development"", ""IT"", ""Data Science""]","[""West Bengal""]","[""Kolkata""]",Remote,3,No prior experience,"[""English"", ""Hindi"", ""Bengali""]",No preference,Urban
CAND2026-00319,Diploma,Diploma,Civil Engineering,2027,5.7,"[""AutoCAD"", ""Site Survey"", ""MS Excel"", ""Documentation"", ""Project Management"", ""Testing""]","[""Infrastructure"", ""Construction"", ""Urban Development""]","[""Infrastructure"", ""Manufacturing"", ""Renewable Energy""]","[""Kerala""]","[""Kochi""]",On-site,4,Academic project experience,"[""Hindi"", ""English"", ""Malayalam""]",No preference,Urban
CAND2026-00320,Diploma,Diploma,Electrical Engineering,2028,6.8,"[""Electrical Safety"", ""Solar Energy"", ""Testing"", ""Troubleshooting"", ""MS Excel"", ""AutoCAD""]","[""Renewable Energy"", ""Electronics"", ""Infrastructure""]","[""Renewable Energy"", ""Electronics"", ""Telecommunications""]","[""Andhra Pradesh""]","[""Vijayawada""]",Hybrid,6,0-1 internship experience,"[""Hindi"", ""English"", ""Telugu""]",No preference,Urban
CAND2026-00321,Undergraduate,BA,Public Administration,2028,8.4,"[""MS Excel"", ""Documentation""]","[""Government"", ""E-Governance"", ""Rural Development""]","[""Government"", ""E-Governance"", ""Rural Development""]","[""Tamil Nadu"", ""Andhra Pradesh""]","[""Madurai"", ""Visakhapatnam""]",On-site,2,No prior experience,"[""Hindi"", ""English"", ""Tamil""]",No preference,Rural
CAND2026-00322,Undergraduate,BA,Social Work,2026,5.8,"[""Field Survey"", ""Community Engagement""]","[""Rural Development"", ""Education"", ""Healthcare""]","[""Rural Development"", ""Education"", ""Healthcare"", ""Government""]","[""Odisha""]","[""Bhubaneswar""]",Hybrid,3,Academic project experience,"[""Hindi"", ""English"", ""Odia""]",No preference,Rural
CAND2026-00323,Undergraduate,B.Sc.,Nursing,2027,7.1,"[""Patient Support"", ""Documentation""]","[""Healthcare"", ""Public Health""]","[""Healthcare"", ""Government"", ""Education""]","[""Assam""]","[""Guwahati""]",Remote,3,No prior experience,"[""English"", ""Hindi"", ""Assamese""]",No preference,Urban
CAND2026-00324,Undergraduate,BA,Tourism,2028,8.4,"[""Customer Service"", ""Communication"", ""Tourism Operations"", ""Content Writing""]","[""Tourism"", ""Hospitality"", ""Marketing""]","[""Tourism"", ""Marketing"", ""Logistics""]","[""Karnataka""]","[""Bengaluru""]",On-site,4,No prior experience,"[""English"", ""Hindi"", ""Kannada""]",No preference,Urban
CAND2026-00325,Undergraduate,B.Tech,Computer Science,2026,5.8,"[""Python"", ""SQL"", ""Data Analysis"", ""Git""]","[""Data Science"", ""Software Development"", ""AI/ML""]","[""IT"", ""Software Development"", ""Data Science"", ""AI/ML""]","[""Uttar Pradesh"", ""Goa""]","[""Lucknow"", ""Panaji""]",Hybrid,6,Academic project experience,"[""English"", ""Hindi""]",Accessible workplace preferred,Urban
CAND2026-00326,Undergraduate,B.Tech,Information Technology,2027,7.1,"[""Python"", ""JavaScript"", ""React"", ""SQL""]","[""Software Development"", ""Cybersecurity"", ""IT""]","[""Software Development"", ""Cybersecurity"", ""IT""]","[""Bihar""]","[""Gaya""]",On-site,2,No prior experience,"[""English"", ""Hindi""]",No preference,Rural
CAND2026-00327,Undergraduate,B.Tech,Artificial Intelligence,2028,8.4,"[""Python"", ""Machine Learning"", ""Pandas"", ""Scikit-learn""]","[""AI/ML"", ""Data Science""]","[""AI/ML"", ""Data Science"", ""Software Development""]","[""Manipur""]","[""Imphal""]",Hybrid,3,No prior experience,"[""English"", ""Hindi"", ""Manipuri""]",No preference,Rural
CAND2026-00328,Undergraduate,B.Tech,Mechanical Engineering,2026,5.8,"[""AutoCAD"", ""SolidWorks"", ""Manufacturing"", ""Quality Control"", ""MS Excel"", ""Testing""]","[""Manufacturing"", ""Automobile"", ""Infrastructure""]","[""Manufacturing"", ""Automobile"", ""Infrastructure""]","[""Telangana""]","[""Warangal""]",Remote,3,Academic project experience,"[""English"", ""Hindi"", ""Telugu""]",No preference,Urban
CAND2026-00329,Undergraduate,B.Tech,Automobile Engineering,2027,7.1,"[""Automobile Engineering"", ""Diagnostics"", ""AutoCAD"", ""Testing"", ""Electrical Safety""]","[""Automobile"", ""Manufacturing"", ""Renewable Energy""]","[""Automobile"", ""Manufacturing"", ""Renewable Energy""]","[""Rajasthan"", ""Karnataka""]","[""Jaipur"", ""Mysuru""]",On-site,4,No prior experience,"[""English"", ""Hindi""]",No preference,Urban
CAND2026-00330,Undergraduate,B.Tech,Electronics and Communication,2028,8.4,"[""Embedded C"", ""Microcontrollers"", ""Networking"", ""PCB Design"", ""Troubleshooting"", ""Arduino""]","[""Electronics"", ""Telecommunications"", ""IT""]","[""Electronics"", ""Telecommunications"", ""IT""]","[""Jharkhand""]","[""Jamshedpur""]",Hybrid,6,No prior experience,"[""English"", ""Hindi""]",No preference,Urban
CAND2026-00331,Undergraduate,B.Tech,Electrical Engineering,2026,5.8,"[""Electrical Safety"", ""Solar Energy""]","[""Renewable Energy"", ""Electronics"", ""Infrastructure""]","[""Renewable Energy"", ""Electronics"", ""Infrastructure""]","[""Uttarakhand""]","[""Dehradun""]",On-site,2,0-1 internship experience,"[""English"", ""Hindi""]",No preference,Rural
CAND2026-00332,Undergraduate,B.Com,Commerce,2027,7.1,"[""MS Excel"", ""Accounting""]","[""Finance"", ""Accounting"", ""Banking""]","[""Finance"", ""Banking"", ""Marketing""]","[""Maharashtra""]","[""Nagpur""]",Hybrid,3,No prior experience,"[""English"", ""Hindi"", ""Marathi""]",No preference,Rural
CAND2026-00333,Undergraduate,BBA,Business Administration,2028,8.4,"[""MS Excel"", ""Communication""]","[""Finance"", ""Marketing"", ""HR""]","[""Finance"", ""Marketing"", ""HR"", ""Logistics""]","[""Gujarat"", ""Telangana""]","[""Ahmedabad"", ""Warangal""]",Remote,3,No prior experience,"[""English"", ""Hindi"", ""Gujarati""]",No preference,Urban
CAND2026-00334,Undergraduate,B.Sc.,Agriculture,2026,5.8,"[""Agriculture"", ""Field Survey"", ""Data Collection"", ""MS Excel""]","[""Agriculture Technology"", ""Rural Development"", ""Sustainability""]","[""Agriculture"", ""Rural Development"", ""Renewable Energy""]","[""Madhya Pradesh""]","[""Indore""]",On-site,4,Academic project experience,"[""English"", ""Hindi""]",No preference,Urban
CAND2026-00335,Undergraduate,B.Sc.,Data Science,2027,7.1,"[""Python"", ""SQL"", ""Data Analysis"", ""Power BI""]","[""Data Science"", ""Business Intelligence"", ""AI/ML""]","[""Data Science"", ""AI/ML"", ""IT""]","[""Chandigarh""]","[""Chandigarh""]",Hybrid,6,No prior experience,"[""English"", ""Hindi"", ""Punjabi""]",No preference,Urban
CAND2026-00336,Undergraduate,BCA,Computer Applications,2028,8.4,"[""Python"", ""JavaScript"", ""SQL"", ""React""]","[""Software Development"", ""IT"", ""Data Science""]","[""Software Development"", ""IT"", ""Data Science""]","[""Tamil Nadu""]","[""Chennai""]",On-site,2,No prior experience,"[""English"", ""Hindi"", ""Tamil""]",No preference,Rural
CAND2026-00337,Diploma,Diploma,Civil Engineering,2025,6.5,"[""AutoCAD"", ""Site Survey"", ""MS Excel"", ""Documentation""]","[""Infrastructure"", ""Construction"", ""Urban Development""]","[""Infrastructure"", ""Manufacturing"", ""Renewable Energy""]","[""West Bengal"", ""Maharashtra""]","[""Kolkata"", ""Nagpur""]",Hybrid,3,Academic project experience,"[""Hindi"", ""English"", ""Bengali""]",Accessible workplace preferred,Rural
CAND2026-00338,Diploma,Diploma,Electrical Engineering,2026,7.6,"[""Electrical Safety"", ""Solar Energy"", ""Testing"", ""Troubleshooting"", ""MS Excel"", ""AutoCAD""]","[""Renewable Energy"", ""Electronics"", ""Infrastructure""]","[""Renewable Energy"", ""Electronics"", ""Telecommunications""]","[""Kerala""]","[""Kochi""]",Remote,3,No prior experience,"[""Hindi"", ""English"", ""Malayalam""]",No preference,Urban
CAND2026-00339,Undergraduate,BA,Public Administration,2028,8.4,"[""MS Excel"", ""Documentation"", ""Communication"", ""Research"", ""Data Entry"", ""Digital Literacy""]","[""Government"", ""E-Governance"", ""Rural Development""]","[""Government"", ""E-Governance"", ""Rural Development""]","[""Andhra Pradesh""]","[""Vijayawada""]",On-site,4,No prior experience,"[""Hindi"", ""English"", ""Telugu""]",No preference,Urban
CAND2026-00340,Undergraduate,BA,Social Work,2026,5.8,"[""Field Survey"", ""Community Engagement"", ""Communication"", ""Data Collection"", ""Documentation"", ""MS Excel""]","[""Rural Development"", ""Education"", ""Healthcare""]","[""Rural Development"", ""Education"", ""Healthcare"", ""Government""]","[""Tamil Nadu""]","[""Madurai""]",Hybrid,6,Academic project experience,"[""Hindi"", ""English"", ""Tamil""]",No preference,Urban
CAND2026-00341,Undergraduate,B.Sc.,Nursing,2027,7.1,"[""Patient Support"", ""Documentation""]","[""Healthcare"", ""Public Health""]","[""Healthcare"", ""Government"", ""Education""]","[""Odisha"", ""Tamil Nadu""]","[""Bhubaneswar"", ""Chennai""]",On-site,2,No prior experience,"[""English"", ""Hindi"", ""Odia""]",No preference,Rural
CAND2026-00342,Undergraduate,BA,Tourism,2028,8.4,"[""Customer Service"", ""Communication""]","[""Tourism"", ""Hospitality"", ""Marketing""]","[""Tourism"", ""Marketing"", ""Logistics""]","[""Assam""]","[""Guwahati""]",Hybrid,3,0-1 internship experience,"[""English"", ""Hindi"", ""Assamese""]",No preference,Rural
CAND2026-00343,Undergraduate,B.Tech,Computer Science,2026,5.8,"[""Python"", ""SQL""]","[""Data Science"", ""Software Development"", ""AI/ML""]","[""IT"", ""Software Development"", ""Data Science"", ""AI/ML""]","[""Karnataka""]","[""Mysuru""]",Remote,3,Academic project experience,"[""English"", ""Hindi"", ""Kannada""]",No preference,Urban
CAND2026-00344,Undergraduate,B.Tech,Information Technology,2027,7.1,"[""Python"", ""JavaScript"", ""React"", ""SQL""]","[""Software Development"", ""Cybersecurity"", ""IT""]","[""Software Development"", ""Cybersecurity"", ""IT""]","[""Uttar Pradesh""]","[""Lucknow""]",On-site,4,No prior experience,"[""English"", ""Hindi""]",No preference,Urban
CAND2026-00345,Undergraduate,B.Tech,Artificial Intelligence,2028,8.4,"[""Python"", ""Machine Learning"", ""Pandas"", ""Scikit-learn""]","[""AI/ML"", ""Data Science""]","[""AI/ML"", ""Data Science"", ""Software Development""]","[""Bihar"", ""Tamil Nadu""]","[""Gaya"", ""Madurai""]",Hybrid,6,No prior experience,"[""English"", ""Hindi""]",No preference,Urban
CAND2026-00346,Undergraduate,B.Tech,Mechanical Engineering,2026,5.8,"[""AutoCAD"", ""SolidWorks"", ""Manufacturing"", ""Quality Control""]","[""Manufacturing"", ""Automobile"", ""Infrastructure""]","[""Manufacturing"", ""Automobile"", ""Infrastructure""]","[""Manipur""]","[""Imphal""]",On-site,2,Academic project experience,"[""English"", ""Hindi"", ""Manipuri""]",No preference,Rural
CAND2026-00347,Undergraduate,B.Tech,Automobile Engineering,2027,7.1,"[""Automobile Engineering"", ""Diagnostics"", ""AutoCAD"", ""Testing""]","[""Automobile"", ""Manufacturing"", ""Renewable Energy""]","[""Automobile"", ""Manufacturing"", ""Renewable Energy""]","[""Telangana""]","[""Warangal""]",Hybrid,3,No prior experience,"[""English"", ""Hindi"", ""Telugu""]",No preference,Rural
CAND2026-00348,Undergraduate,B.Tech,Electronics and Communication,2028,8.4,"[""Embedded C"", ""Microcontrollers"", ""Networking"", ""PCB Design"", ""Troubleshooting"", ""Arduino""]","[""Electronics"", ""Telecommunications"", ""IT""]","[""Electronics"", ""Telecommunications"", ""IT""]","[""Rajasthan""]","[""Jaipur""]",Remote,3,No prior experience,"[""English"", ""Hindi""]",No preference,Urban
CAND2026-00349,Undergraduate,B.Tech,Electrical Engineering,2026,5.8,"[""Electrical Safety"", ""Solar Energy"", ""AutoCAD"", ""MS Excel"", ""Testing"", ""Microcontrollers""]","[""Renewable Energy"", ""Electronics"", ""Infrastructure""]","[""Renewable Energy"", ""Electronics"", ""Infrastructure""]","[""Jharkhand"", ""Uttar Pradesh""]","[""Jamshedpur"", ""Noida""]",On-site,4,Academic project experience,"[""English"", ""Hindi""]",Accessible workplace preferred,Urban
CAND2026-00350,Undergraduate,B.Com,Commerce,2027,7.1,"[""MS Excel"", ""Accounting"", ""Tally"", ""Financial Analysis"", ""Communication"", ""Documentation""]","[""Finance"", ""Accounting"", ""Banking""]","[""Finance"", ""Banking"", ""Marketing""]","[""Uttarakhand""]","[""Dehradun""]",Hybrid,6,No prior experience,"[""English"", ""Hindi""]",No preference,Urban
CAND2026-00351,Undergraduate,BBA,Business Administration,2028,8.4,"[""MS Excel"", ""Communication""]","[""Finance"", ""Marketing"", ""HR""]","[""Finance"", ""Marketing"", ""HR"", ""Logistics""]","[""Maharashtra""]","[""Nagpur""]",On-site,2,No prior experience,"[""English"", ""Hindi"", ""Marathi""]",No preference,Rural
CAND2026-00352,Undergraduate,B.Sc.,Agriculture,2026,5.8,"[""Agriculture"", ""Field Survey""]","[""Agriculture Technology"", ""Rural Development"", ""Sustainability""]","[""Agriculture"", ""Rural Development"", ""Renewable Energy""]","[""Gujarat""]","[""Ahmedabad""]",Hybrid,3,Academic project experience,"[""English"", ""Hindi"", ""Gujarati""]",No preference,Rural
CAND2026-00353,Undergraduate,B.Sc.,Data Science,2027,7.1,"[""Python"", ""SQL""]","[""Data Science"", ""Business Intelligence"", ""AI/ML""]","[""Data Science"", ""AI/ML"", ""IT""]","[""Madhya Pradesh"", ""Uttar Pradesh""]","[""Indore"", ""Varanasi""]",Remote,3,0-1 internship experience,"[""English"", ""Hindi""]",No preference,Urban
CAND2026-00354,Undergraduate,BCA,Computer Applications,2028,8.4,"[""Python"", ""JavaScript"", ""SQL"", ""React""]","[""Software Development"", ""IT"", ""Data Science""]","[""Software Development"", ""IT"", ""Data Science""]","[""Chandigarh""]","[""Chandigarh""]",On-site,4,No prior experience,"[""English"", ""Hindi"", ""Punjabi""]",No preference,Urban
CAND2026-00355,Diploma,Diploma,Civil Engineering,2027,7.3,"[""AutoCAD"", ""Site Survey"", ""MS Excel"", ""Documentation""]","[""Infrastructure"", ""Construction"", ""Urban Development""]","[""Infrastructure"", ""Manufacturing"", ""Renewable Energy""]","[""Tamil Nadu""]","[""Chennai""]",Hybrid,6,Academic project experience,"[""Hindi"", ""English"", ""Tamil""]",No preference,Urban
CAND2026-00356,Diploma,Diploma,Electrical Engineering,2028,8.4,"[""Electrical Safety"", ""Solar Energy"", ""Testing"", ""Troubleshooting""]","[""Renewable Energy"", ""Electronics"", ""Infrastructure""]","[""Renewable Energy"", ""Electronics"", ""Telecommunications""]","[""West Bengal""]","[""Kolkata""]",On-site,2,No prior experience,"[""Hindi"", ""English"", ""Bengali""]",No preference,Rural
CAND2026-00357,Undergraduate,BA,Public Administration,2028,8.4,"[""MS Excel"", ""Documentation"", ""Communication"", ""Research""]","[""Government"", ""E-Governance"", ""Rural Development""]","[""Government"", ""E-Governance"", ""Rural Development""]","[""Kerala"", ""Rajasthan""]","[""Kochi"", ""Udaipur""]",Hybrid,3,No prior experience,"[""Hindi"", ""English"", ""Malayalam""]",No preference,Rural
CAND2026-00358,Undergraduate,BA,Social Work,2026,5.8,"[""Field Survey"", ""Community Engagement"", ""Communication"", ""Data Collection"", ""Documentation"", ""MS Excel""]","[""Rural Development"", ""Education"", ""Healthcare""]","[""Rural Development"", ""Education"", ""Healthcare"", ""Government""]","[""Andhra Pradesh""]","[""Vijayawada""]",Remote,3,Academic project experience,"[""Hindi"", ""English"", ""Telugu""]",No preference,Urban
CAND2026-00359,Undergraduate,B.Sc.,Nursing,2027,7.1,"[""Patient Support"", ""Documentation"", ""Communication"", ""MS Excel"", ""Data Entry"", ""Teamwork""]","[""Healthcare"", ""Public Health""]","[""Healthcare"", ""Government"", ""Education""]","[""Tamil Nadu""]","[""Madurai""]",On-site,4,No prior experience,"[""English"", ""Hindi"", ""Tamil""]",No preference,Urban
CAND2026-00360,Undergraduate,BA,Tourism,2028,8.4,"[""Customer Service"", ""Communication"", ""Tourism Operations"", ""Content Writing"", ""MS Excel"", ""Documentation""]","[""Tourism"", ""Hospitality"", ""Marketing""]","[""Tourism"", ""Marketing"", ""Logistics""]","[""Odisha""]","[""Bhubaneswar""]",Hybrid,6,No prior experience,"[""English"", ""Hindi"", ""Odia""]",No preference,Urban
CAND2026-00361,Undergraduate,B.Tech,Computer Science,2026,5.8,"[""Python"", ""SQL""]","[""Data Science"", ""Software Development"", ""AI/ML""]","[""IT"", ""Software Development"", ""Data Science"", ""AI/ML""]","[""Meghalaya"", ""Gujarat""]","[""Shillong"", ""Surat""]",On-site,2,Academic project experience,"[""English"", ""Hindi""]",Accessible workplace preferred,Rural
CAND2026-00362,Undergraduate,B.Tech,Information Technology,2027,7.1,"[""Python"", ""JavaScript""]","[""Software Development"", ""Cybersecurity"", ""IT""]","[""Software Development"", ""Cybersecurity"", ""IT""]","[""Karnataka""]","[""Mysuru""]",Hybrid,3,No prior experience,"[""English"", ""Hindi"", ""Kannada""]",No preference,Rural
CAND2026-00363,Undergraduate,B.Tech,Artificial Intelligence,2028,8.4,"[""Python"", ""Machine Learning""]","[""AI/ML"", ""Data Science""]","[""AI/ML"", ""Data Science"", ""Software Development""]","[""Uttar Pradesh""]","[""Lucknow""]",Remote,3,No prior experience,"[""English"", ""Hindi""]",No preference,Urban
CAND2026-00364,Undergraduate,B.Tech,Mechanical Engineering,2026,5.8,"[""AutoCAD"", ""SolidWorks"", ""Manufacturing"", ""Quality Control""]","[""Manufacturing"", ""Automobile"", ""Infrastructure""]","[""Manufacturing"", ""Automobile"", ""Infrastructure""]","[""Bihar""]","[""Gaya""]",On-site,4,0-1 internship experience,"[""English"", ""Hindi""]",No preference,Urban
CAND2026-00365,Undergraduate,B.Tech,Automobile Engineering,2027,7.1,"[""Automobile Engineering"", ""Diagnostics"", ""AutoCAD"", ""Testing""]","[""Automobile"", ""Manufacturing"", ""Renewable Energy""]","[""Automobile"", ""Manufacturing"", ""Renewable Energy""]","[""Manipur"", ""West Bengal""]","[""Imphal"", ""Siliguri""]",Hybrid,6,No prior experience,"[""English"", ""Hindi"", ""Manipuri""]",No preference,Urban
CAND2026-00366,Undergraduate,B.Tech,Electronics and Communication,2028,8.4,"[""Embedded C"", ""Microcontrollers"", ""Networking"", ""PCB Design""]","[""Electronics"", ""Telecommunications"", ""IT""]","[""Electronics"", ""Telecommunications"", ""IT""]","[""Telangana""]","[""Warangal""]",On-site,2,No prior experience,"[""English"", ""Hindi"", ""Telugu""]",No preference,Rural
CAND2026-00367,Undergraduate,B.Tech,Electrical Engineering,2026,5.8,"[""Electrical Safety"", ""Solar Energy"", ""AutoCAD"", ""MS Excel""]","[""Renewable Energy"", ""Electronics"", ""Infrastructure""]","[""Renewable Energy"", ""Electronics"", ""Infrastructure""]","[""Rajasthan""]","[""Jaipur""]",Hybrid,3,Academic project experience,"[""English"", ""Hindi""]",No preference,Rural
CAND2026-00368,Undergraduate,B.Com,Commerce,2027,7.1,"[""MS Excel"", ""Accounting"", ""Tally"", ""Financial Analysis"", ""Communication"", ""Documentation""]","[""Finance"", ""Accounting"", ""Banking""]","[""Finance"", ""Banking"", ""Marketing""]","[""Jharkhand""]","[""Jamshedpur""]",Remote,3,No prior experience,"[""English"", ""Hindi""]",No preference,Urban
CAND2026-00369,Undergraduate,BBA,Business Administration,2028,8.4,"[""MS Excel"", ""Communication"", ""Financial Analysis"", ""Digital Marketing"", ""Project Management"", ""Documentation""]","[""Finance"", ""Marketing"", ""HR""]","[""Finance"", ""Marketing"", ""HR"", ""Logistics""]","[""Uttarakhand"", ""Odisha""]","[""Dehradun"", ""Cuttack""]",On-site,4,No prior experience,"[""English"", ""Hindi""]",No preference,Urban
CAND2026-00370,Undergraduate,B.Sc.,Agriculture,2026,5.8,"[""Agriculture"", ""Field Survey"", ""Data Collection"", ""MS Excel"", ""Community Engagement"", ""Communication""]","[""Agriculture Technology"", ""Rural Development"", ""Sustainability""]","[""Agriculture"", ""Rural Development"", ""Renewable Energy""]","[""Maharashtra""]","[""Nagpur""]",Hybrid,6,Academic project experience,"[""English"", ""Hindi"", ""Marathi""]",No preference,Urban
CAND2026-00371,Undergraduate,B.Sc.,Data Science,2027,7.1,"[""Python"", ""SQL""]","[""Data Science"", ""Business Intelligence"", ""AI/ML""]","[""Data Science"", ""AI/ML"", ""IT""]","[""Gujarat""]","[""Ahmedabad""]",On-site,2,No prior experience,"[""English"", ""Hindi"", ""Gujarati""]",No preference,Rural
CAND2026-00372,Undergraduate,BCA,Computer Applications,2028,8.4,"[""Python"", ""JavaScript""]","[""Software Development"", ""IT"", ""Data Science""]","[""Software Development"", ""IT"", ""Data Science""]","[""Madhya Pradesh""]","[""Indore""]",Hybrid,3,No prior experience,"[""English"", ""Hindi""]",No preference,Rural
CAND2026-00373,Diploma,Diploma,Civil Engineering,2025,8.1,"[""AutoCAD"", ""Site Survey""]","[""Infrastructure"", ""Construction"", ""Urban Development""]","[""Infrastructure"", ""Manufacturing"", ""Renewable Energy""]","[""Chandigarh"", ""Bihar""]","[""Chandigarh"", ""Gaya""]",Remote,3,Academic project experience,"[""Hindi"", ""English"", ""Punjabi""]",Accessible workplace preferred,Urban
CAND2026-00374,Diploma,Diploma,Electrical Engineering,2026,9.2,"[""Electrical Safety"", ""Solar Energy"", ""Testing"", ""Troubleshooting""]","[""Renewable Energy"", ""Electronics"", ""Infrastructure""]","[""Renewable Energy"", ""Electronics"", ""Telecommunications""]","[""Tamil Nadu""]","[""Chennai""]",On-site,4,No prior experience,"[""Hindi"", ""English"", ""Tamil""]",No preference,Urban
CAND2026-00375,Undergraduate,BA,Public Administration,2028,8.4,"[""MS Excel"", ""Documentation"", ""Communication"", ""Research""]","[""Government"", ""E-Governance"", ""Rural Development""]","[""Government"", ""E-Governance"", ""Rural Development""]","[""West Bengal""]","[""Kolkata""]",Hybrid,6,0-1 internship experience,"[""Hindi"", ""English"", ""Bengali""]",No preference,Urban
CAND2026-00376,Undergraduate,BA,Social Work,2026,5.8,"[""Field Survey"", ""Community Engagement"", ""Communication"", ""Data Collection""]","[""Rural Development"", ""Education"", ""Healthcare""]","[""Rural Development"", ""Education"", ""Healthcare"", ""Government""]","[""Kerala""]","[""Kochi""]",On-site,2,Academic project experience,"[""Hindi"", ""English"", ""Malayalam""]",No preference,Rural
CAND2026-00377,Undergraduate,B.Sc.,Nursing,2027,7.1,"[""Patient Support"", ""Documentation"", ""Communication"", ""MS Excel""]","[""Healthcare"", ""Public Health""]","[""Healthcare"", ""Government"", ""Education""]","[""Andhra Pradesh"", ""Jharkhand""]","[""Vijayawada"", ""Jamshedpur""]",Hybrid,3,No prior experience,"[""English"", ""Hindi"", ""Telugu""]",No preference,Rural
CAND2026-00378,Undergraduate,BA,Tourism,2028,8.4,"[""Customer Service"", ""Communication"", ""Tourism Operations"", ""Content Writing"", ""MS Excel"", ""Documentation""]","[""Tourism"", ""Hospitality"", ""Marketing""]","[""Tourism"", ""Marketing"", ""Logistics""]","[""Tamil Nadu""]","[""Madurai""]",Remote,3,No prior experience,"[""English"", ""Hindi"", ""Tamil""]",No preference,Urban
CAND2026-00379,Undergraduate,B.Tech,Computer Science,2026,5.8,"[""Python"", ""SQL"", ""Data Analysis"", ""Git"", ""React"", ""Machine Learning""]","[""Data Science"", ""Software Development"", ""AI/ML""]","[""IT"", ""Software Development"", ""Data Science"", ""AI/ML""]","[""Odisha""]","[""Cuttack""]",On-site,4,Academic project experience,"[""English"", ""Hindi"", ""Odia""]",No preference,Urban
CAND2026-00380,Undergraduate,B.Tech,Information Technology,2027,7.1,"[""Python"", ""JavaScript"", ""React"", ""SQL"", ""Networking"", ""Git""]","[""Software Development"", ""Cybersecurity"", ""IT""]","[""Software Development"", ""Cybersecurity"", ""IT""]","[""Meghalaya""]","[""Shillong""]",Hybrid,6,No prior experience,"[""English"", ""Hindi""]",No preference,Urban
CAND2026-00381,Undergraduate,B.Tech,Artificial Intelligence,2028,8.4,"[""Python"", ""Machine Learning""]","[""AI/ML"", ""Data Science""]","[""AI/ML"", ""Data Science"", ""Software Development""]","[""Karnataka"", ""Madhya Pradesh""]","[""Mysuru"", ""Indore""]",On-site,2,No prior experience,"[""English"", ""Hindi"", ""Kannada""]",No preference,Rural
CAND2026-00382,Undergraduate,B.Tech,Mechanical Engineering,2026,5.8,"[""AutoCAD"", ""SolidWorks""]","[""Manufacturing"", ""Automobile"", ""Infrastructure""]","[""Manufacturing"", ""Automobile"", ""Infrastructure""]","[""Uttar Pradesh""]","[""Lucknow""]",Hybrid,3,Academic project experience,"[""English"", ""Hindi""]",No preference,Rural
CAND2026-00383,Undergraduate,B.Tech,Automobile Engineering,2027,7.1,"[""Automobile Engineering"", ""Diagnostics""]","[""Automobile"", ""Manufacturing"", ""Renewable Energy""]","[""Automobile"", ""Manufacturing"", ""Renewable Energy""]","[""Bihar""]","[""Gaya""]",Remote,3,No prior experience,"[""English"", ""Hindi""]",No preference,Urban
CAND2026-00384,Undergraduate,B.Tech,Electronics and Communication,2028,8.4,"[""Embedded C"", ""Microcontrollers"", ""Networking"", ""PCB Design""]","[""Electronics"", ""Telecommunications"", ""IT""]","[""Electronics"", ""Telecommunications"", ""IT""]","[""Manipur""]","[""Imphal""]",On-site,4,No prior experience,"[""English"", ""Hindi"", ""Manipuri""]",No preference,Urban
CAND2026-00385,Undergraduate,B.Tech,Electrical Engineering,2026,5.8,"[""Electrical Safety"", ""Solar Energy"", ""AutoCAD"", ""MS Excel""]","[""Renewable Energy"", ""Electronics"", ""Infrastructure""]","[""Renewable Energy"", ""Electronics"", ""Infrastructure""]","[""Telangana"", ""Kerala""]","[""Warangal"", ""Kochi""]",Hybrid,6,Academic project experience,"[""English"", ""Hindi"", ""Telugu""]",Accessible workplace preferred,Urban
CAND2026-00386,Undergraduate,B.Com,Commerce,2027,7.1,"[""MS Excel"", ""Accounting"", ""Tally"", ""Financial Analysis""]","[""Finance"", ""Accounting"", ""Banking""]","[""Finance"", ""Banking"", ""Marketing""]","[""Rajasthan""]","[""Jaipur""]",On-site,2,0-1 internship experience,"[""English"", ""Hindi""]",No preference,Rural
CAND2026-00387,Undergraduate,BBA,Business Administration,2028,8.4,"[""MS Excel"", ""Communication"", ""Financial Analysis"", ""Digital Marketing""]","[""Finance"", ""Marketing"", ""HR""]","[""Finance"", ""Marketing"", ""HR"", ""Logistics""]","[""Jharkhand""]","[""Jamshedpur""]",Hybrid,3,No prior experience,"[""English"", ""Hindi""]",No preference,Rural
CAND2026-00388,Undergraduate,B.Sc.,Agriculture,2026,5.8,"[""Agriculture"", ""Field Survey"", ""Data Collection"", ""MS Excel"", ""Community Engagement"", ""Communication""]","[""Agriculture Technology"", ""Rural Development"", ""Sustainability""]","[""Agriculture"", ""Rural Development"", ""Renewable Energy""]","[""Uttarakhand""]","[""Dehradun""]",Remote,3,Academic project experience,"[""English"", ""Hindi""]",No preference,Urban
CAND2026-00389,Undergraduate,B.Sc.,Data Science,2027,7.1,"[""Python"", ""SQL"", ""Data Analysis"", ""Power BI"", ""Pandas"", ""MS Excel""]","[""Data Science"", ""Business Intelligence"", ""AI/ML""]","[""Data Science"", ""AI/ML"", ""IT""]","[""Maharashtra"", ""Assam""]","[""Nagpur"", ""Guwahati""]",On-site,4,No prior experience,"[""English"", ""Hindi"", ""Marathi""]",No preference,Urban
CAND2026-00390,Undergraduate,BCA,Computer Applications,2028,8.4,"[""Python"", ""JavaScript"", ""SQL"", ""React"", ""MS Excel"", ""Git""]","[""Software Development"", ""IT"", ""Data Science""]","[""Software Development"", ""IT"", ""Data Science""]","[""Gujarat""]","[""Ahmedabad""]",Hybrid,6,No prior experience,"[""English"", ""Hindi"", ""Gujarati""]",No preference,Urban
CAND2026-00391,Diploma,Diploma,Civil Engineering,2027,8.9,"[""AutoCAD"", ""Site Survey""]","[""Infrastructure"", ""Construction"", ""Urban Development""]","[""Infrastructure"", ""Manufacturing"", ""Renewable Energy""]","[""Madhya Pradesh""]","[""Indore""]",On-site,2,Academic project experience,"[""Hindi"", ""English""]",No preference,Rural
CAND2026-00392,Diploma,Diploma,Electrical Engineering,2028,6.2,"[""Electrical Safety"", ""Solar Energy""]","[""Renewable Energy"", ""Electronics"", ""Infrastructure""]","[""Renewable Energy"", ""Electronics"", ""Telecommunications""]","[""Chandigarh""]","[""Chandigarh""]",Hybrid,3,No prior experience,"[""Hindi"", ""English"", ""Punjabi""]",No preference,Rural
CAND2026-00393,Undergraduate,BA,Public Administration,2028,8.4,"[""MS Excel"", ""Documentation""]","[""Government"", ""E-Governance"", ""Rural Development""]","[""Government"", ""E-Governance"", ""Rural Development""]","[""Tamil Nadu"", ""Tripura""]","[""Chennai"", ""Agartala""]",Remote,3,No prior experience,"[""Hindi"", ""English"", ""Tamil""]",No preference,Urban
CAND2026-00394,Undergraduate,BA,Social Work,2026,5.8,"[""Field Survey"", ""Community Engagement"", ""Communication"", ""Data Collection""]","[""Rural Development"", ""Education"", ""Healthcare""]","[""Rural Development"", ""Education"", ""Healthcare"", ""Government""]","[""West Bengal""]","[""Kolkata""]",On-site,4,Academic project experience,"[""Hindi"", ""English"", ""Bengali""]",No preference,Urban
CAND2026-00395,Undergraduate,B.Sc.,Nursing,2027,7.1,"[""Patient Support"", ""Documentation"", ""Communication"", ""MS Excel""]","[""Healthcare"", ""Public Health""]","[""Healthcare"", ""Government"", ""Education""]","[""Kerala""]","[""Kochi""]",Hybrid,6,No prior experience,"[""English"", ""Hindi"", ""Malayalam""]",No preference,Urban
CAND2026-00396,Undergraduate,BA,Tourism,2028,8.4,"[""Customer Service"", ""Communication"", ""Tourism Operations"", ""Content Writing""]","[""Tourism"", ""Hospitality"", ""Marketing""]","[""Tourism"", ""Marketing"", ""Logistics""]","[""Andhra Pradesh""]","[""Vijayawada""]",On-site,2,No prior experience,"[""English"", ""Hindi"", ""Telugu""]",No preference,Rural
CAND2026-00397,Undergraduate,B.Tech,Computer Science,2026,5.8,"[""Python"", ""SQL"", ""Data Analysis"", ""Git""]","[""Data Science"", ""Software Development"", ""AI/ML""]","[""IT"", ""Software Development"", ""Data Science"", ""AI/ML""]","[""Delhi"", ""Jammu and Kashmir""]","[""New Delhi"", ""Srinagar""]",Hybrid,3,0-1 internship experience,"[""English"", ""Hindi""]",Accessible workplace preferred,Rural
CAND2026-00398,Undergraduate,B.Tech,Information Technology,2027,7.1,"[""Python"", ""JavaScript"", ""React"", ""SQL"", ""Networking"", ""Git""]","[""Software Development"", ""Cybersecurity"", ""IT""]","[""Software Development"", ""Cybersecurity"", ""IT""]","[""Odisha""]","[""Cuttack""]",Remote,3,No prior experience,"[""English"", ""Hindi"", ""Odia""]",No preference,Urban
CAND2026-00399,Undergraduate,B.Tech,Artificial Intelligence,2028,8.4,"[""Python"", ""Machine Learning"", ""Pandas"", ""Scikit-learn"", ""Data Analysis"", ""SQL""]","[""AI/ML"", ""Data Science""]","[""AI/ML"", ""Data Science"", ""Software Development""]","[""Meghalaya""]","[""Shillong""]",On-site,4,No prior experience,"[""English"", ""Hindi""]",No preference,Urban
CAND2026-00400,Undergraduate,B.Tech,Mechanical Engineering,2026,5.8,"[""AutoCAD"", ""SolidWorks"", ""Manufacturing"", ""Quality Control"", ""MS Excel"", ""Testing""]","[""Manufacturing"", ""Automobile"", ""Infrastructure""]","[""Manufacturing"", ""Automobile"", ""Infrastructure""]","[""Karnataka""]","[""Mysuru""]",Hybrid,6,Academic project experience,"[""English"", ""Hindi"", ""Kannada""]",No preference,Urban
CAND2026-00401,Undergraduate,B.Tech,Automobile Engineering,2027,7.1,"[""Automobile Engineering"", ""Diagnostics""]","[""Automobile"", ""Manufacturing"", ""Renewable Energy""]","[""Automobile"", ""Manufacturing"", ""Renewable Energy""]","[""Uttar Pradesh"", ""Himachal Pradesh""]","[""Lucknow"", ""Shimla""]",On-site,2,No prior experience,"[""English"", ""Hindi""]",No preference,Rural
CAND2026-00402,Undergraduate,B.Tech,Electronics and Communication,2028,8.4,"[""Embedded C"", ""Microcontrollers""]","[""Electronics"", ""Telecommunications"", ""IT""]","[""Electronics"", ""Telecommunications"", ""IT""]","[""Bihar""]","[""Gaya""]",Hybrid,3,No prior experience,"[""English"", ""Hindi""]",No preference,Rural
CAND2026-00403,Undergraduate,B.Tech,Electrical Engineering,2026,5.8,"[""Electrical Safety"", ""Solar Energy""]","[""Renewable Energy"", ""Electronics"", ""Infrastructure""]","[""Renewable Energy"", ""Electronics"", ""Infrastructure""]","[""Manipur""]","[""Imphal""]",Remote,3,Academic project experience,"[""English"", ""Hindi"", ""Manipuri""]",No preference,Urban
CAND2026-00404,Undergraduate,B.Com,Commerce,2027,7.1,"[""MS Excel"", ""Accounting"", ""Tally"", ""Financial Analysis""]","[""Finance"", ""Accounting"", ""Banking""]","[""Finance"", ""Banking"", ""Marketing""]","[""Telangana""]","[""Warangal""]",On-site,4,No prior experience,"[""English"", ""Hindi"", ""Telugu""]",No preference,Urban
CAND2026-00405,Undergraduate,BBA,Business Administration,2028,8.4,"[""MS Excel"", ""Communication"", ""Financial Analysis"", ""Digital Marketing""]","[""Finance"", ""Marketing"", ""HR""]","[""Finance"", ""Marketing"", ""HR"", ""Logistics""]","[""Rajasthan"", ""Andhra Pradesh""]","[""Jaipur"", ""Visakhapatnam""]",Hybrid,6,No prior experience,"[""English"", ""Hindi""]",No preference,Urban
CAND2026-00406,Undergraduate,B.Sc.,Agriculture,2026,5.8,"[""Agriculture"", ""Field Survey"", ""Data Collection"", ""MS Excel""]","[""Agriculture Technology"", ""Rural Development"", ""Sustainability""]","[""Agriculture"", ""Rural Development"", ""Renewable Energy""]","[""Jharkhand""]","[""Jamshedpur""]",On-site,2,Academic project experience,"[""English"", ""Hindi""]",No preference,Rural
CAND2026-00407,Undergraduate,B.Sc.,Data Science,2027,7.1,"[""Python"", ""SQL"", ""Data Analysis"", ""Power BI""]","[""Data Science"", ""Business Intelligence"", ""AI/ML""]","[""Data Science"", ""AI/ML"", ""IT""]","[""Uttarakhand""]","[""Dehradun""]",Hybrid,3,No prior experience,"[""English"", ""Hindi""]",No preference,Rural
CAND2026-00408,Undergraduate,BCA,Computer Applications,2028,8.4,"[""Python"", ""JavaScript"", ""SQL"", ""React"", ""MS Excel"", ""Git""]","[""Software Development"", ""IT"", ""Data Science""]","[""Software Development"", ""IT"", ""Data Science""]","[""Maharashtra""]","[""Nagpur""]",Remote,3,0-1 internship experience,"[""English"", ""Hindi"", ""Marathi""]",No preference,Urban
CAND2026-00409,Diploma,Diploma,Civil Engineering,2025,5.9,"[""AutoCAD"", ""Site Survey"", ""MS Excel"", ""Documentation"", ""Project Management"", ""Testing""]","[""Infrastructure"", ""Construction"", ""Urban Development""]","[""Infrastructure"", ""Manufacturing"", ""Renewable Energy""]","[""Gujarat"", ""Goa""]","[""Ahmedabad"", ""Panaji""]",On-site,4,Academic project experience,"[""Hindi"", ""English"", ""Gujarati""]",Accessible workplace preferred,Urban
CAND2026-00410,Diploma,Diploma,Electrical Engineering,2026,7.0,"[""Electrical Safety"", ""Solar Energy"", ""Testing"", ""Troubleshooting"", ""MS Excel"", ""AutoCAD""]","[""Renewable Energy"", ""Electronics"", ""Infrastructure""]","[""Renewable Energy"", ""Electronics"", ""Telecommunications""]","[""Madhya Pradesh""]","[""Indore""]",Hybrid,6,No prior experience,"[""Hindi"", ""English""]",No preference,Urban
CAND2026-00411,Undergraduate,BA,Public Administration,2028,8.4,"[""MS Excel"", ""Documentation""]","[""Government"", ""E-Governance"", ""Rural Development""]","[""Government"", ""E-Governance"", ""Rural Development""]","[""Chandigarh""]","[""Chandigarh""]",On-site,2,No prior experience,"[""Hindi"", ""English"", ""Punjabi""]",No preference,Rural
CAND2026-00412,Undergraduate,BA,Social Work,2026,5.8,"[""Field Survey"", ""Community Engagement""]","[""Rural Development"", ""Education"", ""Healthcare""]","[""Rural Development"", ""Education"", ""Healthcare"", ""Government""]","[""Tamil Nadu""]","[""Chennai""]",Hybrid,3,Academic project experience,"[""Hindi"", ""English"", ""Tamil""]",No preference,Rural
CAND2026-00413,Undergraduate,B.Sc.,Nursing,2027,7.1,"[""Patient Support"", ""Documentation""]","[""Healthcare"", ""Public Health""]","[""Healthcare"", ""Government"", ""Education""]","[""West Bengal"", ""Karnataka""]","[""Kolkata"", ""Mysuru""]",Remote,3,No prior experience,"[""English"", ""Hindi"", ""Bengali""]",No preference,Urban
CAND2026-00414,Undergraduate,BA,Tourism,2028,8.4,"[""Customer Service"", ""Communication"", ""Tourism Operations"", ""Content Writing""]","[""Tourism"", ""Hospitality"", ""Marketing""]","[""Tourism"", ""Marketing"", ""Logistics""]","[""Kerala""]","[""Kochi""]",On-site,4,No prior experience,"[""English"", ""Hindi"", ""Malayalam""]",No preference,Urban
CAND2026-00415,Undergraduate,B.Tech,Computer Science,2026,5.8,"[""Python"", ""SQL"", ""Data Analysis"", ""Git""]","[""Data Science"", ""Software Development"", ""AI/ML""]","[""IT"", ""Software Development"", ""Data Science"", ""AI/ML""]","[""Goa""]","[""Panaji""]",Hybrid,6,Academic project experience,"[""English"", ""Hindi"", ""Konkani""]",No preference,Urban
CAND2026-00416,Undergraduate,B.Tech,Information Technology,2027,7.1,"[""Python"", ""JavaScript"", ""React"", ""SQL""]","[""Software Development"", ""Cybersecurity"", ""IT""]","[""Software Development"", ""Cybersecurity"", ""IT""]","[""Delhi""]","[""New Delhi""]",On-site,2,No prior experience,"[""English"", ""Hindi""]",No preference,Rural
CAND2026-00417,Undergraduate,B.Tech,Artificial Intelligence,2028,8.4,"[""Python"", ""Machine Learning"", ""Pandas"", ""Scikit-learn""]","[""AI/ML"", ""Data Science""]","[""AI/ML"", ""Data Science"", ""Software Development""]","[""Odisha"", ""Telangana""]","[""Cuttack"", ""Warangal""]",Hybrid,3,No prior experience,"[""English"", ""Hindi"", ""Odia""]",No preference,Rural
CAND2026-00418,Undergraduate,B.Tech,Mechanical Engineering,2026,5.8,"[""AutoCAD"", ""SolidWorks"", ""Manufacturing"", ""Quality Control"", ""MS Excel"", ""Testing""]","[""Manufacturing"", ""Automobile"", ""Infrastructure""]","[""Manufacturing"", ""Automobile"", ""Infrastructure""]","[""Meghalaya""]","[""Shillong""]",Remote,3,Academic project experience,"[""English"", ""Hindi""]",No preference,Urban
CAND2026-00419,Undergraduate,B.Tech,Automobile Engineering,2027,7.1,"[""Automobile Engineering"", ""Diagnostics"", ""AutoCAD"", ""Testing"", ""Electrical Safety""]","[""Automobile"", ""Manufacturing"", ""Renewable Energy""]","[""Automobile"", ""Manufacturing"", ""Renewable Energy""]","[""Karnataka""]","[""Mysuru""]",On-site,4,0-1 internship experience,"[""English"", ""Hindi"", ""Kannada""]",No preference,Urban
CAND2026-00420,Undergraduate,B.Tech,Electronics and Communication,2028,8.4,"[""Embedded C"", ""Microcontrollers"", ""Networking"", ""PCB Design"", ""Troubleshooting"", ""Arduino""]","[""Electronics"", ""Telecommunications"", ""IT""]","[""Electronics"", ""Telecommunications"", ""IT""]","[""Uttar Pradesh""]","[""Lucknow""]",Hybrid,6,No prior experience,"[""English"", ""Hindi""]",No preference,Urban
CAND2026-00421,Undergraduate,B.Tech,Electrical Engineering,2026,5.8,"[""Electrical Safety"", ""Solar Energy""]","[""Renewable Energy"", ""Electronics"", ""Infrastructure""]","[""Renewable Energy"", ""Electronics"", ""Infrastructure""]","[""Bihar"", ""Maharashtra""]","[""Gaya"", ""Nagpur""]",On-site,2,Academic project experience,"[""English"", ""Hindi""]",Accessible workplace preferred,Rural
CAND2026-00422,Undergraduate,B.Com,Commerce,2027,7.1,"[""MS Excel"", ""Accounting""]","[""Finance"", ""Accounting"", ""Banking""]","[""Finance"", ""Banking"", ""Marketing""]","[""Manipur""]","[""Imphal""]",Hybrid,3,No prior experience,"[""English"", ""Hindi"", ""Manipuri""]",No preference,Rural
CAND2026-00423,Undergraduate,BBA,Business Administration,2028,8.4,"[""MS Excel"", ""Communication""]","[""Finance"", ""Marketing"", ""HR""]","[""Finance"", ""Marketing"", ""HR"", ""Logistics""]","[""Telangana""]","[""Warangal""]",Remote,3,No prior experience,"[""English"", ""Hindi"", ""Telugu""]",No preference,Urban
CAND2026-00424,Undergraduate,B.Sc.,Agriculture,2026,5.8,"[""Agriculture"", ""Field Survey"", ""Data Collection"", ""MS Excel""]","[""Agriculture Technology"", ""Rural Development"", ""Sustainability""]","[""Agriculture"", ""Rural Development"", ""Renewable Energy""]","[""Rajasthan""]","[""Jaipur""]",On-site,4,Academic project experience,"[""English"", ""Hindi""]",No preference,Urban
CAND2026-00425,Undergraduate,B.Sc.,Data Science,2027,7.1,"[""Python"", ""SQL"", ""Data Analysis"", ""Power BI""]","[""Data Science"", ""Business Intelligence"", ""AI/ML""]","[""Data Science"", ""AI/ML"", ""IT""]","[""Jharkhand"", ""Tamil Nadu""]","[""Jamshedpur"", ""Chennai""]",Hybrid,6,No prior experience,"[""English"", ""Hindi""]",No preference,Urban
CAND2026-00426,Undergraduate,BCA,Computer Applications,2028,8.4,"[""Python"", ""JavaScript"", ""SQL"", ""React""]","[""Software Development"", ""IT"", ""Data Science""]","[""Software Development"", ""IT"", ""Data Science""]","[""Uttarakhand""]","[""Dehradun""]",On-site,2,No prior experience,"[""English"", ""Hindi""]",No preference,Rural
CAND2026-00427,Diploma,Diploma,Civil Engineering,2027,6.7,"[""AutoCAD"", ""Site Survey"", ""MS Excel"", ""Documentation""]","[""Infrastructure"", ""Construction"", ""Urban Development""]","[""Infrastructure"", ""Manufacturing"", ""Renewable Energy""]","[""Maharashtra""]","[""Nagpur""]",Hybrid,3,Academic project experience,"[""Hindi"", ""English"", ""Marathi""]",No preference,Rural
CAND2026-00428,Diploma,Diploma,Electrical Engineering,2028,7.8,"[""Electrical Safety"", ""Solar Energy"", ""Testing"", ""Troubleshooting"", ""MS Excel"", ""AutoCAD""]","[""Renewable Energy"", ""Electronics"", ""Infrastructure""]","[""Renewable Energy"", ""Electronics"", ""Telecommunications""]","[""Gujarat""]","[""Ahmedabad""]",Remote,3,No prior experience,"[""Hindi"", ""English"", ""Gujarati""]",No preference,Urban
CAND2026-00429,Undergraduate,BA,Public Administration,2028,8.4,"[""MS Excel"", ""Documentation"", ""Communication"", ""Research"", ""Data Entry"", ""Digital Literacy""]","[""Government"", ""E-Governance"", ""Rural Development""]","[""Government"", ""E-Governance"", ""Rural Development""]","[""Madhya Pradesh"", ""Tamil Nadu""]","[""Indore"", ""Madurai""]",On-site,4,No prior experience,"[""Hindi"", ""English""]",No preference,Urban
CAND2026-00430,Undergraduate,BA,Social Work,2026,5.8,"[""Field Survey"", ""Community Engagement"", ""Communication"", ""Data Collection"", ""Documentation"", ""MS Excel""]","[""Rural Development"", ""Education"", ""Healthcare""]","[""Rural Development"", ""Education"", ""Healthcare"", ""Government""]","[""Chandigarh""]","[""Chandigarh""]",Hybrid,6,0-1 internship experience,"[""Hindi"", ""English"", ""Punjabi""]",No preference,Urban
CAND2026-00431,Undergraduate,B.Sc.,Nursing,2027,7.1,"[""Patient Support"", ""Documentation""]","[""Healthcare"", ""Public Health""]","[""Healthcare"", ""Government"", ""Education""]","[""Tamil Nadu""]","[""Chennai""]",On-site,2,No prior experience,"[""English"", ""Hindi"", ""Tamil""]",No preference,Rural
CAND2026-00432,Undergraduate,BA,Tourism,2028,8.4,"[""Customer Service"", ""Communication""]","[""Tourism"", ""Hospitality"", ""Marketing""]","[""Tourism"", ""Marketing"", ""Logistics""]","[""West Bengal""]","[""Kolkata""]",Hybrid,3,No prior experience,"[""English"", ""Hindi"", ""Bengali""]",No preference,Rural
CAND2026-00433,Undergraduate,B.Tech,Computer Science,2026,5.8,"[""Python"", ""SQL""]","[""Data Science"", ""Software Development"", ""AI/ML""]","[""IT"", ""Software Development"", ""Data Science"", ""AI/ML""]","[""Kerala"", ""Uttar Pradesh""]","[""Thiruvananthapuram"", ""Noida""]",Remote,3,Academic project experience,"[""English"", ""Hindi"", ""Malayalam""]",Accessible workplace preferred,Urban
CAND2026-00434,Undergraduate,B.Tech,Information Technology,2027,7.1,"[""Python"", ""JavaScript"", ""React"", ""SQL""]","[""Software Development"", ""Cybersecurity"", ""IT""]","[""Software Development"", ""Cybersecurity"", ""IT""]","[""Goa""]","[""Panaji""]",On-site,4,No prior experience,"[""English"", ""Hindi"", ""Konkani""]",No preference,Urban
CAND2026-00435,Undergraduate,B.Tech,Artificial Intelligence,2028,8.4,"[""Python"", ""Machine Learning"", ""Pandas"", ""Scikit-learn""]","[""AI/ML"", ""Data Science""]","[""AI/ML"", ""Data Science"", ""Software Development""]","[""Delhi""]","[""New Delhi""]",Hybrid,6,No prior experience,"[""English"", ""Hindi""]",No preference,Urban
CAND2026-00436,Undergraduate,B.Tech,Mechanical Engineering,2026,5.8,"[""AutoCAD"", ""SolidWorks"", ""Manufacturing"", ""Quality Control""]","[""Manufacturing"", ""Automobile"", ""Infrastructure""]","[""Manufacturing"", ""Automobile"", ""Infrastructure""]","[""Odisha""]","[""Cuttack""]",On-site,2,Academic project experience,"[""English"", ""Hindi"", ""Odia""]",No preference,Rural
CAND2026-00437,Undergraduate,B.Tech,Automobile Engineering,2027,7.1,"[""Automobile Engineering"", ""Diagnostics"", ""AutoCAD"", ""Testing""]","[""Automobile"", ""Manufacturing"", ""Renewable Energy""]","[""Automobile"", ""Manufacturing"", ""Renewable Energy""]","[""Meghalaya"", ""Uttar Pradesh""]","[""Shillong"", ""Varanasi""]",Hybrid,3,No prior experience,"[""English"", ""Hindi""]",No preference,Rural
CAND2026-00438,Undergraduate,B.Tech,Electronics and Communication,2028,8.4,"[""Embedded C"", ""Microcontrollers"", ""Networking"", ""PCB Design"", ""Troubleshooting"", ""Arduino""]","[""Electronics"", ""Telecommunications"", ""IT""]","[""Electronics"", ""Telecommunications"", ""IT""]","[""Karnataka""]","[""Mysuru""]",Remote,3,No prior experience,"[""English"", ""Hindi"", ""Kannada""]",No preference,Urban
CAND2026-00439,Undergraduate,B.Tech,Electrical Engineering,2026,5.8,"[""Electrical Safety"", ""Solar Energy"", ""AutoCAD"", ""MS Excel"", ""Testing"", ""Microcontrollers""]","[""Renewable Energy"", ""Electronics"", ""Infrastructure""]","[""Renewable Energy"", ""Electronics"", ""Infrastructure""]","[""Uttar Pradesh""]","[""Lucknow""]",On-site,4,Academic project experience,"[""English"", ""Hindi""]",No preference,Urban
CAND2026-00440,Undergraduate,B.Com,Commerce,2027,7.1,"[""MS Excel"", ""Accounting"", ""Tally"", ""Financial Analysis"", ""Communication"", ""Documentation""]","[""Finance"", ""Accounting"", ""Banking""]","[""Finance"", ""Banking"", ""Marketing""]","[""Bihar""]","[""Gaya""]",Hybrid,6,No prior experience,"[""English"", ""Hindi""]",No preference,Urban
CAND2026-00441,Undergraduate,BBA,Business Administration,2028,8.4,"[""MS Excel"", ""Communication""]","[""Finance"", ""Marketing"", ""HR""]","[""Finance"", ""Marketing"", ""HR"", ""Logistics""]","[""Manipur"", ""Rajasthan""]","[""Imphal"", ""Udaipur""]",On-site,2,0-1 internship experience,"[""English"", ""Hindi"", ""Manipuri""]",No preference,Rural
CAND2026-00442,Undergraduate,B.Sc.,Agriculture,2026,5.8,"[""Agriculture"", ""Field Survey""]","[""Agriculture Technology"", ""Rural Development"", ""Sustainability""]","[""Agriculture"", ""Rural Development"", ""Renewable Energy""]","[""Telangana""]","[""Warangal""]",Hybrid,3,Academic project experience,"[""English"", ""Hindi"", ""Telugu""]",No preference,Rural
CAND2026-00443,Undergraduate,B.Sc.,Data Science,2027,7.1,"[""Python"", ""SQL""]","[""Data Science"", ""Business Intelligence"", ""AI/ML""]","[""Data Science"", ""AI/ML"", ""IT""]","[""Rajasthan""]","[""Jaipur""]",Remote,3,No prior experience,"[""English"", ""Hindi""]",No preference,Urban
CAND2026-00444,Undergraduate,BCA,Computer Applications,2028,8.4,"[""Python"", ""JavaScript"", ""SQL"", ""React""]","[""Software Development"", ""IT"", ""Data Science""]","[""Software Development"", ""IT"", ""Data Science""]","[""Jharkhand""]","[""Jamshedpur""]",On-site,4,No prior experience,"[""English"", ""Hindi""]",No preference,Urban
CAND2026-00445,Diploma,Diploma,Civil Engineering,2025,7.5,"[""AutoCAD"", ""Site Survey"", ""MS Excel"", ""Documentation""]","[""Infrastructure"", ""Construction"", ""Urban Development""]","[""Infrastructure"", ""Manufacturing"", ""Renewable Energy""]","[""Uttarakhand"", ""Gujarat""]","[""Dehradun"", ""Surat""]",Hybrid,6,Academic project experience,"[""Hindi"", ""English""]",Accessible workplace preferred,Urban
CAND2026-00446,Diploma,Diploma,Electrical Engineering,2026,8.6,"[""Electrical Safety"", ""Solar Energy"", ""Testing"", ""Troubleshooting""]","[""Renewable Energy"", ""Electronics"", ""Infrastructure""]","[""Renewable Energy"", ""Electronics"", ""Telecommunications""]","[""Maharashtra""]","[""Nagpur""]",On-site,2,No prior experience,"[""Hindi"", ""English"", ""Marathi""]",No preference,Rural
CAND2026-00447,Undergraduate,BA,Public Administration,2028,8.4,"[""MS Excel"", ""Documentation"", ""Communication"", ""Research""]","[""Government"", ""E-Governance"", ""Rural Development""]","[""Government"", ""E-Governance"", ""Rural Development""]","[""Gujarat""]","[""Ahmedabad""]",Hybrid,3,No prior experience,"[""Hindi"", ""English"", ""Gujarati""]",No preference,Rural
CAND2026-00448,Undergraduate,BA,Social Work,2026,5.8,"[""Field Survey"", ""Community Engagement"", ""Communication"", ""Data Collection"", ""Documentation"", ""MS Excel""]","[""Rural Development"", ""Education"", ""Healthcare""]","[""Rural Development"", ""Education"", ""Healthcare"", ""Government""]","[""Madhya Pradesh""]","[""Indore""]",Remote,3,Academic project experience,"[""Hindi"", ""English""]",No preference,Urban
CAND2026-00449,Undergraduate,B.Sc.,Nursing,2027,7.1,"[""Patient Support"", ""Documentation"", ""Communication"", ""MS Excel"", ""Data Entry"", ""Teamwork""]","[""Healthcare"", ""Public Health""]","[""Healthcare"", ""Government"", ""Education""]","[""Chandigarh"", ""West Bengal""]","[""Chandigarh"", ""Siliguri""]",On-site,4,No prior experience,"[""English"", ""Hindi"", ""Punjabi""]",No preference,Urban
CAND2026-00450,Undergraduate,BA,Tourism,2028,8.4,"[""Customer Service"", ""Communication"", ""Tourism Operations"", ""Content Writing"", ""MS Excel"", ""Documentation""]","[""Tourism"", ""Hospitality"", ""Marketing""]","[""Tourism"", ""Marketing"", ""Logistics""]","[""Tamil Nadu""]","[""Chennai""]",Hybrid,6,No prior experience,"[""English"", ""Hindi"", ""Tamil""]",No preference,Urban
CAND2026-00451,Undergraduate,B.Tech,Computer Science,2026,5.8,"[""Python"", ""SQL""]","[""Data Science"", ""Software Development"", ""AI/ML""]","[""IT"", ""Software Development"", ""Data Science"", ""AI/ML""]","[""West Bengal""]","[""Siliguri""]",On-site,2,Academic project experience,"[""English"", ""Hindi"", ""Bengali""]",No preference,Rural
CAND2026-00452,Undergraduate,B.Tech,Information Technology,2027,7.1,"[""Python"", ""JavaScript""]","[""Software Development"", ""Cybersecurity"", ""IT""]","[""Software Development"", ""Cybersecurity"", ""IT""]","[""Kerala""]","[""Thiruvananthapuram""]",Hybrid,3,0-1 internship experience,"[""English"", ""Hindi"", ""Malayalam""]",No preference,Rural
CAND2026-00453,Undergraduate,B.Tech,Artificial Intelligence,2028,8.4,"[""Python"", ""Machine Learning""]","[""AI/ML"", ""Data Science""]","[""AI/ML"", ""Data Science"", ""Software Development""]","[""Goa"", ""Odisha""]","[""Panaji"", ""Cuttack""]",Remote,3,No prior experience,"[""English"", ""Hindi"", ""Konkani""]",No preference,Urban
CAND2026-00454,Undergraduate,B.Tech,Mechanical Engineering,2026,5.8,"[""AutoCAD"", ""SolidWorks"", ""Manufacturing"", ""Quality Control""]","[""Manufacturing"", ""Automobile"", ""Infrastructure""]","[""Manufacturing"", ""Automobile"", ""Infrastructure""]","[""Delhi""]","[""New Delhi""]",On-site,4,Academic project experience,"[""English"", ""Hindi""]",No preference,Urban
CAND2026-00455,Undergraduate,B.Tech,Automobile Engineering,2027,7.1,"[""Automobile Engineering"", ""Diagnostics"", ""AutoCAD"", ""Testing""]","[""Automobile"", ""Manufacturing"", ""Renewable Energy""]","[""Automobile"", ""Manufacturing"", ""Renewable Energy""]","[""Odisha""]","[""Cuttack""]",Hybrid,6,No prior experience,"[""English"", ""Hindi"", ""Odia""]",No preference,Urban
CAND2026-00456,Undergraduate,B.Tech,Electronics and Communication,2028,8.4,"[""Embedded C"", ""Microcontrollers"", ""Networking"", ""PCB Design""]","[""Electronics"", ""Telecommunications"", ""IT""]","[""Electronics"", ""Telecommunications"", ""IT""]","[""Meghalaya""]","[""Shillong""]",On-site,2,No prior experience,"[""English"", ""Hindi""]",No preference,Rural
CAND2026-00457,Undergraduate,B.Tech,Electrical Engineering,2026,5.8,"[""Electrical Safety"", ""Solar Energy"", ""AutoCAD"", ""MS Excel""]","[""Renewable Energy"", ""Electronics"", ""Infrastructure""]","[""Renewable Energy"", ""Electronics"", ""Infrastructure""]","[""Karnataka"", ""Bihar""]","[""Mysuru"", ""Gaya""]",Hybrid,3,Academic project experience,"[""English"", ""Hindi"", ""Kannada""]",Accessible workplace preferred,Rural
CAND2026-00458,Undergraduate,B.Com,Commerce,2027,7.1,"[""MS Excel"", ""Accounting"", ""Tally"", ""Financial Analysis"", ""Communication"", ""Documentation""]","[""Finance"", ""Accounting"", ""Banking""]","[""Finance"", ""Banking"", ""Marketing""]","[""Uttar Pradesh""]","[""Lucknow""]",Remote,3,No prior experience,"[""English"", ""Hindi""]",No preference,Urban
CAND2026-00459,Undergraduate,BBA,Business Administration,2028,8.4,"[""MS Excel"", ""Communication"", ""Financial Analysis"", ""Digital Marketing"", ""Project Management"", ""Documentation""]","[""Finance"", ""Marketing"", ""HR""]","[""Finance"", ""Marketing"", ""HR"", ""Logistics""]","[""Bihar""]","[""Gaya""]",On-site,4,No prior experience,"[""English"", ""Hindi""]",No preference,Urban
CAND2026-00460,Undergraduate,B.Sc.,Agriculture,2026,5.8,"[""Agriculture"", ""Field Survey"", ""Data Collection"", ""MS Excel"", ""Community Engagement"", ""Communication""]","[""Agriculture Technology"", ""Rural Development"", ""Sustainability""]","[""Agriculture"", ""Rural Development"", ""Renewable Energy""]","[""Manipur""]","[""Imphal""]",Hybrid,6,Academic project experience,"[""English"", ""Hindi"", ""Manipuri""]",No preference,Urban
CAND2026-00461,Undergraduate,B.Sc.,Data Science,2027,7.1,"[""Python"", ""SQL""]","[""Data Science"", ""Business Intelligence"", ""AI/ML""]","[""Data Science"", ""AI/ML"", ""IT""]","[""Telangana"", ""Jharkhand""]","[""Warangal"", ""Jamshedpur""]",On-site,2,No prior experience,"[""English"", ""Hindi"", ""Telugu""]",No preference,Rural
CAND2026-00462,Undergraduate,BCA,Computer Applications,2028,8.4,"[""Python"", ""JavaScript""]","[""Software Development"", ""IT"", ""Data Science""]","[""Software Development"", ""IT"", ""Data Science""]","[""Rajasthan""]","[""Jaipur""]",Hybrid,3,No prior experience,"[""English"", ""Hindi""]",No preference,Rural
CAND2026-00463,Diploma,Diploma,Civil Engineering,2027,8.3,"[""AutoCAD"", ""Site Survey""]","[""Infrastructure"", ""Construction"", ""Urban Development""]","[""Infrastructure"", ""Manufacturing"", ""Renewable Energy""]","[""Jharkhand""]","[""Jamshedpur""]",Remote,3,0-1 internship experience,"[""Hindi"", ""English""]",No preference,Urban
CAND2026-00464,Diploma,Diploma,Electrical Engineering,2028,5.6,"[""Electrical Safety"", ""Solar Energy"", ""Testing"", ""Troubleshooting""]","[""Renewable Energy"", ""Electronics"", ""Infrastructure""]","[""Renewable Energy"", ""Electronics"", ""Telecommunications""]","[""Uttarakhand""]","[""Dehradun""]",On-site,4,No prior experience,"[""Hindi"", ""English""]",No preference,Urban
CAND2026-00465,Undergraduate,BA,Public Administration,2028,8.4,"[""MS Excel"", ""Documentation"", ""Communication"", ""Research""]","[""Government"", ""E-Governance"", ""Rural Development""]","[""Government"", ""E-Governance"", ""Rural Development""]","[""Maharashtra"", ""Madhya Pradesh""]","[""Nagpur"", ""Indore""]",Hybrid,6,No prior experience,"[""Hindi"", ""English"", ""Marathi""]",No preference,Urban
CAND2026-00466,Undergraduate,BA,Social Work,2026,5.8,"[""Field Survey"", ""Community Engagement"", ""Communication"", ""Data Collection""]","[""Rural Development"", ""Education"", ""Healthcare""]","[""Rural Development"", ""Education"", ""Healthcare"", ""Government""]","[""Gujarat""]","[""Ahmedabad""]",On-site,2,Academic project experience,"[""Hindi"", ""English"", ""Gujarati""]",No preference,Rural
CAND2026-00467,Undergraduate,B.Sc.,Nursing,2027,7.1,"[""Patient Support"", ""Documentation"", ""Communication"", ""MS Excel""]","[""Healthcare"", ""Public Health""]","[""Healthcare"", ""Government"", ""Education""]","[""Madhya Pradesh""]","[""Indore""]",Hybrid,3,No prior experience,"[""English"", ""Hindi""]",No preference,Rural
CAND2026-00468,Undergraduate,BA,Tourism,2028,8.4,"[""Customer Service"", ""Communication"", ""Tourism Operations"", ""Content Writing"", ""MS Excel"", ""Documentation""]","[""Tourism"", ""Hospitality"", ""Marketing""]","[""Tourism"", ""Marketing"", ""Logistics""]","[""Chandigarh""]","[""Chandigarh""]",Remote,3,No prior experience,"[""English"", ""Hindi"", ""Punjabi""]",No preference,Urban
CAND2026-00469,Undergraduate,B.Tech,Computer Science,2026,5.8,"[""Python"", ""SQL"", ""Data Analysis"", ""Git"", ""React"", ""Machine Learning""]","[""Data Science"", ""Software Development"", ""AI/ML""]","[""IT"", ""Software Development"", ""Data Science"", ""AI/ML""]","[""Tamil Nadu"", ""Kerala""]","[""Coimbatore"", ""Kochi""]",On-site,4,Academic project experience,"[""English"", ""Hindi"", ""Tamil""]",Accessible workplace preferred,Urban
CAND2026-00470,Undergraduate,B.Tech,Information Technology,2027,7.1,"[""Python"", ""JavaScript"", ""React"", ""SQL"", ""Networking"", ""Git""]","[""Software Development"", ""Cybersecurity"", ""IT""]","[""Software Development"", ""Cybersecurity"", ""IT""]","[""West Bengal""]","[""Siliguri""]",Hybrid,6,No prior experience,"[""English"", ""Hindi"", ""Bengali""]",No preference,Urban
CAND2026-00471,Undergraduate,B.Tech,Artificial Intelligence,2028,8.4,"[""Python"", ""Machine Learning""]","[""AI/ML"", ""Data Science""]","[""AI/ML"", ""Data Science"", ""Software Development""]","[""Kerala""]","[""Thiruvananthapuram""]",On-site,2,No prior experience,"[""English"", ""Hindi"", ""Malayalam""]",No preference,Rural
CAND2026-00472,Undergraduate,B.Tech,Mechanical Engineering,2026,5.8,"[""AutoCAD"", ""SolidWorks""]","[""Manufacturing"", ""Automobile"", ""Infrastructure""]","[""Manufacturing"", ""Automobile"", ""Infrastructure""]","[""Goa""]","[""Panaji""]",Hybrid,3,Academic project experience,"[""English"", ""Hindi"", ""Konkani""]",No preference,Rural
CAND2026-00473,Undergraduate,B.Tech,Automobile Engineering,2027,7.1,"[""Automobile Engineering"", ""Diagnostics""]","[""Automobile"", ""Manufacturing"", ""Renewable Energy""]","[""Automobile"", ""Manufacturing"", ""Renewable Energy""]","[""Delhi"", ""Assam""]","[""New Delhi"", ""Guwahati""]",Remote,3,No prior experience,"[""English"", ""Hindi""]",No preference,Urban
CAND2026-00474,Undergraduate,B.Tech,Electronics and Communication,2028,8.4,"[""Embedded C"", ""Microcontrollers"", ""Networking"", ""PCB Design""]","[""Electronics"", ""Telecommunications"", ""IT""]","[""Electronics"", ""Telecommunications"", ""IT""]","[""Odisha""]","[""Cuttack""]",On-site,4,0-1 internship experience,"[""English"", ""Hindi"", ""Odia""]",No preference,Urban
CAND2026-00475,Undergraduate,B.Tech,Electrical Engineering,2026,5.8,"[""Electrical Safety"", ""Solar Energy"", ""AutoCAD"", ""MS Excel""]","[""Renewable Energy"", ""Electronics"", ""Infrastructure""]","[""Renewable Energy"", ""Electronics"", ""Infrastructure""]","[""Meghalaya""]","[""Shillong""]",Hybrid,6,Academic project experience,"[""English"", ""Hindi""]",No preference,Urban
CAND2026-00476,Undergraduate,B.Com,Commerce,2027,7.1,"[""MS Excel"", ""Accounting"", ""Tally"", ""Financial Analysis""]","[""Finance"", ""Accounting"", ""Banking""]","[""Finance"", ""Banking"", ""Marketing""]","[""Karnataka""]","[""Mysuru""]",On-site,2,No prior experience,"[""English"", ""Hindi"", ""Kannada""]",No preference,Rural
CAND2026-00477,Undergraduate,BBA,Business Administration,2028,8.4,"[""MS Excel"", ""Communication"", ""Financial Analysis"", ""Digital Marketing""]","[""Finance"", ""Marketing"", ""HR""]","[""Finance"", ""Marketing"", ""HR"", ""Logistics""]","[""Uttar Pradesh"", ""Tripura""]","[""Lucknow"", ""Agartala""]",Hybrid,3,No prior experience,"[""English"", ""Hindi""]",No preference,Rural
CAND2026-00478,Undergraduate,B.Sc.,Agriculture,2026,5.8,"[""Agriculture"", ""Field Survey"", ""Data Collection"", ""MS Excel"", ""Community Engagement"", ""Communication""]","[""Agriculture Technology"", ""Rural Development"", ""Sustainability""]","[""Agriculture"", ""Rural Development"", ""Renewable Energy""]","[""Bihar""]","[""Gaya""]",Remote,3,Academic project experience,"[""English"", ""Hindi""]",No preference,Urban
CAND2026-00479,Undergraduate,B.Sc.,Data Science,2027,7.1,"[""Python"", ""SQL"", ""Data Analysis"", ""Power BI"", ""Pandas"", ""MS Excel""]","[""Data Science"", ""Business Intelligence"", ""AI/ML""]","[""Data Science"", ""AI/ML"", ""IT""]","[""Manipur""]","[""Imphal""]",On-site,4,No prior experience,"[""English"", ""Hindi"", ""Manipuri""]",No preference,Urban
CAND2026-00480,Undergraduate,BCA,Computer Applications,2028,8.4,"[""Python"", ""JavaScript"", ""SQL"", ""React"", ""MS Excel"", ""Git""]","[""Software Development"", ""IT"", ""Data Science""]","[""Software Development"", ""IT"", ""Data Science""]","[""Telangana""]","[""Warangal""]",Hybrid,6,No prior experience,"[""English"", ""Hindi"", ""Telugu""]",No preference,Urban
CAND2026-00481,Diploma,Diploma,Civil Engineering,2025,9.1,"[""AutoCAD"", ""Site Survey""]","[""Infrastructure"", ""Construction"", ""Urban Development""]","[""Infrastructure"", ""Manufacturing"", ""Renewable Energy""]","[""Rajasthan"", ""Jammu and Kashmir""]","[""Jaipur"", ""Srinagar""]",On-site,2,Academic project experience,"[""Hindi"", ""English""]",Accessible workplace preferred,Rural
CAND2026-00482,Diploma,Diploma,Electrical Engineering,2026,6.4,"[""Electrical Safety"", ""Solar Energy""]","[""Renewable Energy"", ""Electronics"", ""Infrastructure""]","[""Renewable Energy"", ""Electronics"", ""Telecommunications""]","[""Jharkhand""]","[""Jamshedpur""]",Hybrid,3,No prior experience,"[""Hindi"", ""English""]",No preference,Rural
CAND2026-00483,Undergraduate,BA,Public Administration,2028,8.4,"[""MS Excel"", ""Documentation""]","[""Government"", ""E-Governance"", ""Rural Development""]","[""Government"", ""E-Governance"", ""Rural Development""]","[""Uttarakhand""]","[""Dehradun""]",Remote,3,No prior experience,"[""Hindi"", ""English""]",No preference,Urban
CAND2026-00484,Undergraduate,BA,Social Work,2026,5.8,"[""Field Survey"", ""Community Engagement"", ""Communication"", ""Data Collection""]","[""Rural Development"", ""Education"", ""Healthcare""]","[""Rural Development"", ""Education"", ""Healthcare"", ""Government""]","[""Maharashtra""]","[""Nagpur""]",On-site,4,Academic project experience,"[""Hindi"", ""English"", ""Marathi""]",No preference,Urban
CAND2026-00485,Undergraduate,B.Sc.,Nursing,2027,7.1,"[""Patient Support"", ""Documentation"", ""Communication"", ""MS Excel""]","[""Healthcare"", ""Public Health""]","[""Healthcare"", ""Government"", ""Education""]","[""Gujarat"", ""Himachal Pradesh""]","[""Ahmedabad"", ""Shimla""]",Hybrid,6,0-1 internship experience,"[""English"", ""Hindi"", ""Gujarati""]",No preference,Urban
CAND2026-00486,Undergraduate,BA,Tourism,2028,8.4,"[""Customer Service"", ""Communication"", ""Tourism Operations"", ""Content Writing""]","[""Tourism"", ""Hospitality"", ""Marketing""]","[""Tourism"", ""Marketing"", ""Logistics""]","[""Madhya Pradesh""]","[""Indore""]",On-site,2,No prior experience,"[""English"", ""Hindi""]",No preference,Rural
CAND2026-00487,Undergraduate,B.Tech,Computer Science,2026,5.8,"[""Python"", ""SQL"", ""Data Analysis"", ""Git""]","[""Data Science"", ""Software Development"", ""AI/ML""]","[""IT"", ""Software Development"", ""Data Science"", ""AI/ML""]","[""Andhra Pradesh""]","[""Visakhapatnam""]",Hybrid,3,Academic project experience,"[""English"", ""Hindi"", ""Telugu""]",No preference,Rural
CAND2026-00488,Undergraduate,B.Tech,Information Technology,2027,7.1,"[""Python"", ""JavaScript"", ""React"", ""SQL"", ""Networking"", ""Git""]","[""Software Development"", ""Cybersecurity"", ""IT""]","[""Software Development"", ""Cybersecurity"", ""IT""]","[""Tamil Nadu""]","[""Coimbatore""]",Remote,3,No prior experience,"[""English"", ""Hindi"", ""Tamil""]",No preference,Urban
CAND2026-00489,Undergraduate,B.Tech,Artificial Intelligence,2028,8.4,"[""Python"", ""Machine Learning"", ""Pandas"", ""Scikit-learn"", ""Data Analysis"", ""SQL""]","[""AI/ML"", ""Data Science""]","[""AI/ML"", ""Data Science"", ""Software Development""]","[""West Bengal"", ""Andhra Pradesh""]","[""Siliguri"", ""Visakhapatnam""]",On-site,4,No prior experience,"[""English"", ""Hindi"", ""Bengali""]",No preference,Urban
CAND2026-00490,Undergraduate,B.Tech,Mechanical Engineering,2026,5.8,"[""AutoCAD"", ""SolidWorks"", ""Manufacturing"", ""Quality Control"", ""MS Excel"", ""Testing""]","[""Manufacturing"", ""Automobile"", ""Infrastructure""]","[""Manufacturing"", ""Automobile"", ""Infrastructure""]","[""Kerala""]","[""Thiruvananthapuram""]",Hybrid,6,Academic project experience,"[""English"", ""Hindi"", ""Malayalam""]",No preference,Urban
CAND2026-00491,Undergraduate,B.Tech,Automobile Engineering,2027,7.1,"[""Automobile Engineering"", ""Diagnostics""]","[""Automobile"", ""Manufacturing"", ""Renewable Energy""]","[""Automobile"", ""Manufacturing"", ""Renewable Energy""]","[""Goa""]","[""Panaji""]",On-site,2,No prior experience,"[""English"", ""Hindi"", ""Konkani""]",No preference,Rural
CAND2026-00492,Undergraduate,B.Tech,Electronics and Communication,2028,8.4,"[""Embedded C"", ""Microcontrollers""]","[""Electronics"", ""Telecommunications"", ""IT""]","[""Electronics"", ""Telecommunications"", ""IT""]","[""Delhi""]","[""New Delhi""]",Hybrid,3,No prior experience,"[""English"", ""Hindi""]",No preference,Rural
CAND2026-00493,Undergraduate,B.Tech,Electrical Engineering,2026,5.8,"[""Electrical Safety"", ""Solar Energy""]","[""Renewable Energy"", ""Electronics"", ""Infrastructure""]","[""Renewable Energy"", ""Electronics"", ""Infrastructure""]","[""Odisha"", ""Goa""]","[""Cuttack"", ""Panaji""]",Remote,3,Academic project experience,"[""English"", ""Hindi"", ""Odia""]",Accessible workplace preferred,Urban
CAND2026-00494,Undergraduate,B.Com,Commerce,2027,7.1,"[""MS Excel"", ""Accounting"", ""Tally"", ""Financial Analysis""]","[""Finance"", ""Accounting"", ""Banking""]","[""Finance"", ""Banking"", ""Marketing""]","[""Meghalaya""]","[""Shillong""]",On-site,4,No prior experience,"[""English"", ""Hindi""]",No preference,Urban
CAND2026-00495,Undergraduate,BBA,Business Administration,2028,8.4,"[""MS Excel"", ""Communication"", ""Financial Analysis"", ""Digital Marketing""]","[""Finance"", ""Marketing"", ""HR""]","[""Finance"", ""Marketing"", ""HR"", ""Logistics""]","[""Karnataka""]","[""Mysuru""]",Hybrid,6,No prior experience,"[""English"", ""Hindi"", ""Kannada""]",No preference,Urban
CAND2026-00496,Undergraduate,B.Sc.,Agriculture,2026,5.8,"[""Agriculture"", ""Field Survey"", ""Data Collection"", ""MS Excel""]","[""Agriculture Technology"", ""Rural Development"", ""Sustainability""]","[""Agriculture"", ""Rural Development"", ""Renewable Energy""]","[""Uttar Pradesh""]","[""Lucknow""]",On-site,2,0-1 internship experience,"[""English"", ""Hindi""]",No preference,Rural
CAND2026-00497,Undergraduate,B.Sc.,Data Science,2027,7.1,"[""Python"", ""SQL"", ""Data Analysis"", ""Power BI""]","[""Data Science"", ""Business Intelligence"", ""AI/ML""]","[""Data Science"", ""AI/ML"", ""IT""]","[""Bihar"", ""Karnataka""]","[""Gaya"", ""Mysuru""]",Hybrid,3,No prior experience,"[""English"", ""Hindi""]",No preference,Rural
CAND2026-00498,Undergraduate,BCA,Computer Applications,2028,8.4,"[""Python"", ""JavaScript"", ""SQL"", ""React"", ""MS Excel"", ""Git""]","[""Software Development"", ""IT"", ""Data Science""]","[""Software Development"", ""IT"", ""Data Science""]","[""Manipur""]","[""Imphal""]",Remote,3,No prior experience,"[""English"", ""Hindi"", ""Manipuri""]",No preference,Urban
CAND2026-00499,Diploma,Diploma,Civil Engineering,2027,6.1,"[""AutoCAD"", ""Site Survey"", ""MS Excel"", ""Documentation"", ""Project Management"", ""Testing""]","[""Infrastructure"", ""Construction"", ""Urban Development""]","[""Infrastructure"", ""Manufacturing"", ""Renewable Energy""]","[""Telangana""]","[""Warangal""]",On-site,4,Academic project experience,"[""Hindi"", ""English"", ""Telugu""]",No preference,Urban
CAND2026-00500,Diploma,Diploma,Electrical Engineering,2028,7.2,"[""Electrical Safety"", ""Solar Energy"", ""Testing"", ""Troubleshooting"", ""MS Excel"", ""AutoCAD""]","[""Renewable Energy"", ""Electronics"", ""Infrastructure""]","[""Renewable Energy"", ""Electronics"", ""Telecommunications""]","[""Rajasthan""]","[""Jaipur""]",Hybrid,6,No prior experience,"[""Hindi"", ""English""]",No preference,Urban
CAND2026-00501,Undergraduate,BA,Public Administration,2028,8.4,"[""MS Excel"", ""Documentation""]","[""Government"", ""E-Governance"", ""Rural Development""]","[""Government"", ""E-Governance"", ""Rural Development""]","[""Jharkhand"", ""Telangana""]","[""Jamshedpur"", ""Warangal""]",On-site,2,No prior experience,"[""Hindi"", ""English""]",No preference,Rural
CAND2026-00502,Undergraduate,BA,Social Work,2026,5.8,"[""Field Survey"", ""Community Engagement""]","[""Rural Development"", ""Education"", ""Healthcare""]","[""Rural Development"", ""Education"", ""Healthcare"", ""Government""]","[""Uttarakhand""]","[""Dehradun""]",Hybrid,3,Academic project experience,"[""Hindi"", ""English""]",No preference,Rural
CAND2026-00503,Undergraduate,B.Sc.,Nursing,2027,7.1,"[""Patient Support"", ""Documentation""]","[""Healthcare"", ""Public Health""]","[""Healthcare"", ""Government"", ""Education""]","[""Maharashtra""]","[""Nagpur""]",Remote,3,No prior experience,"[""English"", ""Hindi"", ""Marathi""]",No preference,Urban
CAND2026-00504,Undergraduate,BA,Tourism,2028,8.4,"[""Customer Service"", ""Communication"", ""Tourism Operations"", ""Content Writing""]","[""Tourism"", ""Hospitality"", ""Marketing""]","[""Tourism"", ""Marketing"", ""Logistics""]","[""Gujarat""]","[""Ahmedabad""]",On-site,4,No prior experience,"[""English"", ""Hindi"", ""Gujarati""]",No preference,Urban
CAND2026-00505,Undergraduate,B.Tech,Computer Science,2026,5.8,"[""Python"", ""SQL"", ""Data Analysis"", ""Git""]","[""Data Science"", ""Software Development"", ""AI/ML""]","[""IT"", ""Software Development"", ""Data Science"", ""AI/ML""]","[""Chhattisgarh"", ""Maharashtra""]","[""Raipur"", ""Nagpur""]",Hybrid,6,Academic project experience,"[""English"", ""Hindi""]",Accessible workplace preferred,Urban
CAND2026-00506,Undergraduate,B.Tech,Information Technology,2027,7.1,"[""Python"", ""JavaScript"", ""React"", ""SQL""]","[""Software Development"", ""Cybersecurity"", ""IT""]","[""Software Development"", ""Cybersecurity"", ""IT""]","[""Andhra Pradesh""]","[""Visakhapatnam""]",On-site,2,No prior experience,"[""English"", ""Hindi"", ""Telugu""]",No preference,Rural
CAND2026-00507,Undergraduate,B.Tech,Artificial Intelligence,2028,8.4,"[""Python"", ""Machine Learning"", ""Pandas"", ""Scikit-learn""]","[""AI/ML"", ""Data Science""]","[""AI/ML"", ""Data Science"", ""Software Development""]","[""Tamil Nadu""]","[""Coimbatore""]",Hybrid,3,0-1 internship experience,"[""English"", ""Hindi"", ""Tamil""]",No preference,Rural
CAND2026-00508,Undergraduate,B.Tech,Mechanical Engineering,2026,5.8,"[""AutoCAD"", ""SolidWorks"", ""Manufacturing"", ""Quality Control"", ""MS Excel"", ""Testing""]","[""Manufacturing"", ""Automobile"", ""Infrastructure""]","[""Manufacturing"", ""Automobile"", ""Infrastructure""]","[""West Bengal""]","[""Siliguri""]",Remote,3,Academic project experience,"[""English"", ""Hindi"", ""Bengali""]",No preference,Urban
CAND2026-00509,Undergraduate,B.Tech,Automobile Engineering,2027,7.1,"[""Automobile Engineering"", ""Diagnostics"", ""AutoCAD"", ""Testing"", ""Electrical Safety""]","[""Automobile"", ""Manufacturing"", ""Renewable Energy""]","[""Automobile"", ""Manufacturing"", ""Renewable Energy""]","[""Kerala"", ""Tamil Nadu""]","[""Thiruvananthapuram"", ""Chennai""]",On-site,4,No prior experience,"[""English"", ""Hindi"", ""Malayalam""]",No preference,Urban
CAND2026-00510,Undergraduate,B.Tech,Electronics and Communication,2028,8.4,"[""Embedded C"", ""Microcontrollers"", ""Networking"", ""PCB Design"", ""Troubleshooting"", ""Arduino""]","[""Electronics"", ""Telecommunications"", ""IT""]","[""Electronics"", ""Telecommunications"", ""IT""]","[""Goa""]","[""Panaji""]",Hybrid,6,No prior experience,"[""English"", ""Hindi"", ""Konkani""]",No preference,Urban
CAND2026-00511,Undergraduate,B.Tech,Electrical Engineering,2026,5.8,"[""Electrical Safety"", ""Solar Energy""]","[""Renewable Energy"", ""Electronics"", ""Infrastructure""]","[""Renewable Energy"", ""Electronics"", ""Infrastructure""]","[""Delhi""]","[""New Delhi""]",On-site,2,Academic project experience,"[""English"", ""Hindi""]",No preference,Rural
CAND2026-00512,Undergraduate,B.Com,Commerce,2027,7.1,"[""MS Excel"", ""Accounting""]","[""Finance"", ""Accounting"", ""Banking""]","[""Finance"", ""Banking"", ""Marketing""]","[""Odisha""]","[""Cuttack""]",Hybrid,3,No prior experience,"[""English"", ""Hindi"", ""Odia""]",No preference,Rural
CAND2026-00513,Undergraduate,BBA,Business Administration,2028,8.4,"[""MS Excel"", ""Communication""]","[""Finance"", ""Marketing"", ""HR""]","[""Finance"", ""Marketing"", ""HR"", ""Logistics""]","[""Meghalaya"", ""Tamil Nadu""]","[""Shillong"", ""Madurai""]",Remote,3,No prior experience,"[""English"", ""Hindi""]",No preference,Urban
CAND2026-00514,Undergraduate,B.Sc.,Agriculture,2026,5.8,"[""Agriculture"", ""Field Survey"", ""Data Collection"", ""MS Excel""]","[""Agriculture Technology"", ""Rural Development"", ""Sustainability""]","[""Agriculture"", ""Rural Development"", ""Renewable Energy""]","[""Karnataka""]","[""Mysuru""]",On-site,4,Academic project experience,"[""English"", ""Hindi"", ""Kannada""]",No preference,Urban
CAND2026-00515,Undergraduate,B.Sc.,Data Science,2027,7.1,"[""Python"", ""SQL"", ""Data Analysis"", ""Power BI""]","[""Data Science"", ""Business Intelligence"", ""AI/ML""]","[""Data Science"", ""AI/ML"", ""IT""]","[""Uttar Pradesh""]","[""Lucknow""]",Hybrid,6,No prior experience,"[""English"", ""Hindi""]",No preference,Urban
CAND2026-00516,Undergraduate,BCA,Computer Applications,2028,8.4,"[""Python"", ""JavaScript"", ""SQL"", ""React""]","[""Software Development"", ""IT"", ""Data Science""]","[""Software Development"", ""IT"", ""Data Science""]","[""Bihar""]","[""Gaya""]",On-site,2,No prior experience,"[""English"", ""Hindi""]",No preference,Rural
CAND2026-00517,Diploma,Diploma,Civil Engineering,2025,6.9,"[""AutoCAD"", ""Site Survey"", ""MS Excel"", ""Documentation""]","[""Infrastructure"", ""Construction"", ""Urban Development""]","[""Infrastructure"", ""Manufacturing"", ""Renewable Energy""]","[""Manipur"", ""Uttar Pradesh""]","[""Imphal"", ""Noida""]",Hybrid,3,Academic project experience,"[""Hindi"", ""English"", ""Manipuri""]",Accessible workplace preferred,Rural
CAND2026-00518,Diploma,Diploma,Electrical Engineering,2026,8.0,"[""Electrical Safety"", ""Solar Energy"", ""Testing"", ""Troubleshooting"", ""MS Excel"", ""AutoCAD""]","[""Renewable Energy"", ""Electronics"", ""Infrastructure""]","[""Renewable Energy"", ""Electronics"", ""Telecommunications""]","[""Telangana""]","[""Warangal""]",Remote,3,0-1 internship experience,"[""Hindi"", ""English"", ""Telugu""]",No preference,Urban
CAND2026-00519,Undergraduate,BA,Public Administration,2028,8.4,"[""MS Excel"", ""Documentation"", ""Communication"", ""Research"", ""Data Entry"", ""Digital Literacy""]","[""Government"", ""E-Governance"", ""Rural Development""]","[""Government"", ""E-Governance"", ""Rural Development""]","[""Rajasthan""]","[""Jaipur""]",On-site,4,No prior experience,"[""Hindi"", ""English""]",No preference,Urban
CAND2026-00520,Undergraduate,BA,Social Work,2026,5.8,"[""Field Survey"", ""Community Engagement"", ""Communication"", ""Data Collection"", ""Documentation"", ""MS Excel""]","[""Rural Development"", ""Education"", ""Healthcare""]","[""Rural Development"", ""Education"", ""Healthcare"", ""Government""]","[""Jharkhand""]","[""Jamshedpur""]",Hybrid,6,Academic project experience,"[""Hindi"", ""English""]",No preference,Urban
CAND2026-00521,Undergraduate,B.Sc.,Nursing,2027,7.1,"[""Patient Support"", ""Documentation""]","[""Healthcare"", ""Public Health""]","[""Healthcare"", ""Government"", ""Education""]","[""Uttarakhand"", ""Uttar Pradesh""]","[""Dehradun"", ""Varanasi""]",On-site,2,No prior experience,"[""English"", ""Hindi""]",No preference,Rural
CAND2026-00522,Undergraduate,BA,Tourism,2028,8.4,"[""Customer Service"", ""Communication""]","[""Tourism"", ""Hospitality"", ""Marketing""]","[""Tourism"", ""Marketing"", ""Logistics""]","[""Maharashtra""]","[""Nagpur""]",Hybrid,3,No prior experience,"[""English"", ""Hindi"", ""Marathi""]",No preference,Rural
CAND2026-00523,Undergraduate,B.Tech,Computer Science,2026,5.8,"[""Python"", ""SQL""]","[""Data Science"", ""Software Development"", ""AI/ML""]","[""IT"", ""Software Development"", ""Data Science"", ""AI/ML""]","[""Gujarat""]","[""Surat""]",Remote,3,Academic project experience,"[""English"", ""Hindi"", ""Gujarati""]",No preference,Urban
CAND2026-00524,Undergraduate,B.Tech,Information Technology,2027,7.1,"[""Python"", ""JavaScript"", ""React"", ""SQL""]","[""Software Development"", ""Cybersecurity"", ""IT""]","[""Software Development"", ""Cybersecurity"", ""IT""]","[""Chhattisgarh""]","[""Raipur""]",On-site,4,No prior experience,"[""English"", ""Hindi""]",No preference,Urban
CAND2026-00525,Undergraduate,B.Tech,Artificial Intelligence,2028,8.4,"[""Python"", ""Machine Learning"", ""Pandas"", ""Scikit-learn""]","[""AI/ML"", ""Data Science""]","[""AI/ML"", ""Data Science"", ""Software Development""]","[""Andhra Pradesh"", ""Rajasthan""]","[""Visakhapatnam"", ""Udaipur""]",Hybrid,6,No prior experience,"[""English"", ""Hindi"", ""Telugu""]",No preference,Urban
CAND2026-00526,Undergraduate,B.Tech,Mechanical Engineering,2026,5.8,"[""AutoCAD"", ""SolidWorks"", ""Manufacturing"", ""Quality Control""]","[""Manufacturing"", ""Automobile"", ""Infrastructure""]","[""Manufacturing"", ""Automobile"", ""Infrastructure""]","[""Tamil Nadu""]","[""Coimbatore""]",On-site,2,Academic project experience,"[""English"", ""Hindi"", ""Tamil""]",No preference,Rural
CAND2026-00527,Undergraduate,B.Tech,Automobile Engineering,2027,7.1,"[""Automobile Engineering"", ""Diagnostics"", ""AutoCAD"", ""Testing""]","[""Automobile"", ""Manufacturing"", ""Renewable Energy""]","[""Automobile"", ""Manufacturing"", ""Renewable Energy""]","[""West Bengal""]","[""Siliguri""]",Hybrid,3,No prior experience,"[""English"", ""Hindi"", ""Bengali""]",No preference,Rural
CAND2026-00528,Undergraduate,B.Tech,Electronics and Communication,2028,8.4,"[""Embedded C"", ""Microcontrollers"", ""Networking"", ""PCB Design"", ""Troubleshooting"", ""Arduino""]","[""Electronics"", ""Telecommunications"", ""IT""]","[""Electronics"", ""Telecommunications"", ""IT""]","[""Kerala""]","[""Thiruvananthapuram""]",Remote,3,No prior experience,"[""English"", ""Hindi"", ""Malayalam""]",No preference,Urban
CAND2026-00529,Undergraduate,B.Tech,Electrical Engineering,2026,5.8,"[""Electrical Safety"", ""Solar Energy"", ""AutoCAD"", ""MS Excel"", ""Testing"", ""Microcontrollers""]","[""Renewable Energy"", ""Electronics"", ""Infrastructure""]","[""Renewable Energy"", ""Electronics"", ""Infrastructure""]","[""Goa"", ""Gujarat""]","[""Panaji"", ""Surat""]",On-site,4,0-1 internship experience,"[""English"", ""Hindi"", ""Konkani""]",Accessible workplace preferred,Urban
CAND2026-00530,Undergraduate,B.Com,Commerce,2027,7.1,"[""MS Excel"", ""Accounting"", ""Tally"", ""Financial Analysis"", ""Communication"", ""Documentation""]","[""Finance"", ""Accounting"", ""Banking""]","[""Finance"", ""Banking"", ""Marketing""]","[""Delhi""]","[""New Delhi""]",Hybrid,6,No prior experience,"[""English"", ""Hindi""]",No preference,Urban
CAND2026-00531,Undergraduate,BBA,Business Administration,2028,8.4,"[""MS Excel"", ""Communication""]","[""Finance"", ""Marketing"", ""HR""]","[""Finance"", ""Marketing"", ""HR"", ""Logistics""]","[""Odisha""]","[""Cuttack""]",On-site,2,No prior experience,"[""English"", ""Hindi"", ""Odia""]",No preference,Rural
CAND2026-00532,Undergraduate,B.Sc.,Agriculture,2026,5.8,"[""Agriculture"", ""Field Survey""]","[""Agriculture Technology"", ""Rural Development"", ""Sustainability""]","[""Agriculture"", ""Rural Development"", ""Renewable Energy""]","[""Meghalaya""]","[""Shillong""]",Hybrid,3,Academic project experience,"[""English"", ""Hindi""]",No preference,Rural
CAND2026-00533,Undergraduate,B.Sc.,Data Science,2027,7.1,"[""Python"", ""SQL""]","[""Data Science"", ""Business Intelligence"", ""AI/ML""]","[""Data Science"", ""AI/ML"", ""IT""]","[""Karnataka"", ""West Bengal""]","[""Mysuru"", ""Siliguri""]",Remote,3,No prior experience,"[""English"", ""Hindi"", ""Kannada""]",No preference,Urban
CAND2026-00534,Undergraduate,BCA,Computer Applications,2028,8.4,"[""Python"", ""JavaScript"", ""SQL"", ""React""]","[""Software Development"", ""IT"", ""Data Science""]","[""Software Development"", ""IT"", ""Data Science""]","[""Uttar Pradesh""]","[""Lucknow""]",On-site,4,No prior experience,"[""English"", ""Hindi""]",No preference,Urban
CAND2026-00535,Diploma,Diploma,Civil Engineering,2027,7.7,"[""AutoCAD"", ""Site Survey"", ""MS Excel"", ""Documentation""]","[""Infrastructure"", ""Construction"", ""Urban Development""]","[""Infrastructure"", ""Manufacturing"", ""Renewable Energy""]","[""Bihar""]","[""Gaya""]",Hybrid,6,Academic project experience,"[""Hindi"", ""English""]",No preference,Urban
CAND2026-00536,Diploma,Diploma,Electrical Engineering,2028,8.8,"[""Electrical Safety"", ""Solar Energy"", ""Testing"", ""Troubleshooting""]","[""Renewable Energy"", ""Electronics"", ""Infrastructure""]","[""Renewable Energy"", ""Electronics"", ""Telecommunications""]","[""Manipur""]","[""Imphal""]",On-site,2,No prior experience,"[""Hindi"", ""English"", ""Manipuri""]",No preference,Rural
CAND2026-00537,Undergraduate,BA,Public Administration,2028,8.4,"[""MS Excel"", ""Documentation"", ""Communication"", ""Research""]","[""Government"", ""E-Governance"", ""Rural Development""]","[""Government"", ""E-Governance"", ""Rural Development""]","[""Telangana"", ""Odisha""]","[""Warangal"", ""Cuttack""]",Hybrid,3,No prior experience,"[""Hindi"", ""English"", ""Telugu""]",No preference,Rural
CAND2026-00538,Undergraduate,BA,Social Work,2026,5.8,"[""Field Survey"", ""Community Engagement"", ""Communication"", ""Data Collection"", ""Documentation"", ""MS Excel""]","[""Rural Development"", ""Education"", ""Healthcare""]","[""Rural Development"", ""Education"", ""Healthcare"", ""Government""]","[""Rajasthan""]","[""Jaipur""]",Remote,3,Academic project experience,"[""Hindi"", ""English""]",No preference,Urban
CAND2026-00539,Undergraduate,B.Sc.,Nursing,2027,7.1,"[""Patient Support"", ""Documentation"", ""Communication"", ""MS Excel"", ""Data Entry"", ""Teamwork""]","[""Healthcare"", ""Public Health""]","[""Healthcare"", ""Government"", ""Education""]","[""Jharkhand""]","[""Jamshedpur""]",On-site,4,No prior experience,"[""English"", ""Hindi""]",No preference,Urban
CAND2026-00540,Undergraduate,BA,Tourism,2028,8.4,"[""Customer Service"", ""Communication"", ""Tourism Operations"", ""Content Writing"", ""MS Excel"", ""Documentation""]","[""Tourism"", ""Hospitality"", ""Marketing""]","[""Tourism"", ""Marketing"", ""Logistics""]","[""Uttarakhand""]","[""Dehradun""]",Hybrid,6,0-1 internship experience,"[""English"", ""Hindi""]",No preference,Urban
CAND2026-00541,Undergraduate,B.Tech,Computer Science,2026,5.8,"[""Python"", ""SQL""]","[""Data Science"", ""Software Development"", ""AI/ML""]","[""IT"", ""Software Development"", ""Data Science"", ""AI/ML""]","[""Maharashtra"", ""Bihar""]","[""Mumbai"", ""Gaya""]",On-site,2,Academic project experience,"[""English"", ""Hindi"", ""Marathi""]",Accessible workplace preferred,Rural
CAND2026-00542,Undergraduate,B.Tech,Information Technology,2027,7.1,"[""Python"", ""JavaScript""]","[""Software Development"", ""Cybersecurity"", ""IT""]","[""Software Development"", ""Cybersecurity"", ""IT""]","[""Gujarat""]","[""Surat""]",Hybrid,3,No prior experience,"[""English"", ""Hindi"", ""Gujarati""]",No preference,Rural
CAND2026-00543,Undergraduate,B.Tech,Artificial Intelligence,2028,8.4,"[""Python"", ""Machine Learning""]","[""AI/ML"", ""Data Science""]","[""AI/ML"", ""Data Science"", ""Software Development""]","[""Chhattisgarh""]","[""Raipur""]",Remote,3,No prior experience,"[""English"", ""Hindi""]",No preference,Urban
CAND2026-00544,Undergraduate,B.Tech,Mechanical Engineering,2026,5.8,"[""AutoCAD"", ""SolidWorks"", ""Manufacturing"", ""Quality Control""]","[""Manufacturing"", ""Automobile"", ""Infrastructure""]","[""Manufacturing"", ""Automobile"", ""Infrastructure""]","[""Andhra Pradesh""]","[""Visakhapatnam""]",On-site,4,Academic project experience,"[""English"", ""Hindi"", ""Telugu""]",No preference,Urban
CAND2026-00545,Undergraduate,B.Tech,Automobile Engineering,2027,7.1,"[""Automobile Engineering"", ""Diagnostics"", ""AutoCAD"", ""Testing""]","[""Automobile"", ""Manufacturing"", ""Renewable Energy""]","[""Automobile"", ""Manufacturing"", ""Renewable Energy""]","[""Tamil Nadu"", ""Jharkhand""]","[""Coimbatore"", ""Jamshedpur""]",Hybrid,6,No prior experience,"[""English"", ""Hindi"", ""Tamil""]",No preference,Urban
CAND2026-00546,Undergraduate,B.Tech,Electronics and Communication,2028,8.4,"[""Embedded C"", ""Microcontrollers"", ""Networking"", ""PCB Design""]","[""Electronics"", ""Telecommunications"", ""IT""]","[""Electronics"", ""Telecommunications"", ""IT""]","[""West Bengal""]","[""Siliguri""]",On-site,2,No prior experience,"[""English"", ""Hindi"", ""Bengali""]",No preference,Rural
CAND2026-00547,Undergraduate,B.Tech,Electrical Engineering,2026,5.8,"[""Electrical Safety"", ""Solar Energy"", ""AutoCAD"", ""MS Excel""]","[""Renewable Energy"", ""Electronics"", ""Infrastructure""]","[""Renewable Energy"", ""Electronics"", ""Infrastructure""]","[""Kerala""]","[""Thiruvananthapuram""]",Hybrid,3,Academic project experience,"[""English"", ""Hindi"", ""Malayalam""]",No preference,Rural
CAND2026-00548,Undergraduate,B.Com,Commerce,2027,7.1,"[""MS Excel"", ""Accounting"", ""Tally"", ""Financial Analysis"", ""Communication"", ""Documentation""]","[""Finance"", ""Accounting"", ""Banking""]","[""Finance"", ""Banking"", ""Marketing""]","[""Goa""]","[""Panaji""]",Remote,3,No prior experience,"[""English"", ""Hindi"", ""Konkani""]",No preference,Urban
CAND2026-00549,Undergraduate,BBA,Business Administration,2028,8.4,"[""MS Excel"", ""Communication"", ""Financial Analysis"", ""Digital Marketing"", ""Project Management"", ""Documentation""]","[""Finance"", ""Marketing"", ""HR""]","[""Finance"", ""Marketing"", ""HR"", ""Logistics""]","[""Delhi"", ""Madhya Pradesh""]","[""New Delhi"", ""Indore""]",On-site,4,No prior experience,"[""English"", ""Hindi""]",No preference,Urban
CAND2026-00550,Undergraduate,B.Sc.,Agriculture,2026,5.8,"[""Agriculture"", ""Field Survey"", ""Data Collection"", ""MS Excel"", ""Community Engagement"", ""Communication""]","[""Agriculture Technology"", ""Rural Development"", ""Sustainability""]","[""Agriculture"", ""Rural Development"", ""Renewable Energy""]","[""Odisha""]","[""Cuttack""]",Hybrid,6,Academic project experience,"[""English"", ""Hindi"", ""Odia""]",No preference,Urban
CAND2026-00551,Undergraduate,B.Sc.,Data Science,2027,7.1,"[""Python"", ""SQL""]","[""Data Science"", ""Business Intelligence"", ""AI/ML""]","[""Data Science"", ""AI/ML"", ""IT""]","[""Meghalaya""]","[""Shillong""]",On-site,2,0-1 internship experience,"[""English"", ""Hindi""]",No preference,Rural
CAND2026-00552,Undergraduate,BCA,Computer Applications,2028,8.4,"[""Python"", ""JavaScript""]","[""Software Development"", ""IT"", ""Data Science""]","[""Software Development"", ""IT"", ""Data Science""]","[""Karnataka""]","[""Mysuru""]",Hybrid,3,No prior experience,"[""English"", ""Hindi"", ""Kannada""]",No preference,Rural
CAND2026-00553,Diploma,Diploma,Civil Engineering,2025,8.5,"[""AutoCAD"", ""Site Survey""]","[""Infrastructure"", ""Construction"", ""Urban Development""]","[""Infrastructure"", ""Manufacturing"", ""Renewable Energy""]","[""Uttar Pradesh"", ""Kerala""]","[""Lucknow"", ""Kochi""]",Remote,3,Academic project experience,"[""Hindi"", ""English""]",Accessible workplace preferred,Urban
CAND2026-00554,Diploma,Diploma,Electrical Engineering,2026,5.8,"[""Electrical Safety"", ""Solar Energy"", ""Testing"", ""Troubleshooting""]","[""Renewable Energy"", ""Electronics"", ""Infrastructure""]","[""Renewable Energy"", ""Electronics"", ""Telecommunications""]","[""Bihar""]","[""Gaya""]",On-site,4,No prior experience,"[""Hindi"", ""English""]",No preference,Urban
CAND2026-00555,Undergraduate,BA,Public Administration,2028,8.4,"[""MS Excel"", ""Documentation"", ""Communication"", ""Research""]","[""Government"", ""E-Governance"", ""Rural Development""]","[""Government"", ""E-Governance"", ""Rural Development""]","[""Manipur""]","[""Imphal""]",Hybrid,6,No prior experience,"[""Hindi"", ""English"", ""Manipuri""]",No preference,Urban
CAND2026-00556,Undergraduate,BA,Social Work,2026,5.8,"[""Field Survey"", ""Community Engagement"", ""Communication"", ""Data Collection""]","[""Rural Development"", ""Education"", ""Healthcare""]","[""Rural Development"", ""Education"", ""Healthcare"", ""Government""]","[""Telangana""]","[""Warangal""]",On-site,2,Academic project experience,"[""Hindi"", ""English"", ""Telugu""]",No preference,Rural
CAND2026-00557,Undergraduate,B.Sc.,Nursing,2027,7.1,"[""Patient Support"", ""Documentation"", ""Communication"", ""MS Excel""]","[""Healthcare"", ""Public Health""]","[""Healthcare"", ""Government"", ""Education""]","[""Rajasthan"", ""Assam""]","[""Jaipur"", ""Guwahati""]",Hybrid,3,No prior experience,"[""English"", ""Hindi""]",No preference,Rural
CAND2026-00558,Undergraduate,BA,Tourism,2028,8.4,"[""Customer Service"", ""Communication"", ""Tourism Operations"", ""Content Writing"", ""MS Excel"", ""Documentation""]","[""Tourism"", ""Hospitality"", ""Marketing""]","[""Tourism"", ""Marketing"", ""Logistics""]","[""Jharkhand""]","[""Jamshedpur""]",Remote,3,No prior experience,"[""English"", ""Hindi""]",No preference,Urban
CAND2026-00559,Undergraduate,B.Tech,Computer Science,2026,5.8,"[""Python"", ""SQL"", ""Data Analysis"", ""Git"", ""React"", ""Machine Learning""]","[""Data Science"", ""Software Development"", ""AI/ML""]","[""IT"", ""Software Development"", ""Data Science"", ""AI/ML""]","[""Himachal Pradesh""]","[""Shimla""]",On-site,4,Academic project experience,"[""English"", ""Hindi""]",No preference,Urban
CAND2026-00560,Undergraduate,B.Tech,Information Technology,2027,7.1,"[""Python"", ""JavaScript"", ""React"", ""SQL"", ""Networking"", ""Git""]","[""Software Development"", ""Cybersecurity"", ""IT""]","[""Software Development"", ""Cybersecurity"", ""IT""]","[""Maharashtra""]","[""Mumbai""]",Hybrid,6,No prior experience,"[""English"", ""Hindi"", ""Marathi""]",No preference,Urban
CAND2026-00561,Undergraduate,B.Tech,Artificial Intelligence,2028,8.4,"[""Python"", ""Machine Learning""]","[""AI/ML"", ""Data Science""]","[""AI/ML"", ""Data Science"", ""Software Development""]","[""Gujarat"", ""Tripura""]","[""Surat"", ""Agartala""]",On-site,2,No prior experience,"[""English"", ""Hindi"", ""Gujarati""]",No preference,Rural
CAND2026-00562,Undergraduate,B.Tech,Mechanical Engineering,2026,5.8,"[""AutoCAD"", ""SolidWorks""]","[""Manufacturing"", ""Automobile"", ""Infrastructure""]","[""Manufacturing"", ""Automobile"", ""Infrastructure""]","[""Chhattisgarh""]","[""Raipur""]",Hybrid,3,0-1 internship experience,"[""English"", ""Hindi""]",No preference,Rural
CAND2026-00563,Undergraduate,B.Tech,Automobile Engineering,2027,7.1,"[""Automobile Engineering"", ""Diagnostics""]","[""Automobile"", ""Manufacturing"", ""Renewable Energy""]","[""Automobile"", ""Manufacturing"", ""Renewable Energy""]","[""Andhra Pradesh""]","[""Visakhapatnam""]",Remote,3,No prior experience,"[""English"", ""Hindi"", ""Telugu""]",No preference,Urban
CAND2026-00564,Undergraduate,B.Tech,Electronics and Communication,2028,8.4,"[""Embedded C"", ""Microcontrollers"", ""Networking"", ""PCB Design""]","[""Electronics"", ""Telecommunications"", ""IT""]","[""Electronics"", ""Telecommunications"", ""IT""]","[""Tamil Nadu""]","[""Coimbatore""]",On-site,4,No prior experience,"[""English"", ""Hindi"", ""Tamil""]",No preference,Urban
CAND2026-00565,Undergraduate,B.Tech,Electrical Engineering,2026,5.8,"[""Electrical Safety"", ""Solar Energy"", ""AutoCAD"", ""MS Excel""]","[""Renewable Energy"", ""Electronics"", ""Infrastructure""]","[""Renewable Energy"", ""Electronics"", ""Infrastructure""]","[""West Bengal"", ""Jammu and Kashmir""]","[""Siliguri"", ""Srinagar""]",Hybrid,6,Academic project experience,"[""English"", ""Hindi"", ""Bengali""]",Accessible workplace preferred,Urban
CAND2026-00566,Undergraduate,B.Com,Commerce,2027,7.1,"[""MS Excel"", ""Accounting"", ""Tally"", ""Financial Analysis""]","[""Finance"", ""Accounting"", ""Banking""]","[""Finance"", ""Banking"", ""Marketing""]","[""Kerala""]","[""Thiruvananthapuram""]",On-site,2,No prior experience,"[""English"", ""Hindi"", ""Malayalam""]",No preference,Rural
CAND2026-00567,Undergraduate,BBA,Business Administration,2028,8.4,"[""MS Excel"", ""Communication"", ""Financial Analysis"", ""Digital Marketing""]","[""Finance"", ""Marketing"", ""HR""]","[""Finance"", ""Marketing"", ""HR"", ""Logistics""]","[""Goa""]","[""Panaji""]",Hybrid,3,No prior experience,"[""English"", ""Hindi"", ""Konkani""]",No preference,Rural
CAND2026-00568,Undergraduate,B.Sc.,Agriculture,2026,5.8,"[""Agriculture"", ""Field Survey"", ""Data Collection"", ""MS Excel"", ""Community Engagement"", ""Communication""]","[""Agriculture Technology"", ""Rural Development"", ""Sustainability""]","[""Agriculture"", ""Rural Development"", ""Renewable Energy""]","[""Delhi""]","[""New Delhi""]",Remote,3,Academic project experience,"[""English"", ""Hindi""]",No preference,Urban
CAND2026-00569,Undergraduate,B.Sc.,Data Science,2027,7.1,"[""Python"", ""SQL"", ""Data Analysis"", ""Power BI"", ""Pandas"", ""MS Excel""]","[""Data Science"", ""Business Intelligence"", ""AI/ML""]","[""Data Science"", ""AI/ML"", ""IT""]","[""Odisha"", ""Himachal Pradesh""]","[""Cuttack"", ""Shimla""]",On-site,4,No prior experience,"[""English"", ""Hindi"", ""Odia""]",No preference,Urban
CAND2026-00570,Undergraduate,BCA,Computer Applications,2028,8.4,"[""Python"", ""JavaScript"", ""SQL"", ""React"", ""MS Excel"", ""Git""]","[""Software Development"", ""IT"", ""Data Science""]","[""Software Development"", ""IT"", ""Data Science""]","[""Meghalaya""]","[""Shillong""]",Hybrid,6,No prior experience,"[""English"", ""Hindi""]",No preference,Urban
CAND2026-00571,Diploma,Diploma,Civil Engineering,2027,5.5,"[""AutoCAD"", ""Site Survey""]","[""Infrastructure"", ""Construction"", ""Urban Development""]","[""Infrastructure"", ""Manufacturing"", ""Renewable Energy""]","[""Karnataka""]","[""Mysuru""]",On-site,2,Academic project experience,"[""Hindi"", ""English"", ""Kannada""]",No preference,Rural
CAND2026-00572,Diploma,Diploma,Electrical Engineering,2028,6.6,"[""Electrical Safety"", ""Solar Energy""]","[""Renewable Energy"", ""Electronics"", ""Infrastructure""]","[""Renewable Energy"", ""Electronics"", ""Telecommunications""]","[""Uttar Pradesh""]","[""Lucknow""]",Hybrid,3,No prior experience,"[""Hindi"", ""English""]",No preference,Rural
CAND2026-00573,Undergraduate,BA,Public Administration,2028,8.4,"[""MS Excel"", ""Documentation""]","[""Government"", ""E-Governance"", ""Rural Development""]","[""Government"", ""E-Governance"", ""Rural Development""]","[""Bihar"", ""Andhra Pradesh""]","[""Gaya"", ""Visakhapatnam""]",Remote,3,0-1 internship experience,"[""Hindi"", ""English""]",No preference,Urban
CAND2026-00574,Undergraduate,BA,Social Work,2026,5.8,"[""Field Survey"", ""Community Engagement"", ""Communication"", ""Data Collection""]","[""Rural Development"", ""Education"", ""Healthcare""]","[""Rural Development"", ""Education"", ""Healthcare"", ""Government""]","[""Manipur""]","[""Imphal""]",On-site,4,Academic project experience,"[""Hindi"", ""English"", ""Manipuri""]",No preference,Urban
CAND2026-00575,Undergraduate,B.Sc.,Nursing,2027,7.1,"[""Patient Support"", ""Documentation"", ""Communication"", ""MS Excel""]","[""Healthcare"", ""Public Health""]","[""Healthcare"", ""Government"", ""Education""]","[""Telangana""]","[""Warangal""]",Hybrid,6,No prior experience,"[""English"", ""Hindi"", ""Telugu""]",No preference,Urban
CAND2026-00576,Undergraduate,BA,Tourism,2028,8.4,"[""Customer Service"", ""Communication"", ""Tourism Operations"", ""Content Writing""]","[""Tourism"", ""Hospitality"", ""Marketing""]","[""Tourism"", ""Marketing"", ""Logistics""]","[""Rajasthan""]","[""Jaipur""]",On-site,2,No prior experience,"[""English"", ""Hindi""]",No preference,Rural
CAND2026-00577,Undergraduate,B.Tech,Computer Science,2026,5.8,"[""Python"", ""SQL"", ""Data Analysis"", ""Git""]","[""Data Science"", ""Software Development"", ""AI/ML""]","[""IT"", ""Software Development"", ""Data Science"", ""AI/ML""]","[""Madhya Pradesh"", ""Goa""]","[""Bhopal"", ""Panaji""]",Hybrid,3,Academic project experience,"[""English"", ""Hindi""]",Accessible workplace preferred,Rural
CAND2026-00578,Undergraduate,B.Tech,Information Technology,2027,7.1,"[""Python"", ""JavaScript"", ""React"", ""SQL"", ""Networking"", ""Git""]","[""Software Development"", ""Cybersecurity"", ""IT""]","[""Software Development"", ""Cybersecurity"", ""IT""]","[""Himachal Pradesh""]","[""Shimla""]",Remote,3,No prior experience,"[""English"", ""Hindi""]",No preference,Urban
CAND2026-00579,Undergraduate,B.Tech,Artificial Intelligence,2028,8.4,"[""Python"", ""Machine Learning"", ""Pandas"", ""Scikit-learn"", ""Data Analysis"", ""SQL""]","[""AI/ML"", ""Data Science""]","[""AI/ML"", ""Data Science"", ""Software Development""]","[""Maharashtra""]","[""Mumbai""]",On-site,4,No prior experience,"[""English"", ""Hindi"", ""Marathi""]",No preference,Urban
CAND2026-00580,Undergraduate,B.Tech,Mechanical Engineering,2026,5.8,"[""AutoCAD"", ""SolidWorks"", ""Manufacturing"", ""Quality Control"", ""MS Excel"", ""Testing""]","[""Manufacturing"", ""Automobile"", ""Infrastructure""]","[""Manufacturing"", ""Automobile"", ""Infrastructure""]","[""Gujarat""]","[""Surat""]",Hybrid,6,Academic project experience,"[""English"", ""Hindi"", ""Gujarati""]",No preference,Urban
CAND2026-00581,Undergraduate,B.Tech,Automobile Engineering,2027,7.1,"[""Automobile Engineering"", ""Diagnostics""]","[""Automobile"", ""Manufacturing"", ""Renewable Energy""]","[""Automobile"", ""Manufacturing"", ""Renewable Energy""]","[""Chhattisgarh"", ""Karnataka""]","[""Raipur"", ""Mysuru""]",On-site,2,No prior experience,"[""English"", ""Hindi""]",No preference,Rural
CAND2026-00582,Undergraduate,B.Tech,Electronics and Communication,2028,8.4,"[""Embedded C"", ""Microcontrollers""]","[""Electronics"", ""Telecommunications"", ""IT""]","[""Electronics"", ""Telecommunications"", ""IT""]","[""Andhra Pradesh""]","[""Visakhapatnam""]",Hybrid,3,No prior experience,"[""English"", ""Hindi"", ""Telugu""]",No preference,Rural
CAND2026-00583,Undergraduate,B.Tech,Electrical Engineering,2026,5.8,"[""Electrical Safety"", ""Solar Energy""]","[""Renewable Energy"", ""Electronics"", ""Infrastructure""]","[""Renewable Energy"", ""Electronics"", ""Infrastructure""]","[""Tamil Nadu""]","[""Coimbatore""]",Remote,3,Academic project experience,"[""English"", ""Hindi"", ""Tamil""]",No preference,Urban
CAND2026-00584,Undergraduate,B.Com,Commerce,2027,7.1,"[""MS Excel"", ""Accounting"", ""Tally"", ""Financial Analysis""]","[""Finance"", ""Accounting"", ""Banking""]","[""Finance"", ""Banking"", ""Marketing""]","[""West Bengal""]","[""Siliguri""]",On-site,4,0-1 internship experience,"[""English"", ""Hindi"", ""Bengali""]",No preference,Urban
CAND2026-00585,Undergraduate,BBA,Business Administration,2028,8.4,"[""MS Excel"", ""Communication"", ""Financial Analysis"", ""Digital Marketing""]","[""Finance"", ""Marketing"", ""HR""]","[""Finance"", ""Marketing"", ""HR"", ""Logistics""]","[""Kerala"", ""Telangana""]","[""Thiruvananthapuram"", ""Warangal""]",Hybrid,6,No prior experience,"[""English"", ""Hindi"", ""Malayalam""]",No preference,Urban
CAND2026-00586,Undergraduate,B.Sc.,Agriculture,2026,5.8,"[""Agriculture"", ""Field Survey"", ""Data Collection"", ""MS Excel""]","[""Agriculture Technology"", ""Rural Development"", ""Sustainability""]","[""Agriculture"", ""Rural Development"", ""Renewable Energy""]","[""Goa""]","[""Panaji""]",On-site,2,Academic project experience,"[""English"", ""Hindi"", ""Konkani""]",No preference,Rural
CAND2026-00587,Undergraduate,B.Sc.,Data Science,2027,7.1,"[""Python"", ""SQL"", ""Data Analysis"", ""Power BI""]","[""Data Science"", ""Business Intelligence"", ""AI/ML""]","[""Data Science"", ""AI/ML"", ""IT""]","[""Delhi""]","[""New Delhi""]",Hybrid,3,No prior experience,"[""English"", ""Hindi""]",No preference,Rural
CAND2026-00588,Undergraduate,BCA,Computer Applications,2028,8.4,"[""Python"", ""JavaScript"", ""SQL"", ""React"", ""MS Excel"", ""Git""]","[""Software Development"", ""IT"", ""Data Science""]","[""Software Development"", ""IT"", ""Data Science""]","[""Odisha""]","[""Cuttack""]",Remote,3,No prior experience,"[""English"", ""Hindi"", ""Odia""]",No preference,Urban
CAND2026-00589,Diploma,Diploma,Civil Engineering,2025,6.3,"[""AutoCAD"", ""Site Survey"", ""MS Excel"", ""Documentation"", ""Project Management"", ""Testing""]","[""Infrastructure"", ""Construction"", ""Urban Development""]","[""Infrastructure"", ""Manufacturing"", ""Renewable Energy""]","[""Meghalaya"", ""Maharashtra""]","[""Shillong"", ""Nagpur""]",On-site,4,Academic project experience,"[""Hindi"", ""English""]",Accessible workplace preferred,Urban
CAND2026-00590,Diploma,Diploma,Electrical Engineering,2026,7.4,"[""Electrical Safety"", ""Solar Energy"", ""Testing"", ""Troubleshooting"", ""MS Excel"", ""AutoCAD""]","[""Renewable Energy"", ""Electronics"", ""Infrastructure""]","[""Renewable Energy"", ""Electronics"", ""Telecommunications""]","[""Karnataka""]","[""Mysuru""]",Hybrid,6,No prior experience,"[""Hindi"", ""English"", ""Kannada""]",No preference,Urban
CAND2026-00591,Undergraduate,BA,Public Administration,2028,8.4,"[""MS Excel"", ""Documentation""]","[""Government"", ""E-Governance"", ""Rural Development""]","[""Government"", ""E-Governance"", ""Rural Development""]","[""Uttar Pradesh""]","[""Lucknow""]",On-site,2,No prior experience,"[""Hindi"", ""English""]",No preference,Rural
CAND2026-00592,Undergraduate,BA,Social Work,2026,5.8,"[""Field Survey"", ""Community Engagement""]","[""Rural Development"", ""Education"", ""Healthcare""]","[""Rural Development"", ""Education"", ""Healthcare"", ""Government""]","[""Bihar""]","[""Gaya""]",Hybrid,3,Academic project experience,"[""Hindi"", ""English""]",No preference,Rural
CAND2026-00593,Undergraduate,B.Sc.,Nursing,2027,7.1,"[""Patient Support"", ""Documentation""]","[""Healthcare"", ""Public Health""]","[""Healthcare"", ""Government"", ""Education""]","[""Manipur"", ""Tamil Nadu""]","[""Imphal"", ""Chennai""]",Remote,3,No prior experience,"[""English"", ""Hindi"", ""Manipuri""]",No preference,Urban
CAND2026-00594,Undergraduate,BA,Tourism,2028,8.4,"[""Customer Service"", ""Communication"", ""Tourism Operations"", ""Content Writing""]","[""Tourism"", ""Hospitality"", ""Marketing""]","[""Tourism"", ""Marketing"", ""Logistics""]","[""Telangana""]","[""Warangal""]",On-site,4,No prior experience,"[""English"", ""Hindi"", ""Telugu""]",No preference,Urban
CAND2026-00595,Undergraduate,B.Tech,Computer Science,2026,5.8,"[""Python"", ""SQL"", ""Data Analysis"", ""Git""]","[""Data Science"", ""Software Development"", ""AI/ML""]","[""IT"", ""Software Development"", ""Data Science"", ""AI/ML""]","[""Rajasthan""]","[""Udaipur""]",Hybrid,6,0-1 internship experience,"[""English"", ""Hindi""]",No preference,Urban
CAND2026-00596,Undergraduate,B.Tech,Information Technology,2027,7.1,"[""Python"", ""JavaScript"", ""React"", ""SQL""]","[""Software Development"", ""Cybersecurity"", ""IT""]","[""Software Development"", ""Cybersecurity"", ""IT""]","[""Madhya Pradesh""]","[""Bhopal""]",On-site,2,No prior experience,"[""English"", ""Hindi""]",No preference,Rural
CAND2026-00597,Undergraduate,B.Tech,Artificial Intelligence,2028,8.4,"[""Python"", ""Machine Learning"", ""Pandas"", ""Scikit-learn""]","[""AI/ML"", ""Data Science""]","[""AI/ML"", ""Data Science"", ""Software Development""]","[""Himachal Pradesh"", ""Tamil Nadu""]","[""Shimla"", ""Madurai""]",Hybrid,3,No prior experience,"[""English"", ""Hindi""]",No preference,Rural
CAND2026-00598,Undergraduate,B.Tech,Mechanical Engineering,2026,5.8,"[""AutoCAD"", ""SolidWorks"", ""Manufacturing"", ""Quality Control"", ""MS Excel"", ""Testing""]","[""Manufacturing"", ""Automobile"", ""Infrastructure""]","[""Manufacturing"", ""Automobile"", ""Infrastructure""]","[""Maharashtra""]","[""Mumbai""]",Remote,3,Academic project experience,"[""English"", ""Hindi"", ""Marathi""]",No preference,Urban
CAND2026-00599,Undergraduate,B.Tech,Automobile Engineering,2027,7.1,"[""Automobile Engineering"", ""Diagnostics"", ""AutoCAD"", ""Testing"", ""Electrical Safety""]","[""Automobile"", ""Manufacturing"", ""Renewable Energy""]","[""Automobile"", ""Manufacturing"", ""Renewable Energy""]","[""Gujarat""]","[""Surat""]",On-site,4,No prior experience,"[""English"", ""Hindi"", ""Gujarati""]",No preference,Urban
CAND2026-00600,Undergraduate,B.Tech,Electronics and Communication,2028,8.4,"[""Embedded C"", ""Microcontrollers"", ""Networking"", ""PCB Design"", ""Troubleshooting"", ""Arduino""]","[""Electronics"", ""Telecommunications"", ""IT""]","[""Electronics"", ""Telecommunications"", ""IT""]","[""Chhattisgarh""]","[""Raipur""]",Hybrid,6,No prior experience,"[""English"", ""Hindi""]",No preference,Urban
CAND2026-00601,Undergraduate,B.Tech,Electrical Engineering,2026,5.8,"[""Electrical Safety"", ""Solar Energy""]","[""Renewable Energy"", ""Electronics"", ""Infrastructure""]","[""Renewable Energy"", ""Electronics"", ""Infrastructure""]","[""Andhra Pradesh"", ""Uttar Pradesh""]","[""Visakhapatnam"", ""Noida""]",On-site,2,Academic project experience,"[""English"", ""Hindi"", ""Telugu""]",Accessible workplace preferred,Rural
CAND2026-00602,Undergraduate,B.Com,Commerce,2027,7.1,"[""MS Excel"", ""Accounting""]","[""Finance"", ""Accounting"", ""Banking""]","[""Finance"", ""Banking"", ""Marketing""]","[""Tamil Nadu""]","[""Coimbatore""]",Hybrid,3,No prior experience,"[""English"", ""Hindi"", ""Tamil""]",No preference,Rural
CAND2026-00603,Undergraduate,BBA,Business Administration,2028,8.4,"[""MS Excel"", ""Communication""]","[""Finance"", ""Marketing"", ""HR""]","[""Finance"", ""Marketing"", ""HR"", ""Logistics""]","[""West Bengal""]","[""Siliguri""]",Remote,3,No prior experience,"[""English"", ""Hindi"", ""Bengali""]",No preference,Urban
CAND2026-00604,Undergraduate,B.Sc.,Agriculture,2026,5.8,"[""Agriculture"", ""Field Survey"", ""Data Collection"", ""MS Excel""]","[""Agriculture Technology"", ""Rural Development"", ""Sustainability""]","[""Agriculture"", ""Rural Development"", ""Renewable Energy""]","[""Kerala""]","[""Thiruvananthapuram""]",On-site,4,Academic project experience,"[""English"", ""Hindi"", ""Malayalam""]",No preference,Urban
CAND2026-00605,Undergraduate,B.Sc.,Data Science,2027,7.1,"[""Python"", ""SQL"", ""Data Analysis"", ""Power BI""]","[""Data Science"", ""Business Intelligence"", ""AI/ML""]","[""Data Science"", ""AI/ML"", ""IT""]","[""Goa"", ""Uttar Pradesh""]","[""Panaji"", ""Varanasi""]",Hybrid,6,No prior experience,"[""English"", ""Hindi"", ""Konkani""]",No preference,Urban
CAND2026-00606,Undergraduate,BCA,Computer Applications,2028,8.4,"[""Python"", ""JavaScript"", ""SQL"", ""React""]","[""Software Development"", ""IT"", ""Data Science""]","[""Software Development"", ""IT"", ""Data Science""]","[""Delhi""]","[""New Delhi""]",On-site,2,0-1 internship experience,"[""English"", ""Hindi""]",No preference,Rural
CAND2026-00607,Diploma,Diploma,Civil Engineering,2027,7.1,"[""AutoCAD"", ""Site Survey"", ""MS Excel"", ""Documentation""]","[""Infrastructure"", ""Construction"", ""Urban Development""]","[""Infrastructure"", ""Manufacturing"", ""Renewable Energy""]","[""Odisha""]","[""Cuttack""]",Hybrid,3,Academic project experience,"[""Hindi"", ""English"", ""Odia""]",No preference,Rural
CAND2026-00608,Diploma,Diploma,Electrical Engineering,2028,8.2,"[""Electrical Safety"", ""Solar Energy"", ""Testing"", ""Troubleshooting"", ""MS Excel"", ""AutoCAD""]","[""Renewable Energy"", ""Electronics"", ""Infrastructure""]","[""Renewable Energy"", ""Electronics"", ""Telecommunications""]","[""Meghalaya""]","[""Shillong""]",Remote,3,No prior experience,"[""Hindi"", ""English""]",No preference,Urban
CAND2026-00609,Undergraduate,BA,Public Administration,2028,8.4,"[""MS Excel"", ""Documentation"", ""Communication"", ""Research"", ""Data Entry"", ""Digital Literacy""]","[""Government"", ""E-Governance"", ""Rural Development""]","[""Government"", ""E-Governance"", ""Rural Development""]","[""Karnataka"", ""Rajasthan""]","[""Mysuru"", ""Udaipur""]",On-site,4,No prior experience,"[""Hindi"", ""English"", ""Kannada""]",No preference,Urban
CAND2026-00610,Undergraduate,BA,Social Work,2026,5.8,"[""Field Survey"", ""Community Engagement"", ""Communication"", ""Data Collection"", ""Documentation"", ""MS Excel""]","[""Rural Development"", ""Education"", ""Healthcare""]","[""Rural Development"", ""Education"", ""Healthcare"", ""Government""]","[""Uttar Pradesh""]","[""Lucknow""]",Hybrid,6,Academic project experience,"[""Hindi"", ""English""]",No preference,Urban
CAND2026-00611,Undergraduate,B.Sc.,Nursing,2027,7.1,"[""Patient Support"", ""Documentation""]","[""Healthcare"", ""Public Health""]","[""Healthcare"", ""Government"", ""Education""]","[""Bihar""]","[""Gaya""]",On-site,2,No prior experience,"[""English"", ""Hindi""]",No preference,Rural
CAND2026-00612,Undergraduate,BA,Tourism,2028,8.4,"[""Customer Service"", ""Communication""]","[""Tourism"", ""Hospitality"", ""Marketing""]","[""Tourism"", ""Marketing"", ""Logistics""]","[""Manipur""]","[""Imphal""]",Hybrid,3,No prior experience,"[""English"", ""Hindi"", ""Manipuri""]",No preference,Rural
CAND2026-00613,Undergraduate,B.Tech,Computer Science,2026,5.8,"[""Python"", ""SQL""]","[""Data Science"", ""Software Development"", ""AI/ML""]","[""IT"", ""Software Development"", ""Data Science"", ""AI/ML""]","[""Maharashtra"", ""Gujarat""]","[""Pune"", ""Surat""]",Remote,3,Academic project experience,"[""English"", ""Hindi"", ""Marathi""]",Accessible workplace preferred,Urban
CAND2026-00614,Undergraduate,B.Tech,Information Technology,2027,7.1,"[""Python"", ""JavaScript"", ""React"", ""SQL""]","[""Software Development"", ""Cybersecurity"", ""IT""]","[""Software Development"", ""Cybersecurity"", ""IT""]","[""Rajasthan""]","[""Udaipur""]",On-site,4,No prior experience,"[""English"", ""Hindi""]",No preference,Urban
CAND2026-00615,Undergraduate,B.Tech,Artificial Intelligence,2028,8.4,"[""Python"", ""Machine Learning"", ""Pandas"", ""Scikit-learn""]","[""AI/ML"", ""Data Science""]","[""AI/ML"", ""Data Science"", ""Software Development""]","[""Madhya Pradesh""]","[""Bhopal""]",Hybrid,6,No prior experience,"[""English"", ""Hindi""]",No preference,Urban
CAND2026-00616,Undergraduate,B.Tech,Mechanical Engineering,2026,5.8,"[""AutoCAD"", ""SolidWorks"", ""Manufacturing"", ""Quality Control""]","[""Manufacturing"", ""Automobile"", ""Infrastructure""]","[""Manufacturing"", ""Automobile"", ""Infrastructure""]","[""Himachal Pradesh""]","[""Shimla""]",On-site,2,Academic project experience,"[""English"", ""Hindi""]",No preference,Rural
CAND2026-00617,Undergraduate,B.Tech,Automobile Engineering,2027,7.1,"[""Automobile Engineering"", ""Diagnostics"", ""AutoCAD"", ""Testing""]","[""Automobile"", ""Manufacturing"", ""Renewable Energy""]","[""Automobile"", ""Manufacturing"", ""Renewable Energy""]","[""Maharashtra"", ""West Bengal""]","[""Mumbai"", ""Siliguri""]",Hybrid,3,0-1 internship experience,"[""English"", ""Hindi"", ""Marathi""]",No preference,Rural
CAND2026-00618,Undergraduate,B.Tech,Electronics and Communication,2028,8.4,"[""Embedded C"", ""Microcontrollers"", ""Networking"", ""PCB Design"", ""Troubleshooting"", ""Arduino""]","[""Electronics"", ""Telecommunications"", ""IT""]","[""Electronics"", ""Telecommunications"", ""IT""]","[""Gujarat""]","[""Surat""]",Remote,3,No prior experience,"[""English"", ""Hindi"", ""Gujarati""]",No preference,Urban
CAND2026-00619,Undergraduate,B.Tech,Electrical Engineering,2026,5.8,"[""Electrical Safety"", ""Solar Energy"", ""AutoCAD"", ""MS Excel"", ""Testing"", ""Microcontrollers""]","[""Renewable Energy"", ""Electronics"", ""Infrastructure""]","[""Renewable Energy"", ""Electronics"", ""Infrastructure""]","[""Chhattisgarh""]","[""Raipur""]",On-site,4,Academic project experience,"[""English"", ""Hindi""]",No preference,Urban
CAND2026-00620,Undergraduate,B.Com,Commerce,2027,7.1,"[""MS Excel"", ""Accounting"", ""Tally"", ""Financial Analysis"", ""Communication"", ""Documentation""]","[""Finance"", ""Accounting"", ""Banking""]","[""Finance"", ""Banking"", ""Marketing""]","[""Andhra Pradesh""]","[""Visakhapatnam""]",Hybrid,6,No prior experience,"[""English"", ""Hindi"", ""Telugu""]",No preference,Urban
CAND2026-00621,Undergraduate,BBA,Business Administration,2028,8.4,"[""MS Excel"", ""Communication""]","[""Finance"", ""Marketing"", ""HR""]","[""Finance"", ""Marketing"", ""HR"", ""Logistics""]","[""Tamil Nadu"", ""Odisha""]","[""Coimbatore"", ""Cuttack""]",On-site,2,No prior experience,"[""English"", ""Hindi"", ""Tamil""]",No preference,Rural
CAND2026-00622,Undergraduate,B.Sc.,Agriculture,2026,5.8,"[""Agriculture"", ""Field Survey""]","[""Agriculture Technology"", ""Rural Development"", ""Sustainability""]","[""Agriculture"", ""Rural Development"", ""Renewable Energy""]","[""West Bengal""]","[""Siliguri""]",Hybrid,3,Academic project experience,"[""English"", ""Hindi"", ""Bengali""]",No preference,Rural
CAND2026-00623,Undergraduate,B.Sc.,Data Science,2027,7.1,"[""Python"", ""SQL""]","[""Data Science"", ""Business Intelligence"", ""AI/ML""]","[""Data Science"", ""AI/ML"", ""IT""]","[""Kerala""]","[""Thiruvananthapuram""]",Remote,3,No prior experience,"[""English"", ""Hindi"", ""Malayalam""]",No preference,Urban
CAND2026-00624,Undergraduate,BCA,Computer Applications,2028,8.4,"[""Python"", ""JavaScript"", ""SQL"", ""React""]","[""Software Development"", ""IT"", ""Data Science""]","[""Software Development"", ""IT"", ""Data Science""]","[""Goa""]","[""Panaji""]",On-site,4,No prior experience,"[""English"", ""Hindi"", ""Konkani""]",No preference,Urban
CAND2026-00625,Diploma,Diploma,Civil Engineering,2025,7.9,"[""AutoCAD"", ""Site Survey"", ""MS Excel"", ""Documentation""]","[""Infrastructure"", ""Construction"", ""Urban Development""]","[""Infrastructure"", ""Manufacturing"", ""Renewable Energy""]","[""Delhi"", ""Bihar""]","[""New Delhi"", ""Gaya""]",Hybrid,6,Academic project experience,"[""Hindi"", ""English""]",Accessible workplace preferred,Urban
CAND2026-00626,Diploma,Diploma,Electrical Engineering,2026,9.0,"[""Electrical Safety"", ""Solar Energy"", ""Testing"", ""Troubleshooting""]","[""Renewable Energy"", ""Electronics"", ""Infrastructure""]","[""Renewable Energy"", ""Electronics"", ""Telecommunications""]","[""Odisha""]","[""Cuttack""]",On-site,2,No prior experience,"[""Hindi"", ""English"", ""Odia""]",No preference,Rural
CAND2026-00627,Undergraduate,BA,Public Administration,2028,8.4,"[""MS Excel"", ""Documentation"", ""Communication"", ""Research""]","[""Government"", ""E-Governance"", ""Rural Development""]","[""Government"", ""E-Governance"", ""Rural Development""]","[""Meghalaya""]","[""Shillong""]",Hybrid,3,No prior experience,"[""Hindi"", ""English""]",No preference,Rural
CAND2026-00628,Undergraduate,BA,Social Work,2026,5.8,"[""Field Survey"", ""Community Engagement"", ""Communication"", ""Data Collection"", ""Documentation"", ""MS Excel""]","[""Rural Development"", ""Education"", ""Healthcare""]","[""Rural Development"", ""Education"", ""Healthcare"", ""Government""]","[""Karnataka""]","[""Mysuru""]",Remote,3,0-1 internship experience,"[""Hindi"", ""English"", ""Kannada""]",No preference,Urban
CAND2026-00629,Undergraduate,B.Sc.,Nursing,2027,7.1,"[""Patient Support"", ""Documentation"", ""Communication"", ""MS Excel"", ""Data Entry"", ""Teamwork""]","[""Healthcare"", ""Public Health""]","[""Healthcare"", ""Government"", ""Education""]","[""Uttar Pradesh"", ""Jharkhand""]","[""Lucknow"", ""Jamshedpur""]",On-site,4,No prior experience,"[""English"", ""Hindi""]",No preference,Urban
CAND2026-00630,Undergraduate,BA,Tourism,2028,8.4,"[""Customer Service"", ""Communication"", ""Tourism Operations"", ""Content Writing"", ""MS Excel"", ""Documentation""]","[""Tourism"", ""Hospitality"", ""Marketing""]","[""Tourism"", ""Marketing"", ""Logistics""]","[""Bihar""]","[""Gaya""]",Hybrid,6,No prior experience,"[""English"", ""Hindi""]",No preference,Urban
CAND2026-00631,Undergraduate,B.Tech,Computer Science,2026,5.8,"[""Python"", ""SQL""]","[""Data Science"", ""Software Development"", ""AI/ML""]","[""IT"", ""Software Development"", ""Data Science"", ""AI/ML""]","[""Jammu and Kashmir""]","[""Srinagar""]",On-site,2,Academic project experience,"[""English"", ""Hindi"", ""Urdu""]",No preference,Rural
CAND2026-00632,Undergraduate,B.Tech,Information Technology,2027,7.1,"[""Python"", ""JavaScript""]","[""Software Development"", ""Cybersecurity"", ""IT""]","[""Software Development"", ""Cybersecurity"", ""IT""]","[""Maharashtra""]","[""Pune""]",Hybrid,3,No prior experience,"[""English"", ""Hindi"", ""Marathi""]",No preference,Rural
CAND2026-00633,Undergraduate,B.Tech,Artificial Intelligence,2028,8.4,"[""Python"", ""Machine Learning""]","[""AI/ML"", ""Data Science""]","[""AI/ML"", ""Data Science"", ""Software Development""]","[""Rajasthan"", ""Madhya Pradesh""]","[""Udaipur"", ""Indore""]",Remote,3,No prior experience,"[""English"", ""Hindi""]",No preference,Urban
CAND2026-00634,Undergraduate,B.Tech,Mechanical Engineering,2026,5.8,"[""AutoCAD"", ""SolidWorks"", ""Manufacturing"", ""Quality Control""]","[""Manufacturing"", ""Automobile"", ""Infrastructure""]","[""Manufacturing"", ""Automobile"", ""Infrastructure""]","[""Madhya Pradesh""]","[""Bhopal""]",On-site,4,Academic project experience,"[""English"", ""Hindi""]",No preference,Urban
CAND2026-00635,Undergraduate,B.Tech,Automobile Engineering,2027,7.1,"[""Automobile Engineering"", ""Diagnostics"", ""AutoCAD"", ""Testing""]","[""Automobile"", ""Manufacturing"", ""Renewable Energy""]","[""Automobile"", ""Manufacturing"", ""Renewable Energy""]","[""Himachal Pradesh""]","[""Shimla""]",Hybrid,6,No prior experience,"[""English"", ""Hindi""]",No preference,Urban
CAND2026-00636,Undergraduate,B.Tech,Electronics and Communication,2028,8.4,"[""Embedded C"", ""Microcontrollers"", ""Networking"", ""PCB Design""]","[""Electronics"", ""Telecommunications"", ""IT""]","[""Electronics"", ""Telecommunications"", ""IT""]","[""Maharashtra""]","[""Mumbai""]",On-site,2,No prior experience,"[""English"", ""Hindi"", ""Marathi""]",No preference,Rural
CAND2026-00637,Undergraduate,B.Tech,Electrical Engineering,2026,5.8,"[""Electrical Safety"", ""Solar Energy"", ""AutoCAD"", ""MS Excel""]","[""Renewable Energy"", ""Electronics"", ""Infrastructure""]","[""Renewable Energy"", ""Electronics"", ""Infrastructure""]","[""Gujarat"", ""Kerala""]","[""Surat"", ""Kochi""]",Hybrid,3,Academic project experience,"[""English"", ""Hindi"", ""Gujarati""]",Accessible workplace preferred,Rural
CAND2026-00638,Undergraduate,B.Com,Commerce,2027,7.1,"[""MS Excel"", ""Accounting"", ""Tally"", ""Financial Analysis"", ""Communication"", ""Documentation""]","[""Finance"", ""Accounting"", ""Banking""]","[""Finance"", ""Banking"", ""Marketing""]","[""Chhattisgarh""]","[""Raipur""]",Remote,3,No prior experience,"[""English"", ""Hindi""]",No preference,Urban
CAND2026-00639,Undergraduate,BBA,Business Administration,2028,8.4,"[""MS Excel"", ""Communication"", ""Financial Analysis"", ""Digital Marketing"", ""Project Management"", ""Documentation""]","[""Finance"", ""Marketing"", ""HR""]","[""Finance"", ""Marketing"", ""HR"", ""Logistics""]","[""Andhra Pradesh""]","[""Visakhapatnam""]",On-site,4,0-1 internship experience,"[""English"", ""Hindi"", ""Telugu""]",No preference,Urban
CAND2026-00640,Undergraduate,B.Sc.,Agriculture,2026,5.8,"[""Agriculture"", ""Field Survey"", ""Data Collection"", ""MS Excel"", ""Community Engagement"", ""Communication""]","[""Agriculture Technology"", ""Rural Development"", ""Sustainability""]","[""Agriculture"", ""Rural Development"", ""Renewable Energy""]","[""Tamil Nadu""]","[""Coimbatore""]",Hybrid,6,Academic project experience,"[""English"", ""Hindi"", ""Tamil""]",No preference,Urban
CAND2026-00641,Undergraduate,B.Sc.,Data Science,2027,7.1,"[""Python"", ""SQL""]","[""Data Science"", ""Business Intelligence"", ""AI/ML""]","[""Data Science"", ""AI/ML"", ""IT""]","[""West Bengal"", ""Assam""]","[""Siliguri"", ""Guwahati""]",On-site,2,No prior experience,"[""English"", ""Hindi"", ""Bengali""]",No preference,Rural
CAND2026-00642,Undergraduate,BCA,Computer Applications,2028,8.4,"[""Python"", ""JavaScript""]","[""Software Development"", ""IT"", ""Data Science""]","[""Software Development"", ""IT"", ""Data Science""]","[""Kerala""]","[""Thiruvananthapuram""]",Hybrid,3,No prior experience,"[""English"", ""Hindi"", ""Malayalam""]",No preference,Rural
CAND2026-00643,Diploma,Diploma,Civil Engineering,2027,8.7,"[""AutoCAD"", ""Site Survey""]","[""Infrastructure"", ""Construction"", ""Urban Development""]","[""Infrastructure"", ""Manufacturing"", ""Renewable Energy""]","[""Goa""]","[""Panaji""]",Remote,3,Academic project experience,"[""Hindi"", ""English"", ""Konkani""]",No preference,Urban
CAND2026-00644,Diploma,Diploma,Electrical Engineering,2028,6.0,"[""Electrical Safety"", ""Solar Energy"", ""Testing"", ""Troubleshooting""]","[""Renewable Energy"", ""Electronics"", ""Infrastructure""]","[""Renewable Energy"", ""Electronics"", ""Telecommunications""]","[""Delhi""]","[""New Delhi""]",On-site,4,No prior experience,"[""Hindi"", ""English""]",No preference,Urban
CAND2026-00645,Undergraduate,BA,Public Administration,2028,8.4,"[""MS Excel"", ""Documentation"", ""Communication"", ""Research""]","[""Government"", ""E-Governance"", ""Rural Development""]","[""Government"", ""E-Governance"", ""Rural Development""]","[""Odisha"", ""Tripura""]","[""Cuttack"", ""Agartala""]",Hybrid,6,No prior experience,"[""Hindi"", ""English"", ""Odia""]",No preference,Urban
CAND2026-00646,Undergraduate,BA,Social Work,2026,5.8,"[""Field Survey"", ""Community Engagement"", ""Communication"", ""Data Collection""]","[""Rural Development"", ""Education"", ""Healthcare""]","[""Rural Development"", ""Education"", ""Healthcare"", ""Government""]","[""Meghalaya""]","[""Shillong""]",On-site,2,Academic project experience,"[""Hindi"", ""English""]",No preference,Rural
CAND2026-00647,Undergraduate,B.Sc.,Nursing,2027,7.1,"[""Patient Support"", ""Documentation"", ""Communication"", ""MS Excel""]","[""Healthcare"", ""Public Health""]","[""Healthcare"", ""Government"", ""Education""]","[""Karnataka""]","[""Mysuru""]",Hybrid,3,No prior experience,"[""English"", ""Hindi"", ""Kannada""]",No preference,Rural
CAND2026-00648,Undergraduate,BA,Tourism,2028,8.4,"[""Customer Service"", ""Communication"", ""Tourism Operations"", ""Content Writing"", ""MS Excel"", ""Documentation""]","[""Tourism"", ""Hospitality"", ""Marketing""]","[""Tourism"", ""Marketing"", ""Logistics""]","[""Uttar Pradesh""]","[""Lucknow""]",Remote,3,No prior experience,"[""English"", ""Hindi""]",No preference,Urban
CAND2026-00649,Undergraduate,B.Tech,Computer Science,2026,5.8,"[""Python"", ""SQL"", ""Data Analysis"", ""Git"", ""React"", ""Machine Learning""]","[""Data Science"", ""Software Development"", ""AI/ML""]","[""IT"", ""Software Development"", ""Data Science"", ""AI/ML""]","[""Jharkhand"", ""Jammu and Kashmir""]","[""Ranchi"", ""Srinagar""]",On-site,4,Academic project experience,"[""English"", ""Hindi""]",Accessible workplace preferred,Urban
CAND2026-00650,Undergraduate,B.Tech,Information Technology,2027,7.1,"[""Python"", ""JavaScript"", ""React"", ""SQL"", ""Networking"", ""Git""]","[""Software Development"", ""Cybersecurity"", ""IT""]","[""Software Development"", ""Cybersecurity"", ""IT""]","[""Jammu and Kashmir""]","[""Srinagar""]",Hybrid,6,0-1 internship experience,"[""English"", ""Hindi"", ""Urdu""]",No preference,Urban
CAND2026-00651,Undergraduate,B.Tech,Artificial Intelligence,2028,8.4,"[""Python"", ""Machine Learning""]","[""AI/ML"", ""Data Science""]","[""AI/ML"", ""Data Science"", ""Software Development""]","[""Maharashtra""]","[""Pune""]",On-site,2,No prior experience,"[""English"", ""Hindi"", ""Marathi""]",No preference,Rural
CAND2026-00652,Undergraduate,B.Tech,Mechanical Engineering,2026,5.8,"[""AutoCAD"", ""SolidWorks""]","[""Manufacturing"", ""Automobile"", ""Infrastructure""]","[""Manufacturing"", ""Automobile"", ""Infrastructure""]","[""Rajasthan""]","[""Udaipur""]",Hybrid,3,Academic project experience,"[""English"", ""Hindi""]",No preference,Rural
CAND2026-00653,Undergraduate,B.Tech,Automobile Engineering,2027,7.1,"[""Automobile Engineering"", ""Diagnostics""]","[""Automobile"", ""Manufacturing"", ""Renewable Energy""]","[""Automobile"", ""Manufacturing"", ""Renewable Energy""]","[""Madhya Pradesh"", ""Himachal Pradesh""]","[""Bhopal"", ""Shimla""]",Remote,3,No prior experience,"[""English"", ""Hindi""]",No preference,Urban
CAND2026-00654,Undergraduate,B.Tech,Electronics and Communication,2028,8.4,"[""Embedded C"", ""Microcontrollers"", ""Networking"", ""PCB Design""]","[""Electronics"", ""Telecommunications"", ""IT""]","[""Electronics"", ""Telecommunications"", ""IT""]","[""Himachal Pradesh""]","[""Shimla""]",On-site,4,No prior experience,"[""English"", ""Hindi""]",No preference,Urban
CAND2026-00655,Undergraduate,B.Tech,Electrical Engineering,2026,5.8,"[""Electrical Safety"", ""Solar Energy"", ""AutoCAD"", ""MS Excel""]","[""Renewable Energy"", ""Electronics"", ""Infrastructure""]","[""Renewable Energy"", ""Electronics"", ""Infrastructure""]","[""Maharashtra""]","[""Mumbai""]",Hybrid,6,Academic project experience,"[""English"", ""Hindi"", ""Marathi""]",No preference,Urban
CAND2026-00656,Undergraduate,B.Com,Commerce,2027,7.1,"[""MS Excel"", ""Accounting"", ""Tally"", ""Financial Analysis""]","[""Finance"", ""Accounting"", ""Banking""]","[""Finance"", ""Banking"", ""Marketing""]","[""Gujarat""]","[""Surat""]",On-site,2,No prior experience,"[""English"", ""Hindi"", ""Gujarati""]",No preference,Rural
CAND2026-00657,Undergraduate,BBA,Business Administration,2028,8.4,"[""MS Excel"", ""Communication"", ""Financial Analysis"", ""Digital Marketing""]","[""Finance"", ""Marketing"", ""HR""]","[""Finance"", ""Marketing"", ""HR"", ""Logistics""]","[""Chhattisgarh"", ""Andhra Pradesh""]","[""Raipur"", ""Visakhapatnam""]",Hybrid,3,No prior experience,"[""English"", ""Hindi""]",No preference,Rural
CAND2026-00658,Undergraduate,B.Sc.,Agriculture,2026,5.8,"[""Agriculture"", ""Field Survey"", ""Data Collection"", ""MS Excel"", ""Community Engagement"", ""Communication""]","[""Agriculture Technology"", ""Rural Development"", ""Sustainability""]","[""Agriculture"", ""Rural Development"", ""Renewable Energy""]","[""Andhra Pradesh""]","[""Visakhapatnam""]",Remote,3,Academic project experience,"[""English"", ""Hindi"", ""Telugu""]",No preference,Urban
CAND2026-00659,Undergraduate,B.Sc.,Data Science,2027,7.1,"[""Python"", ""SQL"", ""Data Analysis"", ""Power BI"", ""Pandas"", ""MS Excel""]","[""Data Science"", ""Business Intelligence"", ""AI/ML""]","[""Data Science"", ""AI/ML"", ""IT""]","[""Tamil Nadu""]","[""Coimbatore""]",On-site,4,No prior experience,"[""English"", ""Hindi"", ""Tamil""]",No preference,Urban
CAND2026-00660,Undergraduate,BCA,Computer Applications,2028,8.4,"[""Python"", ""JavaScript"", ""SQL"", ""React"", ""MS Excel"", ""Git""]","[""Software Development"", ""IT"", ""Data Science""]","[""Software Development"", ""IT"", ""Data Science""]","[""West Bengal""]","[""Siliguri""]",Hybrid,6,No prior experience,"[""English"", ""Hindi"", ""Bengali""]",No preference,Urban
CAND2026-00661,Diploma,Diploma,Civil Engineering,2025,5.7,"[""AutoCAD"", ""Site Survey""]","[""Infrastructure"", ""Construction"", ""Urban Development""]","[""Infrastructure"", ""Manufacturing"", ""Renewable Energy""]","[""Kerala"", ""Goa""]","[""Thiruvananthapuram"", ""Panaji""]",On-site,2,0-1 internship experience,"[""Hindi"", ""English"", ""Malayalam""]",Accessible workplace preferred,Rural
CAND2026-00662,Diploma,Diploma,Electrical Engineering,2026,6.8,"[""Electrical Safety"", ""Solar Energy""]","[""Renewable Energy"", ""Electronics"", ""Infrastructure""]","[""Renewable Energy"", ""Electronics"", ""Telecommunications""]","[""Goa""]","[""Panaji""]",Hybrid,3,No prior experience,"[""Hindi"", ""English"", ""Konkani""]",No preference,Rural
CAND2026-00663,Undergraduate,BA,Public Administration,2028,8.4,"[""MS Excel"", ""Documentation""]","[""Government"", ""E-Governance"", ""Rural Development""]","[""Government"", ""E-Governance"", ""Rural Development""]","[""Delhi""]","[""New Delhi""]",Remote,3,No prior experience,"[""Hindi"", ""English""]",No preference,Urban
CAND2026-00664,Undergraduate,BA,Social Work,2026,5.8,"[""Field Survey"", ""Community Engagement"", ""Communication"", ""Data Collection""]","[""Rural Development"", ""Education"", ""Healthcare""]","[""Rural Development"", ""Education"", ""Healthcare"", ""Government""]","[""Odisha""]","[""Cuttack""]",On-site,4,Academic project experience,"[""Hindi"", ""English"", ""Odia""]",No preference,Urban
CAND2026-00665,Undergraduate,B.Sc.,Nursing,2027,7.1,"[""Patient Support"", ""Documentation"", ""Communication"", ""MS Excel""]","[""Healthcare"", ""Public Health""]","[""Healthcare"", ""Government"", ""Education""]","[""Meghalaya"", ""Karnataka""]","[""Shillong"", ""Mysuru""]",Hybrid,6,No prior experience,"[""English"", ""Hindi""]",No preference,Urban
CAND2026-00666,Undergraduate,BA,Tourism,2028,8.4,"[""Customer Service"", ""Communication"", ""Tourism Operations"", ""Content Writing""]","[""Tourism"", ""Hospitality"", ""Marketing""]","[""Tourism"", ""Marketing"", ""Logistics""]","[""Karnataka""]","[""Mysuru""]",On-site,2,No prior experience,"[""English"", ""Hindi"", ""Kannada""]",No preference,Rural
CAND2026-00667,Undergraduate,B.Tech,Computer Science,2026,5.8,"[""Python"", ""SQL"", ""Data Analysis"", ""Git""]","[""Data Science"", ""Software Development"", ""AI/ML""]","[""IT"", ""Software Development"", ""Data Science"", ""AI/ML""]","[""Uttar Pradesh""]","[""Varanasi""]",Hybrid,3,Academic project experience,"[""English"", ""Hindi""]",No preference,Rural
CAND2026-00668,Undergraduate,B.Tech,Information Technology,2027,7.1,"[""Python"", ""JavaScript"", ""React"", ""SQL"", ""Networking"", ""Git""]","[""Software Development"", ""Cybersecurity"", ""IT""]","[""Software Development"", ""Cybersecurity"", ""IT""]","[""Jharkhand""]","[""Ranchi""]",Remote,3,No prior experience,"[""English"", ""Hindi""]",No preference,Urban
CAND2026-00669,Undergraduate,B.Tech,Artificial Intelligence,2028,8.4,"[""Python"", ""Machine Learning"", ""Pandas"", ""Scikit-learn"", ""Data Analysis"", ""SQL""]","[""AI/ML"", ""Data Science""]","[""AI/ML"", ""Data Science"", ""Software Development""]","[""Jammu and Kashmir"", ""Telangana""]","[""Srinagar"", ""Warangal""]",On-site,4,No prior experience,"[""English"", ""Hindi"", ""Urdu""]",No preference,Urban
CAND2026-00670,Undergraduate,B.Tech,Mechanical Engineering,2026,5.8,"[""AutoCAD"", ""SolidWorks"", ""Manufacturing"", ""Quality Control"", ""MS Excel"", ""Testing""]","[""Manufacturing"", ""Automobile"", ""Infrastructure""]","[""Manufacturing"", ""Automobile"", ""Infrastructure""]","[""Maharashtra""]","[""Pune""]",Hybrid,6,Academic project experience,"[""English"", ""Hindi"", ""Marathi""]",No preference,Urban
CAND2026-00671,Undergraduate,B.Tech,Automobile Engineering,2027,7.1,"[""Automobile Engineering"", ""Diagnostics""]","[""Automobile"", ""Manufacturing"", ""Renewable Energy""]","[""Automobile"", ""Manufacturing"", ""Renewable Energy""]","[""Rajasthan""]","[""Udaipur""]",On-site,2,No prior experience,"[""English"", ""Hindi""]",No preference,Rural
CAND2026-00672,Undergraduate,B.Tech,Electronics and Communication,2028,8.4,"[""Embedded C"", ""Microcontrollers""]","[""Electronics"", ""Telecommunications"", ""IT""]","[""Electronics"", ""Telecommunications"", ""IT""]","[""Madhya Pradesh""]","[""Bhopal""]",Hybrid,3,0-1 internship experience,"[""English"", ""Hindi""]",No preference,Rural
CAND2026-00673,Undergraduate,B.Tech,Electrical Engineering,2026,5.8,"[""Electrical Safety"", ""Solar Energy""]","[""Renewable Energy"", ""Electronics"", ""Infrastructure""]","[""Renewable Energy"", ""Electronics"", ""Infrastructure""]","[""Himachal Pradesh"", ""Maharashtra""]","[""Shimla"", ""Nagpur""]",Remote,3,Academic project experience,"[""English"", ""Hindi""]",Accessible workplace preferred,Urban
CAND2026-00674,Undergraduate,B.Com,Commerce,2027,7.1,"[""MS Excel"", ""Accounting"", ""Tally"", ""Financial Analysis""]","[""Finance"", ""Accounting"", ""Banking""]","[""Finance"", ""Banking"", ""Marketing""]","[""Maharashtra""]","[""Mumbai""]",On-site,4,No prior experience,"[""English"", ""Hindi"", ""Marathi""]",No preference,Urban
CAND2026-00675,Undergraduate,BBA,Business Administration,2028,8.4,"[""MS Excel"", ""Communication"", ""Financial Analysis"", ""Digital Marketing""]","[""Finance"", ""Marketing"", ""HR""]","[""Finance"", ""Marketing"", ""HR"", ""Logistics""]","[""Gujarat""]","[""Surat""]",Hybrid,6,No prior experience,"[""English"", ""Hindi"", ""Gujarati""]",No preference,Urban
CAND2026-00676,Undergraduate,B.Sc.,Agriculture,2026,5.8,"[""Agriculture"", ""Field Survey"", ""Data Collection"", ""MS Excel""]","[""Agriculture Technology"", ""Rural Development"", ""Sustainability""]","[""Agriculture"", ""Rural Development"", ""Renewable Energy""]","[""Chhattisgarh""]","[""Raipur""]",On-site,2,Academic project experience,"[""English"", ""Hindi""]",No preference,Rural
CAND2026-00677,Undergraduate,B.Sc.,Data Science,2027,7.1,"[""Python"", ""SQL"", ""Data Analysis"", ""Power BI""]","[""Data Science"", ""Business Intelligence"", ""AI/ML""]","[""Data Science"", ""AI/ML"", ""IT""]","[""Andhra Pradesh"", ""Tamil Nadu""]","[""Visakhapatnam"", ""Chennai""]",Hybrid,3,No prior experience,"[""English"", ""Hindi"", ""Telugu""]",No preference,Rural
CAND2026-00678,Undergraduate,BCA,Computer Applications,2028,8.4,"[""Python"", ""JavaScript"", ""SQL"", ""React"", ""MS Excel"", ""Git""]","[""Software Development"", ""IT"", ""Data Science""]","[""Software Development"", ""IT"", ""Data Science""]","[""Tamil Nadu""]","[""Coimbatore""]",Remote,3,No prior experience,"[""English"", ""Hindi"", ""Tamil""]",No preference,Urban
CAND2026-00679,Diploma,Diploma,Civil Engineering,2027,6.5,"[""AutoCAD"", ""Site Survey"", ""MS Excel"", ""Documentation"", ""Project Management"", ""Testing""]","[""Infrastructure"", ""Construction"", ""Urban Development""]","[""Infrastructure"", ""Manufacturing"", ""Renewable Energy""]","[""West Bengal""]","[""Siliguri""]",On-site,4,Academic project experience,"[""Hindi"", ""English"", ""Bengali""]",No preference,Urban
CAND2026-00680,Diploma,Diploma,Electrical Engineering,2028,7.6,"[""Electrical Safety"", ""Solar Energy"", ""Testing"", ""Troubleshooting"", ""MS Excel"", ""AutoCAD""]","[""Renewable Energy"", ""Electronics"", ""Infrastructure""]","[""Renewable Energy"", ""Electronics"", ""Telecommunications""]","[""Kerala""]","[""Thiruvananthapuram""]",Hybrid,6,No prior experience,"[""Hindi"", ""English"", ""Malayalam""]",No preference,Urban
CAND2026-00681,Undergraduate,BA,Public Administration,2028,8.4,"[""MS Excel"", ""Documentation""]","[""Government"", ""E-Governance"", ""Rural Development""]","[""Government"", ""E-Governance"", ""Rural Development""]","[""Goa"", ""Tamil Nadu""]","[""Panaji"", ""Madurai""]",On-site,2,No prior experience,"[""Hindi"", ""English"", ""Konkani""]",No preference,Rural
CAND2026-00682,Undergraduate,BA,Social Work,2026,5.8,"[""Field Survey"", ""Community Engagement""]","[""Rural Development"", ""Education"", ""Healthcare""]","[""Rural Development"", ""Education"", ""Healthcare"", ""Government""]","[""Delhi""]","[""New Delhi""]",Hybrid,3,Academic project experience,"[""Hindi"", ""English""]",No preference,Rural
CAND2026-00683,Undergraduate,B.Sc.,Nursing,2027,7.1,"[""Patient Support"", ""Documentation""]","[""Healthcare"", ""Public Health""]","[""Healthcare"", ""Government"", ""Education""]","[""Odisha""]","[""Cuttack""]",Remote,3,0-1 internship experience,"[""English"", ""Hindi"", ""Odia""]",No preference,Urban
CAND2026-00684,Undergraduate,BA,Tourism,2028,8.4,"[""Customer Service"", ""Communication"", ""Tourism Operations"", ""Content Writing""]","[""Tourism"", ""Hospitality"", ""Marketing""]","[""Tourism"", ""Marketing"", ""Logistics""]","[""Meghalaya""]","[""Shillong""]",On-site,4,No prior experience,"[""English"", ""Hindi""]",No preference,Urban
CAND2026-00685,Undergraduate,B.Tech,Computer Science,2026,5.8,"[""Python"", ""SQL"", ""Data Analysis"", ""Git""]","[""Data Science"", ""Software Development"", ""AI/ML""]","[""IT"", ""Software Development"", ""Data Science"", ""AI/ML""]","[""Telangana"", ""Uttar Pradesh""]","[""Hyderabad"", ""Noida""]",Hybrid,6,Academic project experience,"[""English"", ""Hindi"", ""Telugu""]",Accessible workplace preferred,Urban
CAND2026-00686,Undergraduate,B.Tech,Information Technology,2027,7.1,"[""Python"", ""JavaScript"", ""React"", ""SQL""]","[""Software Development"", ""Cybersecurity"", ""IT""]","[""Software Development"", ""Cybersecurity"", ""IT""]","[""Uttar Pradesh""]","[""Varanasi""]",On-site,2,No prior experience,"[""English"", ""Hindi""]",No preference,Rural
CAND2026-00687,Undergraduate,B.Tech,Artificial Intelligence,2028,8.4,"[""Python"", ""Machine Learning"", ""Pandas"", ""Scikit-learn""]","[""AI/ML"", ""Data Science""]","[""AI/ML"", ""Data Science"", ""Software Development""]","[""Jharkhand""]","[""Ranchi""]",Hybrid,3,No prior experience,"[""English"", ""Hindi""]",No preference,Rural
CAND2026-00688,Undergraduate,B.Tech,Mechanical Engineering,2026,5.8,"[""AutoCAD"", ""SolidWorks"", ""Manufacturing"", ""Quality Control"", ""MS Excel"", ""Testing""]","[""Manufacturing"", ""Automobile"", ""Infrastructure""]","[""Manufacturing"", ""Automobile"", ""Infrastructure""]","[""Jammu and Kashmir""]","[""Srinagar""]",Remote,3,Academic project experience,"[""English"", ""Hindi"", ""Urdu""]",No preference,Urban
CAND2026-00689,Undergraduate,B.Tech,Automobile Engineering,2027,7.1,"[""Automobile Engineering"", ""Diagnostics"", ""AutoCAD"", ""Testing"", ""Electrical Safety""]","[""Automobile"", ""Manufacturing"", ""Renewable Energy""]","[""Automobile"", ""Manufacturing"", ""Renewable Energy""]","[""Maharashtra"", ""Uttar Pradesh""]","[""Pune"", ""Varanasi""]",On-site,4,No prior experience,"[""English"", ""Hindi"", ""Marathi""]",No preference,Urban
CAND2026-00690,Undergraduate,B.Tech,Electronics and Communication,2028,8.4,"[""Embedded C"", ""Microcontrollers"", ""Networking"", ""PCB Design"", ""Troubleshooting"", ""Arduino""]","[""Electronics"", ""Telecommunications"", ""IT""]","[""Electronics"", ""Telecommunications"", ""IT""]","[""Rajasthan""]","[""Udaipur""]",Hybrid,6,No prior experience,"[""English"", ""Hindi""]",No preference,Urban
CAND2026-00691,Undergraduate,B.Tech,Electrical Engineering,2026,5.8,"[""Electrical Safety"", ""Solar Energy""]","[""Renewable Energy"", ""Electronics"", ""Infrastructure""]","[""Renewable Energy"", ""Electronics"", ""Infrastructure""]","[""Madhya Pradesh""]","[""Bhopal""]",On-site,2,Academic project experience,"[""English"", ""Hindi""]",No preference,Rural
CAND2026-00692,Undergraduate,B.Com,Commerce,2027,7.1,"[""MS Excel"", ""Accounting""]","[""Finance"", ""Accounting"", ""Banking""]","[""Finance"", ""Banking"", ""Marketing""]","[""Himachal Pradesh""]","[""Shimla""]",Hybrid,3,No prior experience,"[""English"", ""Hindi""]",No preference,Rural
CAND2026-00693,Undergraduate,BBA,Business Administration,2028,8.4,"[""MS Excel"", ""Communication""]","[""Finance"", ""Marketing"", ""HR""]","[""Finance"", ""Marketing"", ""HR"", ""Logistics""]","[""Maharashtra"", ""Rajasthan""]","[""Mumbai"", ""Udaipur""]",Remote,3,No prior experience,"[""English"", ""Hindi"", ""Marathi""]",No preference,Urban
CAND2026-00694,Undergraduate,B.Sc.,Agriculture,2026,5.8,"[""Agriculture"", ""Field Survey"", ""Data Collection"", ""MS Excel""]","[""Agriculture Technology"", ""Rural Development"", ""Sustainability""]","[""Agriculture"", ""Rural Development"", ""Renewable Energy""]","[""Gujarat""]","[""Surat""]",On-site,4,0-1 internship experience,"[""English"", ""Hindi"", ""Gujarati""]",No preference,Urban
CAND2026-00695,Undergraduate,B.Sc.,Data Science,2027,7.1,"[""Python"", ""SQL"", ""Data Analysis"", ""Power BI""]","[""Data Science"", ""Business Intelligence"", ""AI/ML""]","[""Data Science"", ""AI/ML"", ""IT""]","[""Chhattisgarh""]","[""Raipur""]",Hybrid,6,No prior experience,"[""English"", ""Hindi""]",No preference,Urban
CAND2026-00696,Undergraduate,BCA,Computer Applications,2028,8.4,"[""Python"", ""JavaScript"", ""SQL"", ""React""]","[""Software Development"", ""IT"", ""Data Science""]","[""Software Development"", ""IT"", ""Data Science""]","[""Andhra Pradesh""]","[""Visakhapatnam""]",On-site,2,No prior experience,"[""English"", ""Hindi"", ""Telugu""]",No preference,Rural
CAND2026-00697,Diploma,Diploma,Civil Engineering,2025,7.3,"[""AutoCAD"", ""Site Survey"", ""MS Excel"", ""Documentation""]","[""Infrastructure"", ""Construction"", ""Urban Development""]","[""Infrastructure"", ""Manufacturing"", ""Renewable Energy""]","[""Tamil Nadu"", ""Gujarat""]","[""Coimbatore"", ""Surat""]",Hybrid,3,Academic project experience,"[""Hindi"", ""English"", ""Tamil""]",Accessible workplace preferred,Rural
CAND2026-00698,Diploma,Diploma,Electrical Engineering,2026,8.4,"[""Electrical Safety"", ""Solar Energy"", ""Testing"", ""Troubleshooting"", ""MS Excel"", ""AutoCAD""]","[""Renewable Energy"", ""Electronics"", ""Infrastructure""]","[""Renewable Energy"", ""Electronics"", ""Telecommunications""]","[""West Bengal""]","[""Siliguri""]",Remote,3,No prior experience,"[""Hindi"", ""English"", ""Bengali""]",No preference,Urban
CAND2026-00699,Undergraduate,BA,Public Administration,2028,8.4,"[""MS Excel"", ""Documentation"", ""Communication"", ""Research"", ""Data Entry"", ""Digital Literacy""]","[""Government"", ""E-Governance"", ""Rural Development""]","[""Government"", ""E-Governance"", ""Rural Development""]","[""Kerala""]","[""Thiruvananthapuram""]",On-site,4,No prior experience,"[""Hindi"", ""English"", ""Malayalam""]",No preference,Urban
CAND2026-00700,Undergraduate,BA,Social Work,2026,5.8,"[""Field Survey"", ""Community Engagement"", ""Communication"", ""Data Collection"", ""Documentation"", ""MS Excel""]","[""Rural Development"", ""Education"", ""Healthcare""]","[""Rural Development"", ""Education"", ""Healthcare"", ""Government""]","[""Goa""]","[""Panaji""]",Hybrid,6,Academic project experience,"[""Hindi"", ""English"", ""Konkani""]",No preference,Urban
CAND2026-00701,Undergraduate,B.Sc.,Nursing,2027,7.1,"[""Patient Support"", ""Documentation""]","[""Healthcare"", ""Public Health""]","[""Healthcare"", ""Government"", ""Education""]","[""Delhi"", ""West Bengal""]","[""New Delhi"", ""Siliguri""]",On-site,2,No prior experience,"[""English"", ""Hindi""]",No preference,Rural
CAND2026-00702,Undergraduate,BA,Tourism,2028,8.4,"[""Customer Service"", ""Communication""]","[""Tourism"", ""Hospitality"", ""Marketing""]","[""Tourism"", ""Marketing"", ""Logistics""]","[""Odisha""]","[""Cuttack""]",Hybrid,3,No prior experience,"[""English"", ""Hindi"", ""Odia""]",No preference,Rural
CAND2026-00703,Undergraduate,B.Tech,Computer Science,2026,5.8,"[""Python"", ""SQL""]","[""Data Science"", ""Software Development"", ""AI/ML""]","[""IT"", ""Software Development"", ""Data Science"", ""AI/ML""]","[""Tripura""]","[""Agartala""]",Remote,3,Academic project experience,"[""English"", ""Hindi"", ""Bengali""]",No preference,Urban
CAND2026-00704,Undergraduate,B.Tech,Information Technology,2027,7.1,"[""Python"", ""JavaScript"", ""React"", ""SQL""]","[""Software Development"", ""Cybersecurity"", ""IT""]","[""Software Development"", ""Cybersecurity"", ""IT""]","[""Telangana""]","[""Hyderabad""]",On-site,4,No prior experience,"[""English"", ""Hindi"", ""Telugu""]",No preference,Urban
CAND2026-00705,Undergraduate,B.Tech,Artificial Intelligence,2028,8.4,"[""Python"", ""Machine Learning"", ""Pandas"", ""Scikit-learn""]","[""AI/ML"", ""Data Science""]","[""AI/ML"", ""Data Science"", ""Software Development""]","[""Uttar Pradesh"", ""Odisha""]","[""Varanasi"", ""Cuttack""]",Hybrid,6,0-1 internship experience,"[""English"", ""Hindi""]",No preference,Urban
CAND2026-00706,Undergraduate,B.Tech,Mechanical Engineering,2026,5.8,"[""AutoCAD"", ""SolidWorks"", ""Manufacturing"", ""Quality Control""]","[""Manufacturing"", ""Automobile"", ""Infrastructure""]","[""Manufacturing"", ""Automobile"", ""Infrastructure""]","[""Jharkhand""]","[""Ranchi""]",On-site,2,Academic project experience,"[""English"", ""Hindi""]",No preference,Rural
CAND2026-00707,Undergraduate,B.Tech,Automobile Engineering,2027,7.1,"[""Automobile Engineering"", ""Diagnostics"", ""AutoCAD"", ""Testing""]","[""Automobile"", ""Manufacturing"", ""Renewable Energy""]","[""Automobile"", ""Manufacturing"", ""Renewable Energy""]","[""Jammu and Kashmir""]","[""Srinagar""]",Hybrid,3,No prior experience,"[""English"", ""Hindi"", ""Urdu""]",No preference,Rural
CAND2026-00708,Undergraduate,B.Tech,Electronics and Communication,2028,8.4,"[""Embedded C"", ""Microcontrollers"", ""Networking"", ""PCB Design"", ""Troubleshooting"", ""Arduino""]","[""Electronics"", ""Telecommunications"", ""IT""]","[""Electronics"", ""Telecommunications"", ""IT""]","[""Maharashtra""]","[""Pune""]",Remote,3,No prior experience,"[""English"", ""Hindi"", ""Marathi""]",No preference,Urban
CAND2026-00709,Undergraduate,B.Tech,Electrical Engineering,2026,5.8,"[""Electrical Safety"", ""Solar Energy"", ""AutoCAD"", ""MS Excel"", ""Testing"", ""Microcontrollers""]","[""Renewable Energy"", ""Electronics"", ""Infrastructure""]","[""Renewable Energy"", ""Electronics"", ""Infrastructure""]","[""Rajasthan"", ""Bihar""]","[""Udaipur"", ""Gaya""]",On-site,4,Academic project experience,"[""English"", ""Hindi""]",Accessible workplace preferred,Urban
CAND2026-00710,Undergraduate,B.Com,Commerce,2027,7.1,"[""MS Excel"", ""Accounting"", ""Tally"", ""Financial Analysis"", ""Communication"", ""Documentation""]","[""Finance"", ""Accounting"", ""Banking""]","[""Finance"", ""Banking"", ""Marketing""]","[""Madhya Pradesh""]","[""Bhopal""]",Hybrid,6,No prior experience,"[""English"", ""Hindi""]",No preference,Urban
CAND2026-00711,Undergraduate,BBA,Business Administration,2028,8.4,"[""MS Excel"", ""Communication""]","[""Finance"", ""Marketing"", ""HR""]","[""Finance"", ""Marketing"", ""HR"", ""Logistics""]","[""Himachal Pradesh""]","[""Shimla""]",On-site,2,No prior experience,"[""English"", ""Hindi""]",No preference,Rural
CAND2026-00712,Undergraduate,B.Sc.,Agriculture,2026,5.8,"[""Agriculture"", ""Field Survey""]","[""Agriculture Technology"", ""Rural Development"", ""Sustainability""]","[""Agriculture"", ""Rural Development"", ""Renewable Energy""]","[""Maharashtra""]","[""Mumbai""]",Hybrid,3,Academic project experience,"[""English"", ""Hindi"", ""Marathi""]",No preference,Rural
CAND2026-00713,Undergraduate,B.Sc.,Data Science,2027,7.1,"[""Python"", ""SQL""]","[""Data Science"", ""Business Intelligence"", ""AI/ML""]","[""Data Science"", ""AI/ML"", ""IT""]","[""Gujarat"", ""Jharkhand""]","[""Surat"", ""Jamshedpur""]",Remote,3,No prior experience,"[""English"", ""Hindi"", ""Gujarati""]",No preference,Urban
CAND2026-00714,Undergraduate,BCA,Computer Applications,2028,8.4,"[""Python"", ""JavaScript"", ""SQL"", ""React""]","[""Software Development"", ""IT"", ""Data Science""]","[""Software Development"", ""IT"", ""Data Science""]","[""Chhattisgarh""]","[""Raipur""]",On-site,4,No prior experience,"[""English"", ""Hindi""]",No preference,Urban
CAND2026-00715,Diploma,Diploma,Civil Engineering,2027,8.1,"[""AutoCAD"", ""Site Survey"", ""MS Excel"", ""Documentation""]","[""Infrastructure"", ""Construction"", ""Urban Development""]","[""Infrastructure"", ""Manufacturing"", ""Renewable Energy""]","[""Andhra Pradesh""]","[""Visakhapatnam""]",Hybrid,6,Academic project experience,"[""Hindi"", ""English"", ""Telugu""]",No preference,Urban
CAND2026-00716,Diploma,Diploma,Electrical Engineering,2028,9.2,"[""Electrical Safety"", ""Solar Energy"", ""Testing"", ""Troubleshooting""]","[""Renewable Energy"", ""Electronics"", ""Infrastructure""]","[""Renewable Energy"", ""Electronics"", ""Telecommunications""]","[""Tamil Nadu""]","[""Coimbatore""]",On-site,2,0-1 internship experience,"[""Hindi"", ""English"", ""Tamil""]",No preference,Rural
CAND2026-00717,Undergraduate,BA,Public Administration,2028,8.4,"[""MS Excel"", ""Documentation"", ""Communication"", ""Research""]","[""Government"", ""E-Governance"", ""Rural Development""]","[""Government"", ""E-Governance"", ""Rural Development""]","[""West Bengal"", ""Madhya Pradesh""]","[""Siliguri"", ""Indore""]",Hybrid,3,No prior experience,"[""Hindi"", ""English"", ""Bengali""]",No preference,Rural
CAND2026-00718,Undergraduate,BA,Social Work,2026,5.8,"[""Field Survey"", ""Community Engagement"", ""Communication"", ""Data Collection"", ""Documentation"", ""MS Excel""]","[""Rural Development"", ""Education"", ""Healthcare""]","[""Rural Development"", ""Education"", ""Healthcare"", ""Government""]","[""Kerala""]","[""Thiruvananthapuram""]",Remote,3,Academic project experience,"[""Hindi"", ""English"", ""Malayalam""]",No preference,Urban
CAND2026-00719,Undergraduate,B.Sc.,Nursing,2027,7.1,"[""Patient Support"", ""Documentation"", ""Communication"", ""MS Excel"", ""Data Entry"", ""Teamwork""]","[""Healthcare"", ""Public Health""]","[""Healthcare"", ""Government"", ""Education""]","[""Goa""]","[""Panaji""]",On-site,4,No prior experience,"[""English"", ""Hindi"", ""Konkani""]",No preference,Urban
CAND2026-00720,Undergraduate,BA,Tourism,2028,8.4,"[""Customer Service"", ""Communication"", ""Tourism Operations"", ""Content Writing"", ""MS Excel"", ""Documentation""]","[""Tourism"", ""Hospitality"", ""Marketing""]","[""Tourism"", ""Marketing"", ""Logistics""]","[""Delhi""]","[""New Delhi""]",Hybrid,6,No prior experience,"[""English"", ""Hindi""]",No preference,Urban
CAND2026-00721,Undergraduate,B.Tech,Computer Science,2026,5.8,"[""Python"", ""SQL""]","[""Data Science"", ""Software Development"", ""AI/ML""]","[""IT"", ""Software Development"", ""Data Science"", ""AI/ML""]","[""Bihar"", ""Kerala""]","[""Patna"", ""Kochi""]",On-site,2,Academic project experience,"[""English"", ""Hindi""]",Accessible workplace preferred,Rural
CAND2026-00722,Undergraduate,B.Tech,Information Technology,2027,7.1,"[""Python"", ""JavaScript""]","[""Software Development"", ""Cybersecurity"", ""IT""]","[""Software Development"", ""Cybersecurity"", ""IT""]","[""Tripura""]","[""Agartala""]",Hybrid,3,No prior experience,"[""English"", ""Hindi"", ""Bengali""]",No preference,Rural
CAND2026-00723,Undergraduate,B.Tech,Artificial Intelligence,2028,8.4,"[""Python"", ""Machine Learning""]","[""AI/ML"", ""Data Science""]","[""AI/ML"", ""Data Science"", ""Software Development""]","[""Telangana""]","[""Hyderabad""]",Remote,3,No prior experience,"[""English"", ""Hindi"", ""Telugu""]",No preference,Urban
CAND2026-00724,Undergraduate,B.Tech,Mechanical Engineering,2026,5.8,"[""AutoCAD"", ""SolidWorks"", ""Manufacturing"", ""Quality Control""]","[""Manufacturing"", ""Automobile"", ""Infrastructure""]","[""Manufacturing"", ""Automobile"", ""Infrastructure""]","[""Uttar Pradesh""]","[""Varanasi""]",On-site,4,Academic project experience,"[""English"", ""Hindi""]",No preference,Urban
CAND2026-00725,Undergraduate,B.Tech,Automobile Engineering,2027,7.1,"[""Automobile Engineering"", ""Diagnostics"", ""AutoCAD"", ""Testing""]","[""Automobile"", ""Manufacturing"", ""Renewable Energy""]","[""Automobile"", ""Manufacturing"", ""Renewable Energy""]","[""Jharkhand"", ""Assam""]","[""Ranchi"", ""Guwahati""]",Hybrid,6,No prior experience,"[""English"", ""Hindi""]",No preference,Urban
CAND2026-00726,Undergraduate,B.Tech,Electronics and Communication,2028,8.4,"[""Embedded C"", ""Microcontrollers"", ""Networking"", ""PCB Design""]","[""Electronics"", ""Telecommunications"", ""IT""]","[""Electronics"", ""Telecommunications"", ""IT""]","[""Jammu and Kashmir""]","[""Srinagar""]",On-site,2,No prior experience,"[""English"", ""Hindi"", ""Urdu""]",No preference,Rural
CAND2026-00727,Undergraduate,B.Tech,Electrical Engineering,2026,5.8,"[""Electrical Safety"", ""Solar Energy"", ""AutoCAD"", ""MS Excel""]","[""Renewable Energy"", ""Electronics"", ""Infrastructure""]","[""Renewable Energy"", ""Electronics"", ""Infrastructure""]","[""Maharashtra""]","[""Pune""]",Hybrid,3,0-1 internship experience,"[""English"", ""Hindi"", ""Marathi""]",No preference,Rural
CAND2026-00728,Undergraduate,B.Com,Commerce,2027,7.1,"[""MS Excel"", ""Accounting"", ""Tally"", ""Financial Analysis"", ""Communication"", ""Documentation""]","[""Finance"", ""Accounting"", ""Banking""]","[""Finance"", ""Banking"", ""Marketing""]","[""Rajasthan""]","[""Udaipur""]",Remote,3,No prior experience,"[""English"", ""Hindi""]",No preference,Urban
CAND2026-00729,Undergraduate,BBA,Business Administration,2028,8.4,"[""MS Excel"", ""Communication"", ""Financial Analysis"", ""Digital Marketing"", ""Project Management"", ""Documentation""]","[""Finance"", ""Marketing"", ""HR""]","[""Finance"", ""Marketing"", ""HR"", ""Logistics""]","[""Madhya Pradesh"", ""Tripura""]","[""Bhopal"", ""Agartala""]",On-site,4,No prior experience,"[""English"", ""Hindi""]",No preference,Urban
CAND2026-00730,Undergraduate,B.Sc.,Agriculture,2026,5.8,"[""Agriculture"", ""Field Survey"", ""Data Collection"", ""MS Excel"", ""Community Engagement"", ""Communication""]","[""Agriculture Technology"", ""Rural Development"", ""Sustainability""]","[""Agriculture"", ""Rural Development"", ""Renewable Energy""]","[""Himachal Pradesh""]","[""Shimla""]",Hybrid,6,Academic project experience,"[""English"", ""Hindi""]",No preference,Urban
CAND2026-00731,Undergraduate,B.Sc.,Data Science,2027,7.1,"[""Python"", ""SQL""]","[""Data Science"", ""Business Intelligence"", ""AI/ML""]","[""Data Science"", ""AI/ML"", ""IT""]","[""Maharashtra""]","[""Mumbai""]",On-site,2,No prior experience,"[""English"", ""Hindi"", ""Marathi""]",No preference,Rural
CAND2026-00732,Undergraduate,BCA,Computer Applications,2028,8.4,"[""Python"", ""JavaScript""]","[""Software Development"", ""IT"", ""Data Science""]","[""Software Development"", ""IT"", ""Data Science""]","[""Gujarat""]","[""Surat""]",Hybrid,3,No prior experience,"[""English"", ""Hindi"", ""Gujarati""]",No preference,Rural
CAND2026-00733,Diploma,Diploma,Civil Engineering,2025,8.9,"[""AutoCAD"", ""Site Survey""]","[""Infrastructure"", ""Construction"", ""Urban Development""]","[""Infrastructure"", ""Manufacturing"", ""Renewable Energy""]","[""Chhattisgarh"", ""Jammu and Kashmir""]","[""Raipur"", ""Srinagar""]",Remote,3,Academic project experience,"[""Hindi"", ""English""]",Accessible workplace preferred,Urban
CAND2026-00734,Diploma,Diploma,Electrical Engineering,2026,6.2,"[""Electrical Safety"", ""Solar Energy"", ""Testing"", ""Troubleshooting""]","[""Renewable Energy"", ""Electronics"", ""Infrastructure""]","[""Renewable Energy"", ""Electronics"", ""Telecommunications""]","[""Andhra Pradesh""]","[""Visakhapatnam""]",On-site,4,No prior experience,"[""Hindi"", ""English"", ""Telugu""]",No preference,Urban
CAND2026-00735,Undergraduate,BA,Public Administration,2028,8.4,"[""MS Excel"", ""Documentation"", ""Communication"", ""Research""]","[""Government"", ""E-Governance"", ""Rural Development""]","[""Government"", ""E-Governance"", ""Rural Development""]","[""Tamil Nadu""]","[""Coimbatore""]",Hybrid,6,No prior experience,"[""Hindi"", ""English"", ""Tamil""]",No preference,Urban
CAND2026-00736,Undergraduate,BA,Social Work,2026,5.8,"[""Field Survey"", ""Community Engagement"", ""Communication"", ""Data Collection""]","[""Rural Development"", ""Education"", ""Healthcare""]","[""Rural Development"", ""Education"", ""Healthcare"", ""Government""]","[""West Bengal""]","[""Siliguri""]",On-site,2,Academic project experience,"[""Hindi"", ""English"", ""Bengali""]",No preference,Rural
CAND2026-00737,Undergraduate,B.Sc.,Nursing,2027,7.1,"[""Patient Support"", ""Documentation"", ""Communication"", ""MS Excel""]","[""Healthcare"", ""Public Health""]","[""Healthcare"", ""Government"", ""Education""]","[""Kerala"", ""Himachal Pradesh""]","[""Thiruvananthapuram"", ""Shimla""]",Hybrid,3,No prior experience,"[""English"", ""Hindi"", ""Malayalam""]",No preference,Rural
CAND2026-00738,Undergraduate,BA,Tourism,2028,8.4,"[""Customer Service"", ""Communication"", ""Tourism Operations"", ""Content Writing"", ""MS Excel"", ""Documentation""]","[""Tourism"", ""Hospitality"", ""Marketing""]","[""Tourism"", ""Marketing"", ""Logistics""]","[""Goa""]","[""Panaji""]",Remote,3,0-1 internship experience,"[""English"", ""Hindi"", ""Konkani""]",No preference,Urban
CAND2026-00739,Undergraduate,B.Tech,Computer Science,2026,5.8,"[""Python"", ""SQL"", ""Data Analysis"", ""Git"", ""React"", ""Machine Learning""]","[""Data Science"", ""Software Development"", ""AI/ML""]","[""IT"", ""Software Development"", ""Data Science"", ""AI/ML""]","[""Uttar Pradesh""]","[""Noida""]",On-site,4,Academic project experience,"[""English"", ""Hindi""]",No preference,Urban
CAND2026-00740,Undergraduate,B.Tech,Information Technology,2027,7.1,"[""Python"", ""JavaScript"", ""React"", ""SQL"", ""Networking"", ""Git""]","[""Software Development"", ""Cybersecurity"", ""IT""]","[""Software Development"", ""Cybersecurity"", ""IT""]","[""Bihar""]","[""Patna""]",Hybrid,6,No prior experience,"[""English"", ""Hindi""]",No preference,Urban
CAND2026-00741,Undergraduate,B.Tech,Artificial Intelligence,2028,8.4,"[""Python"", ""Machine Learning""]","[""AI/ML"", ""Data Science""]","[""AI/ML"", ""Data Science"", ""Software Development""]","[""Tripura"", ""Andhra Pradesh""]","[""Agartala"", ""Visakhapatnam""]",On-site,2,No prior experience,"[""English"", ""Hindi"", ""Bengali""]",No preference,Rural
CAND2026-00742,Undergraduate,B.Tech,Mechanical Engineering,2026,5.8,"[""AutoCAD"", ""SolidWorks""]","[""Manufacturing"", ""Automobile"", ""Infrastructure""]","[""Manufacturing"", ""Automobile"", ""Infrastructure""]","[""Telangana""]","[""Hyderabad""]",Hybrid,3,Academic project experience,"[""English"", ""Hindi"", ""Telugu""]",No preference,Rural
CAND2026-00743,Undergraduate,B.Tech,Automobile Engineering,2027,7.1,"[""Automobile Engineering"", ""Diagnostics""]","[""Automobile"", ""Manufacturing"", ""Renewable Energy""]","[""Automobile"", ""Manufacturing"", ""Renewable Energy""]","[""Uttar Pradesh""]","[""Varanasi""]",Remote,3,No prior experience,"[""English"", ""Hindi""]",No preference,Urban
CAND2026-00744,Undergraduate,B.Tech,Electronics and Communication,2028,8.4,"[""Embedded C"", ""Microcontrollers"", ""Networking"", ""PCB Design""]","[""Electronics"", ""Telecommunications"", ""IT""]","[""Electronics"", ""Telecommunications"", ""IT""]","[""Jharkhand""]","[""Ranchi""]",On-site,4,No prior experience,"[""English"", ""Hindi""]",No preference,Urban
CAND2026-00745,Undergraduate,B.Tech,Electrical Engineering,2026,5.8,"[""Electrical Safety"", ""Solar Energy"", ""AutoCAD"", ""MS Excel""]","[""Renewable Energy"", ""Electronics"", ""Infrastructure""]","[""Renewable Energy"", ""Electronics"", ""Infrastructure""]","[""Jammu and Kashmir"", ""Goa""]","[""Srinagar"", ""Panaji""]",Hybrid,6,Academic project experience,"[""English"", ""Hindi"", ""Urdu""]",Accessible workplace preferred,Urban
CAND2026-00746,Undergraduate,B.Com,Commerce,2027,7.1,"[""MS Excel"", ""Accounting"", ""Tally"", ""Financial Analysis""]","[""Finance"", ""Accounting"", ""Banking""]","[""Finance"", ""Banking"", ""Marketing""]","[""Maharashtra""]","[""Pune""]",On-site,2,No prior experience,"[""English"", ""Hindi"", ""Marathi""]",No preference,Rural
CAND2026-00747,Undergraduate,BBA,Business Administration,2028,8.4,"[""MS Excel"", ""Communication"", ""Financial Analysis"", ""Digital Marketing""]","[""Finance"", ""Marketing"", ""HR""]","[""Finance"", ""Marketing"", ""HR"", ""Logistics""]","[""Rajasthan""]","[""Udaipur""]",Hybrid,3,No prior experience,"[""English"", ""Hindi""]",No preference,Rural
CAND2026-00748,Undergraduate,B.Sc.,Agriculture,2026,5.8,"[""Agriculture"", ""Field Survey"", ""Data Collection"", ""MS Excel"", ""Community Engagement"", ""Communication""]","[""Agriculture Technology"", ""Rural Development"", ""Sustainability""]","[""Agriculture"", ""Rural Development"", ""Renewable Energy""]","[""Madhya Pradesh""]","[""Bhopal""]",Remote,3,Academic project experience,"[""English"", ""Hindi""]",No preference,Urban
CAND2026-00749,Undergraduate,B.Sc.,Data Science,2027,7.1,"[""Python"", ""SQL"", ""Data Analysis"", ""Power BI"", ""Pandas"", ""MS Excel""]","[""Data Science"", ""Business Intelligence"", ""AI/ML""]","[""Data Science"", ""AI/ML"", ""IT""]","[""Himachal Pradesh"", ""Karnataka""]","[""Shimla"", ""Mysuru""]",On-site,4,0-1 internship experience,"[""English"", ""Hindi""]",No preference,Urban
CAND2026-00750,Undergraduate,BCA,Computer Applications,2028,8.4,"[""Python"", ""JavaScript"", ""SQL"", ""React"", ""MS Excel"", ""Git""]","[""Software Development"", ""IT"", ""Data Science""]","[""Software Development"", ""IT"", ""Data Science""]","[""Maharashtra""]","[""Mumbai""]",Hybrid,6,No prior experience,"[""English"", ""Hindi"", ""Marathi""]",No preference,Urban
CAND2026-00751,Diploma,Diploma,Civil Engineering,2027,5.9,"[""AutoCAD"", ""Site Survey""]","[""Infrastructure"", ""Construction"", ""Urban Development""]","[""Infrastructure"", ""Manufacturing"", ""Renewable Energy""]","[""Gujarat""]","[""Surat""]",On-site,2,Academic project experience,"[""Hindi"", ""English"", ""Gujarati""]",No preference,Rural
CAND2026-00752,Diploma,Diploma,Electrical Engineering,2028,7.0,"[""Electrical Safety"", ""Solar Energy""]","[""Renewable Energy"", ""Electronics"", ""Infrastructure""]","[""Renewable Energy"", ""Electronics"", ""Telecommunications""]","[""Chhattisgarh""]","[""Raipur""]",Hybrid,3,No prior experience,"[""Hindi"", ""English""]",No preference,Rural
CAND2026-00753,Undergraduate,BA,Public Administration,2028,8.4,"[""MS Excel"", ""Documentation""]","[""Government"", ""E-Governance"", ""Rural Development""]","[""Government"", ""E-Governance"", ""Rural Development""]","[""Andhra Pradesh"", ""Telangana""]","[""Visakhapatnam"", ""Warangal""]",Remote,3,No prior experience,"[""Hindi"", ""English"", ""Telugu""]",No preference,Urban
CAND2026-00754,Undergraduate,BA,Social Work,2026,5.8,"[""Field Survey"", ""Community Engagement"", ""Communication"", ""Data Collection""]","[""Rural Development"", ""Education"", ""Healthcare""]","[""Rural Development"", ""Education"", ""Healthcare"", ""Government""]","[""Tamil Nadu""]","[""Coimbatore""]",On-site,4,Academic project experience,"[""Hindi"", ""English"", ""Tamil""]",No preference,Urban
CAND2026-00755,Undergraduate,B.Sc.,Nursing,2027,7.1,"[""Patient Support"", ""Documentation"", ""Communication"", ""MS Excel""]","[""Healthcare"", ""Public Health""]","[""Healthcare"", ""Government"", ""Education""]","[""West Bengal""]","[""Siliguri""]",Hybrid,6,No prior experience,"[""English"", ""Hindi"", ""Bengali""]",No preference,Urban
CAND2026-00756,Undergraduate,BA,Tourism,2028,8.4,"[""Customer Service"", ""Communication"", ""Tourism Operations"", ""Content Writing""]","[""Tourism"", ""Hospitality"", ""Marketing""]","[""Tourism"", ""Marketing"", ""Logistics""]","[""Kerala""]","[""Thiruvananthapuram""]",On-site,2,No prior experience,"[""English"", ""Hindi"", ""Malayalam""]",No preference,Rural
CAND2026-00757,Undergraduate,B.Tech,Computer Science,2026,5.8,"[""Python"", ""SQL"", ""Data Analysis"", ""Git""]","[""Data Science"", ""Software Development"", ""AI/ML""]","[""IT"", ""Software Development"", ""Data Science"", ""AI/ML""]","[""Karnataka"", ""Maharashtra""]","[""Bengaluru"", ""Nagpur""]",Hybrid,3,Academic project experience,"[""English"", ""Hindi"", ""Kannada""]",Accessible workplace preferred,Rural
CAND2026-00758,Undergraduate,B.Tech,Information Technology,2027,7.1,"[""Python"", ""JavaScript"", ""React"", ""SQL"", ""Networking"", ""Git""]","[""Software Development"", ""Cybersecurity"", ""IT""]","[""Software Development"", ""Cybersecurity"", ""IT""]","[""Uttar Pradesh""]","[""Noida""]",Remote,3,No prior experience,"[""English"", ""Hindi""]",No preference,Urban
CAND2026-00759,Undergraduate,B.Tech,Artificial Intelligence,2028,8.4,"[""Python"", ""Machine Learning"", ""Pandas"", ""Scikit-learn"", ""Data Analysis"", ""SQL""]","[""AI/ML"", ""Data Science""]","[""AI/ML"", ""Data Science"", ""Software Development""]","[""Bihar""]","[""Patna""]",On-site,4,No prior experience,"[""English"", ""Hindi""]",No preference,Urban
CAND2026-00760,Undergraduate,B.Tech,Mechanical Engineering,2026,5.8,"[""AutoCAD"", ""SolidWorks"", ""Manufacturing"", ""Quality Control"", ""MS Excel"", ""Testing""]","[""Manufacturing"", ""Automobile"", ""Infrastructure""]","[""Manufacturing"", ""Automobile"", ""Infrastructure""]","[""Tripura""]","[""Agartala""]",Hybrid,6,0-1 internship experience,"[""English"", ""Hindi"", ""Bengali""]",No preference,Urban
CAND2026-00761,Undergraduate,B.Tech,Automobile Engineering,2027,7.1,"[""Automobile Engineering"", ""Diagnostics""]","[""Automobile"", ""Manufacturing"", ""Renewable Energy""]","[""Automobile"", ""Manufacturing"", ""Renewable Energy""]","[""Telangana"", ""Tamil Nadu""]","[""Hyderabad"", ""Chennai""]",On-site,2,No prior experience,"[""English"", ""Hindi"", ""Telugu""]",No preference,Rural
CAND2026-00762,Undergraduate,B.Tech,Electronics and Communication,2028,8.4,"[""Embedded C"", ""Microcontrollers""]","[""Electronics"", ""Telecommunications"", ""IT""]","[""Electronics"", ""Telecommunications"", ""IT""]","[""Uttar Pradesh""]","[""Varanasi""]",Hybrid,3,No prior experience,"[""English"", ""Hindi""]",No preference,Rural
CAND2026-00763,Undergraduate,B.Tech,Electrical Engineering,2026,5.8,"[""Electrical Safety"", ""Solar Energy""]","[""Renewable Energy"", ""Electronics"", ""Infrastructure""]","[""Renewable Energy"", ""Electronics"", ""Infrastructure""]","[""Jharkhand""]","[""Ranchi""]",Remote,3,Academic project experience,"[""English"", ""Hindi""]",No preference,Urban
CAND2026-00764,Undergraduate,B.Com,Commerce,2027,7.1,"[""MS Excel"", ""Accounting"", ""Tally"", ""Financial Analysis""]","[""Finance"", ""Accounting"", ""Banking""]","[""Finance"", ""Banking"", ""Marketing""]","[""Jammu and Kashmir""]","[""Srinagar""]",On-site,4,No prior experience,"[""English"", ""Hindi"", ""Urdu""]",No preference,Urban
CAND2026-00765,Undergraduate,BBA,Business Administration,2028,8.4,"[""MS Excel"", ""Communication"", ""Financial Analysis"", ""Digital Marketing""]","[""Finance"", ""Marketing"", ""HR""]","[""Finance"", ""Marketing"", ""HR"", ""Logistics""]","[""Maharashtra"", ""Tamil Nadu""]","[""Pune"", ""Madurai""]",Hybrid,6,No prior experience,"[""English"", ""Hindi"", ""Marathi""]",No preference,Urban
CAND2026-00766,Undergraduate,B.Sc.,Agriculture,2026,5.8,"[""Agriculture"", ""Field Survey"", ""Data Collection"", ""MS Excel""]","[""Agriculture Technology"", ""Rural Development"", ""Sustainability""]","[""Agriculture"", ""Rural Development"", ""Renewable Energy""]","[""Rajasthan""]","[""Udaipur""]",On-site,2,Academic project experience,"[""English"", ""Hindi""]",No preference,Rural
CAND2026-00767,Undergraduate,B.Sc.,Data Science,2027,7.1,"[""Python"", ""SQL"", ""Data Analysis"", ""Power BI""]","[""Data Science"", ""Business Intelligence"", ""AI/ML""]","[""Data Science"", ""AI/ML"", ""IT""]","[""Madhya Pradesh""]","[""Bhopal""]",Hybrid,3,No prior experience,"[""English"", ""Hindi""]",No preference,Rural
CAND2026-00768,Undergraduate,BCA,Computer Applications,2028,8.4,"[""Python"", ""JavaScript"", ""SQL"", ""React"", ""MS Excel"", ""Git""]","[""Software Development"", ""IT"", ""Data Science""]","[""Software Development"", ""IT"", ""Data Science""]","[""Himachal Pradesh""]","[""Shimla""]",Remote,3,No prior experience,"[""English"", ""Hindi""]",No preference,Urban
CAND2026-00769,Diploma,Diploma,Civil Engineering,2025,6.7,"[""AutoCAD"", ""Site Survey"", ""MS Excel"", ""Documentation"", ""Project Management"", ""Testing""]","[""Infrastructure"", ""Construction"", ""Urban Development""]","[""Infrastructure"", ""Manufacturing"", ""Renewable Energy""]","[""Maharashtra"", ""Uttar Pradesh""]","[""Mumbai"", ""Noida""]",On-site,4,Academic project experience,"[""Hindi"", ""English"", ""Marathi""]",Accessible workplace preferred,Urban
CAND2026-00770,Diploma,Diploma,Electrical Engineering,2026,7.8,"[""Electrical Safety"", ""Solar Energy"", ""Testing"", ""Troubleshooting"", ""MS Excel"", ""AutoCAD""]","[""Renewable Energy"", ""Electronics"", ""Infrastructure""]","[""Renewable Energy"", ""Electronics"", ""Telecommunications""]","[""Gujarat""]","[""Surat""]",Hybrid,6,No prior experience,"[""Hindi"", ""English"", ""Gujarati""]",No preference,Urban
CAND2026-00771,Undergraduate,BA,Public Administration,2028,8.4,"[""MS Excel"", ""Documentation""]","[""Government"", ""E-Governance"", ""Rural Development""]","[""Government"", ""E-Governance"", ""Rural Development""]","[""Chhattisgarh""]","[""Raipur""]",On-site,2,0-1 internship experience,"[""Hindi"", ""English""]",No preference,Rural
CAND2026-00772,Undergraduate,BA,Social Work,2026,5.8,"[""Field Survey"", ""Community Engagement""]","[""Rural Development"", ""Education"", ""Healthcare""]","[""Rural Development"", ""Education"", ""Healthcare"", ""Government""]","[""Andhra Pradesh""]","[""Visakhapatnam""]",Hybrid,3,Academic project experience,"[""Hindi"", ""English"", ""Telugu""]",No preference,Rural
CAND2026-00773,Undergraduate,B.Sc.,Nursing,2027,7.1,"[""Patient Support"", ""Documentation""]","[""Healthcare"", ""Public Health""]","[""Healthcare"", ""Government"", ""Education""]","[""Tamil Nadu"", ""Uttar Pradesh""]","[""Coimbatore"", ""Varanasi""]",Remote,3,No prior experience,"[""English"", ""Hindi"", ""Tamil""]",No preference,Urban
CAND2026-00774,Undergraduate,BA,Tourism,2028,8.4,"[""Customer Service"", ""Communication"", ""Tourism Operations"", ""Content Writing""]","[""Tourism"", ""Hospitality"", ""Marketing""]","[""Tourism"", ""Marketing"", ""Logistics""]","[""West Bengal""]","[""Siliguri""]",On-site,4,No prior experience,"[""English"", ""Hindi"", ""Bengali""]",No preference,Urban
CAND2026-00775,Undergraduate,B.Tech,Computer Science,2026,5.8,"[""Python"", ""SQL"", ""Data Analysis"", ""Git""]","[""Data Science"", ""Software Development"", ""AI/ML""]","[""IT"", ""Software Development"", ""Data Science"", ""AI/ML""]","[""Assam""]","[""Guwahati""]",Hybrid,6,Academic project experience,"[""English"", ""Hindi"", ""Assamese""]",No preference,Urban
CAND2026-00776,Undergraduate,B.Tech,Information Technology,2027,7.1,"[""Python"", ""JavaScript"", ""React"", ""SQL""]","[""Software Development"", ""Cybersecurity"", ""IT""]","[""Software Development"", ""Cybersecurity"", ""IT""]","[""Karnataka""]","[""Bengaluru""]",On-site,2,No prior experience,"[""English"", ""Hindi"", ""Kannada""]",No preference,Rural
CAND2026-00777,Undergraduate,B.Tech,Artificial Intelligence,2028,8.4,"[""Python"", ""Machine Learning"", ""Pandas"", ""Scikit-learn""]","[""AI/ML"", ""Data Science""]","[""AI/ML"", ""Data Science"", ""Software Development""]","[""Uttar Pradesh"", ""Rajasthan""]","[""Noida"", ""Udaipur""]",Hybrid,3,No prior experience,"[""English"", ""Hindi""]",No preference,Rural
CAND2026-00778,Undergraduate,B.Tech,Mechanical Engineering,2026,5.8,"[""AutoCAD"", ""SolidWorks"", ""Manufacturing"", ""Quality Control"", ""MS Excel"", ""Testing""]","[""Manufacturing"", ""Automobile"", ""Infrastructure""]","[""Manufacturing"", ""Automobile"", ""Infrastructure""]","[""Bihar""]","[""Patna""]",Remote,3,Academic project experience,"[""English"", ""Hindi""]",No preference,Urban
CAND2026-00779,Undergraduate,B.Tech,Automobile Engineering,2027,7.1,"[""Automobile Engineering"", ""Diagnostics"", ""AutoCAD"", ""Testing"", ""Electrical Safety""]","[""Automobile"", ""Manufacturing"", ""Renewable Energy""]","[""Automobile"", ""Manufacturing"", ""Renewable Energy""]","[""Tripura""]","[""Agartala""]",On-site,4,No prior experience,"[""English"", ""Hindi"", ""Bengali""]",No preference,Urban
CAND2026-00780,Undergraduate,B.Tech,Electronics and Communication,2028,8.4,"[""Embedded C"", ""Microcontrollers"", ""Networking"", ""PCB Design"", ""Troubleshooting"", ""Arduino""]","[""Electronics"", ""Telecommunications"", ""IT""]","[""Electronics"", ""Telecommunications"", ""IT""]","[""Telangana""]","[""Hyderabad""]",Hybrid,6,No prior experience,"[""English"", ""Hindi"", ""Telugu""]",No preference,Urban
CAND2026-00781,Undergraduate,B.Tech,Electrical Engineering,2026,5.8,"[""Electrical Safety"", ""Solar Energy""]","[""Renewable Energy"", ""Electronics"", ""Infrastructure""]","[""Renewable Energy"", ""Electronics"", ""Infrastructure""]","[""Uttar Pradesh"", ""Gujarat""]","[""Varanasi"", ""Surat""]",On-site,2,Academic project experience,"[""English"", ""Hindi""]",Accessible workplace preferred,Rural
CAND2026-00782,Undergraduate,B.Com,Commerce,2027,7.1,"[""MS Excel"", ""Accounting""]","[""Finance"", ""Accounting"", ""Banking""]","[""Finance"", ""Banking"", ""Marketing""]","[""Jharkhand""]","[""Ranchi""]",Hybrid,3,0-1 internship experience,"[""English"", ""Hindi""]",No preference,Rural
CAND2026-00783,Undergraduate,BBA,Business Administration,2028,8.4,"[""MS Excel"", ""Communication""]","[""Finance"", ""Marketing"", ""HR""]","[""Finance"", ""Marketing"", ""HR"", ""Logistics""]","[""Jammu and Kashmir""]","[""Srinagar""]",Remote,3,No prior experience,"[""English"", ""Hindi"", ""Urdu""]",No preference,Urban
CAND2026-00784,Undergraduate,B.Sc.,Agriculture,2026,5.8,"[""Agriculture"", ""Field Survey"", ""Data Collection"", ""MS Excel""]","[""Agriculture Technology"", ""Rural Development"", ""Sustainability""]","[""Agriculture"", ""Rural Development"", ""Renewable Energy""]","[""Maharashtra""]","[""Pune""]",On-site,4,Academic project experience,"[""English"", ""Hindi"", ""Marathi""]",No preference,Urban
CAND2026-00785,Undergraduate,B.Sc.,Data Science,2027,7.1,"[""Python"", ""SQL"", ""Data Analysis"", ""Power BI""]","[""Data Science"", ""Business Intelligence"", ""AI/ML""]","[""Data Science"", ""AI/ML"", ""IT""]","[""Rajasthan"", ""West Bengal""]","[""Udaipur"", ""Siliguri""]",Hybrid,6,No prior experience,"[""English"", ""Hindi""]",No preference,Urban
CAND2026-00786,Undergraduate,BCA,Computer Applications,2028,8.4,"[""Python"", ""JavaScript"", ""SQL"", ""React""]","[""Software Development"", ""IT"", ""Data Science""]","[""Software Development"", ""IT"", ""Data Science""]","[""Madhya Pradesh""]","[""Bhopal""]",On-site,2,No prior experience,"[""English"", ""Hindi""]",No preference,Rural
CAND2026-00787,Diploma,Diploma,Civil Engineering,2027,7.5,"[""AutoCAD"", ""Site Survey"", ""MS Excel"", ""Documentation""]","[""Infrastructure"", ""Construction"", ""Urban Development""]","[""Infrastructure"", ""Manufacturing"", ""Renewable Energy""]","[""Himachal Pradesh""]","[""Shimla""]",Hybrid,3,Academic project experience,"[""Hindi"", ""English""]",No preference,Rural
CAND2026-00788,Diploma,Diploma,Electrical Engineering,2028,8.6,"[""Electrical Safety"", ""Solar Energy"", ""Testing"", ""Troubleshooting"", ""MS Excel"", ""AutoCAD""]","[""Renewable Energy"", ""Electronics"", ""Infrastructure""]","[""Renewable Energy"", ""Electronics"", ""Telecommunications""]","[""Maharashtra""]","[""Mumbai""]",Remote,3,No prior experience,"[""Hindi"", ""English"", ""Marathi""]",No preference,Urban
CAND2026-00789,Undergraduate,BA,Public Administration,2028,8.4,"[""MS Excel"", ""Documentation"", ""Communication"", ""Research"", ""Data Entry"", ""Digital Literacy""]","[""Government"", ""E-Governance"", ""Rural Development""]","[""Government"", ""E-Governance"", ""Rural Development""]","[""Gujarat"", ""Odisha""]","[""Surat"", ""Cuttack""]",On-site,4,No prior experience,"[""Hindi"", ""English"", ""Gujarati""]",No preference,Urban
CAND2026-00790,Undergraduate,BA,Social Work,2026,5.8,"[""Field Survey"", ""Community Engagement"", ""Communication"", ""Data Collection"", ""Documentation"", ""MS Excel""]","[""Rural Development"", ""Education"", ""Healthcare""]","[""Rural Development"", ""Education"", ""Healthcare"", ""Government""]","[""Chhattisgarh""]","[""Raipur""]",Hybrid,6,Academic project experience,"[""Hindi"", ""English""]",No preference,Urban
CAND2026-00791,Undergraduate,B.Sc.,Nursing,2027,7.1,"[""Patient Support"", ""Documentation""]","[""Healthcare"", ""Public Health""]","[""Healthcare"", ""Government"", ""Education""]","[""Andhra Pradesh""]","[""Visakhapatnam""]",On-site,2,No prior experience,"[""English"", ""Hindi"", ""Telugu""]",No preference,Rural
CAND2026-00792,Undergraduate,BA,Tourism,2028,8.4,"[""Customer Service"", ""Communication""]","[""Tourism"", ""Hospitality"", ""Marketing""]","[""Tourism"", ""Marketing"", ""Logistics""]","[""Tamil Nadu""]","[""Coimbatore""]",Hybrid,3,No prior experience,"[""English"", ""Hindi"", ""Tamil""]",No preference,Rural
CAND2026-00793,Undergraduate,B.Tech,Computer Science,2026,5.8,"[""Python"", ""SQL""]","[""Data Science"", ""Software Development"", ""AI/ML""]","[""IT"", ""Software Development"", ""Data Science"", ""AI/ML""]","[""Odisha"", ""Bihar""]","[""Bhubaneswar"", ""Gaya""]",Remote,3,0-1 internship experience,"[""English"", ""Hindi"", ""Odia""]",Accessible workplace preferred,Urban
CAND2026-00794,Undergraduate,B.Tech,Information Technology,2027,7.1,"[""Python"", ""JavaScript"", ""React"", ""SQL""]","[""Software Development"", ""Cybersecurity"", ""IT""]","[""Software Development"", ""Cybersecurity"", ""IT""]","[""Assam""]","[""Guwahati""]",On-site,4,No prior experience,"[""English"", ""Hindi"", ""Assamese""]",No preference,Urban
CAND2026-00795,Undergraduate,B.Tech,Artificial Intelligence,2028,8.4,"[""Python"", ""Machine Learning"", ""Pandas"", ""Scikit-learn""]","[""AI/ML"", ""Data Science""]","[""AI/ML"", ""Data Science"", ""Software Development""]","[""Karnataka""]","[""Bengaluru""]",Hybrid,6,No prior experience,"[""English"", ""Hindi"", ""Kannada""]",No preference,Urban
CAND2026-00796,Undergraduate,B.Tech,Mechanical Engineering,2026,5.8,"[""AutoCAD"", ""SolidWorks"", ""Manufacturing"", ""Quality Control""]","[""Manufacturing"", ""Automobile"", ""Infrastructure""]","[""Manufacturing"", ""Automobile"", ""Infrastructure""]","[""Uttar Pradesh""]","[""Noida""]",On-site,2,Academic project experience,"[""English"", ""Hindi""]",No preference,Rural
CAND2026-00797,Undergraduate,B.Tech,Automobile Engineering,2027,7.1,"[""Automobile Engineering"", ""Diagnostics"", ""AutoCAD"", ""Testing""]","[""Automobile"", ""Manufacturing"", ""Renewable Energy""]","[""Automobile"", ""Manufacturing"", ""Renewable Energy""]","[""Bihar"", ""Jharkhand""]","[""Patna"", ""Jamshedpur""]",Hybrid,3,No prior experience,"[""English"", ""Hindi""]",No preference,Rural
CAND2026-00798,Undergraduate,B.Tech,Electronics and Communication,2028,8.4,"[""Embedded C"", ""Microcontrollers"", ""Networking"", ""PCB Design"", ""Troubleshooting"", ""Arduino""]","[""Electronics"", ""Telecommunications"", ""IT""]","[""Electronics"", ""Telecommunications"", ""IT""]","[""Tripura""]","[""Agartala""]",Remote,3,No prior experience,"[""English"", ""Hindi"", ""Bengali""]",No preference,Urban
CAND2026-00799,Undergraduate,B.Tech,Electrical Engineering,2026,5.8,"[""Electrical Safety"", ""Solar Energy"", ""AutoCAD"", ""MS Excel"", ""Testing"", ""Microcontrollers""]","[""Renewable Energy"", ""Electronics"", ""Infrastructure""]","[""Renewable Energy"", ""Electronics"", ""Infrastructure""]","[""Telangana""]","[""Hyderabad""]",On-site,4,Academic project experience,"[""English"", ""Hindi"", ""Telugu""]",No preference,Urban
CAND2026-00800,Undergraduate,B.Com,Commerce,2027,7.1,"[""MS Excel"", ""Accounting"", ""Tally"", ""Financial Analysis"", ""Communication"", ""Documentation""]","[""Finance"", ""Accounting"", ""Banking""]","[""Finance"", ""Banking"", ""Marketing""]","[""Uttar Pradesh""]","[""Varanasi""]",Hybrid,6,No prior experience,"[""English"", ""Hindi""]",No preference,Urban
CAND2026-00801,Undergraduate,BBA,Business Administration,2028,8.4,"[""MS Excel"", ""Communication""]","[""Finance"", ""Marketing"", ""HR""]","[""Finance"", ""Marketing"", ""HR"", ""Logistics""]","[""Jharkhand"", ""Madhya Pradesh""]","[""Ranchi"", ""Indore""]",On-site,2,No prior experience,"[""English"", ""Hindi""]",No preference,Rural
CAND2026-00802,Undergraduate,B.Sc.,Agriculture,2026,5.8,"[""Agriculture"", ""Field Survey""]","[""Agriculture Technology"", ""Rural Development"", ""Sustainability""]","[""Agriculture"", ""Rural Development"", ""Renewable Energy""]","[""Jammu and Kashmir""]","[""Srinagar""]",Hybrid,3,Academic project experience,"[""English"", ""Hindi"", ""Urdu""]",No preference,Rural
CAND2026-00803,Undergraduate,B.Sc.,Data Science,2027,7.1,"[""Python"", ""SQL""]","[""Data Science"", ""Business Intelligence"", ""AI/ML""]","[""Data Science"", ""AI/ML"", ""IT""]","[""Maharashtra""]","[""Pune""]",Remote,3,No prior experience,"[""English"", ""Hindi"", ""Marathi""]",No preference,Urban
CAND2026-00804,Undergraduate,BCA,Computer Applications,2028,8.4,"[""Python"", ""JavaScript"", ""SQL"", ""React""]","[""Software Development"", ""IT"", ""Data Science""]","[""Software Development"", ""IT"", ""Data Science""]","[""Rajasthan""]","[""Udaipur""]",On-site,4,0-1 internship experience,"[""English"", ""Hindi""]",No preference,Urban
CAND2026-00805,Diploma,Diploma,Civil Engineering,2025,8.3,"[""AutoCAD"", ""Site Survey"", ""MS Excel"", ""Documentation""]","[""Infrastructure"", ""Construction"", ""Urban Development""]","[""Infrastructure"", ""Manufacturing"", ""Renewable Energy""]","[""Madhya Pradesh"", ""Kerala""]","[""Bhopal"", ""Kochi""]",Hybrid,6,Academic project experience,"[""Hindi"", ""English""]",Accessible workplace preferred,Urban
CAND2026-00806,Diploma,Diploma,Electrical Engineering,2026,5.6,"[""Electrical Safety"", ""Solar Energy"", ""Testing"", ""Troubleshooting""]","[""Renewable Energy"", ""Electronics"", ""Infrastructure""]","[""Renewable Energy"", ""Electronics"", ""Telecommunications""]","[""Himachal Pradesh""]","[""Shimla""]",On-site,2,No prior experience,"[""Hindi"", ""English""]",No preference,Rural
CAND2026-00807,Undergraduate,BA,Public Administration,2028,8.4,"[""MS Excel"", ""Documentation"", ""Communication"", ""Research""]","[""Government"", ""E-Governance"", ""Rural Development""]","[""Government"", ""E-Governance"", ""Rural Development""]","[""Maharashtra""]","[""Mumbai""]",Hybrid,3,No prior experience,"[""Hindi"", ""English"", ""Marathi""]",No preference,Rural
CAND2026-00808,Undergraduate,BA,Social Work,2026,5.8,"[""Field Survey"", ""Community Engagement"", ""Communication"", ""Data Collection"", ""Documentation"", ""MS Excel""]","[""Rural Development"", ""Education"", ""Healthcare""]","[""Rural Development"", ""Education"", ""Healthcare"", ""Government""]","[""Gujarat""]","[""Surat""]",Remote,3,Academic project experience,"[""Hindi"", ""English"", ""Gujarati""]",No preference,Urban
CAND2026-00809,Undergraduate,B.Sc.,Nursing,2027,7.1,"[""Patient Support"", ""Documentation"", ""Communication"", ""MS Excel"", ""Data Entry"", ""Teamwork""]","[""Healthcare"", ""Public Health""]","[""Healthcare"", ""Government"", ""Education""]","[""Chhattisgarh"", ""Assam""]","[""Raipur"", ""Guwahati""]",On-site,4,No prior experience,"[""English"", ""Hindi""]",No preference,Urban
CAND2026-00810,Undergraduate,BA,Tourism,2028,8.4,"[""Customer Service"", ""Communication"", ""Tourism Operations"", ""Content Writing"", ""MS Excel"", ""Documentation""]","[""Tourism"", ""Hospitality"", ""Marketing""]","[""Tourism"", ""Marketing"", ""Logistics""]","[""Andhra Pradesh""]","[""Visakhapatnam""]",Hybrid,6,No prior experience,"[""English"", ""Hindi"", ""Telugu""]",No preference,Urban
CAND2026-00811,Undergraduate,B.Tech,Computer Science,2026,5.8,"[""Python"", ""SQL""]","[""Data Science"", ""Software Development"", ""AI/ML""]","[""IT"", ""Software Development"", ""Data Science"", ""AI/ML""]","[""Tamil Nadu""]","[""Madurai""]",On-site,2,Academic project experience,"[""English"", ""Hindi"", ""Tamil""]",No preference,Rural
CAND2026-00812,Undergraduate,B.Tech,Information Technology,2027,7.1,"[""Python"", ""JavaScript""]","[""Software Development"", ""Cybersecurity"", ""IT""]","[""Software Development"", ""Cybersecurity"", ""IT""]","[""Odisha""]","[""Bhubaneswar""]",Hybrid,3,No prior experience,"[""English"", ""Hindi"", ""Odia""]",No preference,Rural
CAND2026-00813,Undergraduate,B.Tech,Artificial Intelligence,2028,8.4,"[""Python"", ""Machine Learning""]","[""AI/ML"", ""Data Science""]","[""AI/ML"", ""Data Science"", ""Software Development""]","[""Assam"", ""Tripura""]","[""Guwahati"", ""Agartala""]",Remote,3,No prior experience,"[""English"", ""Hindi"", ""Assamese""]",No preference,Urban
CAND2026-00814,Undergraduate,B.Tech,Mechanical Engineering,2026,5.8,"[""AutoCAD"", ""SolidWorks"", ""Manufacturing"", ""Quality Control""]","[""Manufacturing"", ""Automobile"", ""Infrastructure""]","[""Manufacturing"", ""Automobile"", ""Infrastructure""]","[""Karnataka""]","[""Bengaluru""]",On-site,4,Academic project experience,"[""English"", ""Hindi"", ""Kannada""]",No preference,Urban
CAND2026-00815,Undergraduate,B.Tech,Automobile Engineering,2027,7.1,"[""Automobile Engineering"", ""Diagnostics"", ""AutoCAD"", ""Testing""]","[""Automobile"", ""Manufacturing"", ""Renewable Energy""]","[""Automobile"", ""Manufacturing"", ""Renewable Energy""]","[""Uttar Pradesh""]","[""Noida""]",Hybrid,6,0-1 internship experience,"[""English"", ""Hindi""]",No preference,Urban
CAND2026-00816,Undergraduate,B.Tech,Electronics and Communication,2028,8.4,"[""Embedded C"", ""Microcontrollers"", ""Networking"", ""PCB Design""]","[""Electronics"", ""Telecommunications"", ""IT""]","[""Electronics"", ""Telecommunications"", ""IT""]","[""Bihar""]","[""Patna""]",On-site,2,No prior experience,"[""English"", ""Hindi""]",No preference,Rural
CAND2026-00817,Undergraduate,B.Tech,Electrical Engineering,2026,5.8,"[""Electrical Safety"", ""Solar Energy"", ""AutoCAD"", ""MS Excel""]","[""Renewable Energy"", ""Electronics"", ""Infrastructure""]","[""Renewable Energy"", ""Electronics"", ""Infrastructure""]","[""Tripura"", ""Jammu and Kashmir""]","[""Agartala"", ""Srinagar""]",Hybrid,3,Academic project experience,"[""English"", ""Hindi"", ""Bengali""]",Accessible workplace preferred,Rural
CAND2026-00818,Undergraduate,B.Com,Commerce,2027,7.1,"[""MS Excel"", ""Accounting"", ""Tally"", ""Financial Analysis"", ""Communication"", ""Documentation""]","[""Finance"", ""Accounting"", ""Banking""]","[""Finance"", ""Banking"", ""Marketing""]","[""Telangana""]","[""Hyderabad""]",Remote,3,No prior experience,"[""English"", ""Hindi"", ""Telugu""]",No preference,Urban
CAND2026-00819,Undergraduate,BBA,Business Administration,2028,8.4,"[""MS Excel"", ""Communication"", ""Financial Analysis"", ""Digital Marketing"", ""Project Management"", ""Documentation""]","[""Finance"", ""Marketing"", ""HR""]","[""Finance"", ""Marketing"", ""HR"", ""Logistics""]","[""Uttar Pradesh""]","[""Varanasi""]",On-site,4,No prior experience,"[""English"", ""Hindi""]",No preference,Urban
CAND2026-00820,Undergraduate,B.Sc.,Agriculture,2026,5.8,"[""Agriculture"", ""Field Survey"", ""Data Collection"", ""MS Excel"", ""Community Engagement"", ""Communication""]","[""Agriculture Technology"", ""Rural Development"", ""Sustainability""]","[""Agriculture"", ""Rural Development"", ""Renewable Energy""]","[""Jharkhand""]","[""Ranchi""]",Hybrid,6,Academic project experience,"[""English"", ""Hindi""]",No preference,Urban
CAND2026-00821,Undergraduate,B.Sc.,Data Science,2027,7.1,"[""Python"", ""SQL""]","[""Data Science"", ""Business Intelligence"", ""AI/ML""]","[""Data Science"", ""AI/ML"", ""IT""]","[""Jammu and Kashmir"", ""Himachal Pradesh""]","[""Srinagar"", ""Shimla""]",On-site,2,No prior experience,"[""English"", ""Hindi"", ""Urdu""]",No preference,Rural
CAND2026-00822,Undergraduate,BCA,Computer Applications,2028,8.4,"[""Python"", ""JavaScript""]","[""Software Development"", ""IT"", ""Data Science""]","[""Software Development"", ""IT"", ""Data Science""]","[""Maharashtra""]","[""Pune""]",Hybrid,3,No prior experience,"[""English"", ""Hindi"", ""Marathi""]",No preference,Rural
CAND2026-00823,Diploma,Diploma,Civil Engineering,2027,9.1,"[""AutoCAD"", ""Site Survey""]","[""Infrastructure"", ""Construction"", ""Urban Development""]","[""Infrastructure"", ""Manufacturing"", ""Renewable Energy""]","[""Rajasthan""]","[""Udaipur""]",Remote,3,Academic project experience,"[""Hindi"", ""English""]",No preference,Urban
CAND2026-00824,Diploma,Diploma,Electrical Engineering,2028,6.4,"[""Electrical Safety"", ""Solar Energy"", ""Testing"", ""Troubleshooting""]","[""Renewable Energy"", ""Electronics"", ""Infrastructure""]","[""Renewable Energy"", ""Electronics"", ""Telecommunications""]","[""Madhya Pradesh""]","[""Bhopal""]",On-site,4,No prior experience,"[""Hindi"", ""English""]",No preference,Urban
CAND2026-00825,Undergraduate,BA,Public Administration,2028,8.4,"[""MS Excel"", ""Documentation"", ""Communication"", ""Research""]","[""Government"", ""E-Governance"", ""Rural Development""]","[""Government"", ""E-Governance"", ""Rural Development""]","[""Himachal Pradesh"", ""Andhra Pradesh""]","[""Shimla"", ""Visakhapatnam""]",Hybrid,6,No prior experience,"[""Hindi"", ""English""]",No preference,Urban
CAND2026-00826,Undergraduate,BA,Social Work,2026,5.8,"[""Field Survey"", ""Community Engagement"", ""Communication"", ""Data Collection""]","[""Rural Development"", ""Education"", ""Healthcare""]","[""Rural Development"", ""Education"", ""Healthcare"", ""Government""]","[""Maharashtra""]","[""Mumbai""]",On-site,2,0-1 internship experience,"[""Hindi"", ""English"", ""Marathi""]",No preference,Rural
CAND2026-00827,Undergraduate,B.Sc.,Nursing,2027,7.1,"[""Patient Support"", ""Documentation"", ""Communication"", ""MS Excel""]","[""Healthcare"", ""Public Health""]","[""Healthcare"", ""Government"", ""Education""]","[""Gujarat""]","[""Surat""]",Hybrid,3,No prior experience,"[""English"", ""Hindi"", ""Gujarati""]",No preference,Rural
CAND2026-00828,Undergraduate,BA,Tourism,2028,8.4,"[""Customer Service"", ""Communication"", ""Tourism Operations"", ""Content Writing"", ""MS Excel"", ""Documentation""]","[""Tourism"", ""Hospitality"", ""Marketing""]","[""Tourism"", ""Marketing"", ""Logistics""]","[""Chhattisgarh""]","[""Raipur""]",Remote,3,No prior experience,"[""English"", ""Hindi""]",No preference,Urban
CAND2026-00829,Undergraduate,B.Tech,Computer Science,2026,5.8,"[""Python"", ""SQL"", ""Data Analysis"", ""Git"", ""React"", ""Machine Learning""]","[""Data Science"", ""Software Development"", ""AI/ML""]","[""IT"", ""Software Development"", ""Data Science"", ""AI/ML""]","[""Andhra Pradesh"", ""Goa""]","[""Vijayawada"", ""Panaji""]",On-site,4,Academic project experience,"[""English"", ""Hindi"", ""Telugu""]",Accessible workplace preferred,Urban
CAND2026-00830,Undergraduate,B.Tech,Information Technology,2027,7.1,"[""Python"", ""JavaScript"", ""React"", ""SQL"", ""Networking"", ""Git""]","[""Software Development"", ""Cybersecurity"", ""IT""]","[""Software Development"", ""Cybersecurity"", ""IT""]","[""Tamil Nadu""]","[""Madurai""]",Hybrid,6,No prior experience,"[""English"", ""Hindi"", ""Tamil""]",No preference,Urban
CAND2026-00831,Undergraduate,B.Tech,Artificial Intelligence,2028,8.4,"[""Python"", ""Machine Learning""]","[""AI/ML"", ""Data Science""]","[""AI/ML"", ""Data Science"", ""Software Development""]","[""Odisha""]","[""Bhubaneswar""]",On-site,2,No prior experience,"[""English"", ""Hindi"", ""Odia""]",No preference,Rural
CAND2026-00832,Undergraduate,B.Tech,Mechanical Engineering,2026,5.8,"[""AutoCAD"", ""SolidWorks""]","[""Manufacturing"", ""Automobile"", ""Infrastructure""]","[""Manufacturing"", ""Automobile"", ""Infrastructure""]","[""Assam""]","[""Guwahati""]",Hybrid,3,Academic project experience,"[""English"", ""Hindi"", ""Assamese""]",No preference,Rural
CAND2026-00833,Undergraduate,B.Tech,Automobile Engineering,2027,7.1,"[""Automobile Engineering"", ""Diagnostics""]","[""Automobile"", ""Manufacturing"", ""Renewable Energy""]","[""Automobile"", ""Manufacturing"", ""Renewable Energy""]","[""Karnataka"", ""Karnataka""]","[""Bengaluru"", ""Mysuru""]",Remote,3,No prior experience,"[""English"", ""Hindi"", ""Kannada""]",No preference,Urban
CAND2026-00834,Undergraduate,B.Tech,Electronics and Communication,2028,8.4,"[""Embedded C"", ""Microcontrollers"", ""Networking"", ""PCB Design""]","[""Electronics"", ""Telecommunications"", ""IT""]","[""Electronics"", ""Telecommunications"", ""IT""]","[""Uttar Pradesh""]","[""Noida""]",On-site,4,No prior experience,"[""English"", ""Hindi""]",No preference,Urban
CAND2026-00835,Undergraduate,B.Tech,Electrical Engineering,2026,5.8,"[""Electrical Safety"", ""Solar Energy"", ""AutoCAD"", ""MS Excel""]","[""Renewable Energy"", ""Electronics"", ""Infrastructure""]","[""Renewable Energy"", ""Electronics"", ""Infrastructure""]","[""Bihar""]","[""Patna""]",Hybrid,6,Academic project experience,"[""English"", ""Hindi""]",No preference,Urban
CAND2026-00836,Undergraduate,B.Com,Commerce,2027,7.1,"[""MS Excel"", ""Accounting"", ""Tally"", ""Financial Analysis""]","[""Finance"", ""Accounting"", ""Banking""]","[""Finance"", ""Banking"", ""Marketing""]","[""Tripura""]","[""Agartala""]",On-site,2,No prior experience,"[""English"", ""Hindi"", ""Bengali""]",No preference,Rural
CAND2026-00837,Undergraduate,BBA,Business Administration,2028,8.4,"[""MS Excel"", ""Communication"", ""Financial Analysis"", ""Digital Marketing""]","[""Finance"", ""Marketing"", ""HR""]","[""Finance"", ""Marketing"", ""HR"", ""Logistics""]","[""Telangana"", ""Telangana""]","[""Hyderabad"", ""Warangal""]",Hybrid,3,0-1 internship experience,"[""English"", ""Hindi"", ""Telugu""]",No preference,Rural
CAND2026-00838,Undergraduate,B.Sc.,Agriculture,2026,5.8,"[""Agriculture"", ""Field Survey"", ""Data Collection"", ""MS Excel"", ""Community Engagement"", ""Communication""]","[""Agriculture Technology"", ""Rural Development"", ""Sustainability""]","[""Agriculture"", ""Rural Development"", ""Renewable Energy""]","[""Uttar Pradesh""]","[""Varanasi""]",Remote,3,Academic project experience,"[""English"", ""Hindi""]",No preference,Urban
CAND2026-00839,Undergraduate,B.Sc.,Data Science,2027,7.1,"[""Python"", ""SQL"", ""Data Analysis"", ""Power BI"", ""Pandas"", ""MS Excel""]","[""Data Science"", ""Business Intelligence"", ""AI/ML""]","[""Data Science"", ""AI/ML"", ""IT""]","[""Jharkhand""]","[""Ranchi""]",On-site,4,No prior experience,"[""English"", ""Hindi""]",No preference,Urban
CAND2026-00840,Undergraduate,BCA,Computer Applications,2028,8.4,"[""Python"", ""JavaScript"", ""SQL"", ""React"", ""MS Excel"", ""Git""]","[""Software Development"", ""IT"", ""Data Science""]","[""Software Development"", ""IT"", ""Data Science""]","[""Jammu and Kashmir""]","[""Srinagar""]",Hybrid,6,No prior experience,"[""English"", ""Hindi"", ""Urdu""]",No preference,Urban
CAND2026-00841,Diploma,Diploma,Civil Engineering,2025,6.1,"[""AutoCAD"", ""Site Survey""]","[""Infrastructure"", ""Construction"", ""Urban Development""]","[""Infrastructure"", ""Manufacturing"", ""Renewable Energy""]","[""Maharashtra"", ""Maharashtra""]","[""Pune"", ""Nagpur""]",On-site,2,Academic project experience,"[""Hindi"", ""English"", ""Marathi""]",Accessible workplace preferred,Rural
CAND2026-00842,Diploma,Diploma,Electrical Engineering,2026,7.2,"[""Electrical Safety"", ""Solar Energy""]","[""Renewable Energy"", ""Electronics"", ""Infrastructure""]","[""Renewable Energy"", ""Electronics"", ""Telecommunications""]","[""Rajasthan""]","[""Udaipur""]",Hybrid,3,No prior experience,"[""Hindi"", ""English""]",No preference,Rural
CAND2026-00843,Undergraduate,BA,Public Administration,2028,8.4,"[""MS Excel"", ""Documentation""]","[""Government"", ""E-Governance"", ""Rural Development""]","[""Government"", ""E-Governance"", ""Rural Development""]","[""Madhya Pradesh""]","[""Bhopal""]",Remote,3,No prior experience,"[""Hindi"", ""English""]",No preference,Urban
CAND2026-00844,Undergraduate,BA,Social Work,2026,5.8,"[""Field Survey"", ""Community Engagement"", ""Communication"", ""Data Collection""]","[""Rural Development"", ""Education"", ""Healthcare""]","[""Rural Development"", ""Education"", ""Healthcare"", ""Government""]","[""Himachal Pradesh""]","[""Shimla""]",On-site,4,Academic project experience,"[""Hindi"", ""English""]",No preference,Urban
CAND2026-00845,Undergraduate,B.Sc.,Nursing,2027,7.1,"[""Patient Support"", ""Documentation"", ""Communication"", ""MS Excel""]","[""Healthcare"", ""Public Health""]","[""Healthcare"", ""Government"", ""Education""]","[""Maharashtra"", ""Tamil Nadu""]","[""Mumbai"", ""Chennai""]",Hybrid,6,No prior experience,"[""English"", ""Hindi"", ""Marathi""]",No preference,Urban
CAND2026-00846,Undergraduate,BA,Tourism,2028,8.4,"[""Customer Service"", ""Communication"", ""Tourism Operations"", ""Content Writing""]","[""Tourism"", ""Hospitality"", ""Marketing""]","[""Tourism"", ""Marketing"", ""Logistics""]","[""Gujarat""]","[""Surat""]",On-site,2,No prior experience,"[""English"", ""Hindi"", ""Gujarati""]",No preference,Rural
CAND2026-00847,Undergraduate,B.Tech,Computer Science,2026,5.8,"[""Python"", ""SQL"", ""Data Analysis"", ""Git""]","[""Data Science"", ""Software Development"", ""AI/ML""]","[""IT"", ""Software Development"", ""Data Science"", ""AI/ML""]","[""Kerala""]","[""Kochi""]",Hybrid,3,Academic project experience,"[""English"", ""Hindi"", ""Malayalam""]",No preference,Rural
CAND2026-00848,Undergraduate,B.Tech,Information Technology,2027,7.1,"[""Python"", ""JavaScript"", ""React"", ""SQL"", ""Networking"", ""Git""]","[""Software Development"", ""Cybersecurity"", ""IT""]","[""Software Development"", ""Cybersecurity"", ""IT""]","[""Andhra Pradesh""]","[""Vijayawada""]",Remote,3,0-1 internship experience,"[""English"", ""Hindi"", ""Telugu""]",No preference,Urban
CAND2026-00849,Undergraduate,B.Tech,Artificial Intelligence,2028,8.4,"[""Python"", ""Machine Learning"", ""Pandas"", ""Scikit-learn"", ""Data Analysis"", ""SQL""]","[""AI/ML"", ""Data Science""]","[""AI/ML"", ""Data Science"", ""Software Development""]","[""Tamil Nadu"", ""Tamil Nadu""]","[""Madurai"", ""Madurai""]",On-site,4,No prior experience,"[""English"", ""Hindi"", ""Tamil""]",No preference,Urban
CAND2026-00850,Undergraduate,B.Tech,Mechanical Engineering,2026,5.8,"[""AutoCAD"", ""SolidWorks"", ""Manufacturing"", ""Quality Control"", ""MS Excel"", ""Testing""]","[""Manufacturing"", ""Automobile"", ""Infrastructure""]","[""Manufacturing"", ""Automobile"", ""Infrastructure""]","[""Odisha""]","[""Bhubaneswar""]",Hybrid,6,Academic project experience,"[""English"", ""Hindi"", ""Odia""]",No preference,Urban
CAND2026-00851,Undergraduate,B.Tech,Automobile Engineering,2027,7.1,"[""Automobile Engineering"", ""Diagnostics""]","[""Automobile"", ""Manufacturing"", ""Renewable Energy""]","[""Automobile"", ""Manufacturing"", ""Renewable Energy""]","[""Assam""]","[""Guwahati""]",On-site,2,No prior experience,"[""English"", ""Hindi"", ""Assamese""]",No preference,Rural
CAND2026-00852,Undergraduate,B.Tech,Electronics and Communication,2028,8.4,"[""Embedded C"", ""Microcontrollers""]","[""Electronics"", ""Telecommunications"", ""IT""]","[""Electronics"", ""Telecommunications"", ""IT""]","[""Karnataka""]","[""Bengaluru""]",Hybrid,3,No prior experience,"[""English"", ""Hindi"", ""Kannada""]",No preference,Rural
CAND2026-00853,Undergraduate,B.Tech,Electrical Engineering,2026,5.8,"[""Electrical Safety"", ""Solar Energy""]","[""Renewable Energy"", ""Electronics"", ""Infrastructure""]","[""Renewable Energy"", ""Electronics"", ""Infrastructure""]","[""Uttar Pradesh"", ""Uttar Pradesh""]","[""Noida"", ""Noida""]",Remote,3,Academic project experience,"[""English"", ""Hindi""]",Accessible workplace preferred,Urban
CAND2026-00854,Undergraduate,B.Com,Commerce,2027,7.1,"[""MS Excel"", ""Accounting"", ""Tally"", ""Financial Analysis""]","[""Finance"", ""Accounting"", ""Banking""]","[""Finance"", ""Banking"", ""Marketing""]","[""Bihar""]","[""Patna""]",On-site,4,No prior experience,"[""English"", ""Hindi""]",No preference,Urban
CAND2026-00855,Undergraduate,BBA,Business Administration,2028,8.4,"[""MS Excel"", ""Communication"", ""Financial Analysis"", ""Digital Marketing""]","[""Finance"", ""Marketing"", ""HR""]","[""Finance"", ""Marketing"", ""HR"", ""Logistics""]","[""Tripura""]","[""Agartala""]",Hybrid,6,No prior experience,"[""English"", ""Hindi"", ""Bengali""]",No preference,Urban
CAND2026-00856,Undergraduate,B.Sc.,Agriculture,2026,5.8,"[""Agriculture"", ""Field Survey"", ""Data Collection"", ""MS Excel""]","[""Agriculture Technology"", ""Rural Development"", ""Sustainability""]","[""Agriculture"", ""Rural Development"", ""Renewable Energy""]","[""Telangana""]","[""Hyderabad""]",On-site,2,Academic project experience,"[""English"", ""Hindi"", ""Telugu""]",No preference,Rural
CAND2026-00857,Undergraduate,B.Sc.,Data Science,2027,7.1,"[""Python"", ""SQL"", ""Data Analysis"", ""Power BI""]","[""Data Science"", ""Business Intelligence"", ""AI/ML""]","[""Data Science"", ""AI/ML"", ""IT""]","[""Uttar Pradesh"", ""Uttar Pradesh""]","[""Varanasi"", ""Varanasi""]",Hybrid,3,No prior experience,"[""English"", ""Hindi""]",No preference,Rural
CAND2026-00858,Undergraduate,BCA,Computer Applications,2028,8.4,"[""Python"", ""JavaScript"", ""SQL"", ""React"", ""MS Excel"", ""Git""]","[""Software Development"", ""IT"", ""Data Science""]","[""Software Development"", ""IT"", ""Data Science""]","[""Jharkhand""]","[""Ranchi""]",Remote,3,No prior experience,"[""English"", ""Hindi""]",No preference,Urban
CAND2026-00859,Diploma,Diploma,Civil Engineering,2027,6.9,"[""AutoCAD"", ""Site Survey"", ""MS Excel"", ""Documentation"", ""Project Management"", ""Testing""]","[""Infrastructure"", ""Construction"", ""Urban Development""]","[""Infrastructure"", ""Manufacturing"", ""Renewable Energy""]","[""Jammu and Kashmir""]","[""Srinagar""]",On-site,4,0-1 internship experience,"[""Hindi"", ""English"", ""Urdu""]",No preference,Urban
CAND2026-00860,Diploma,Diploma,Electrical Engineering,2028,8.0,"[""Electrical Safety"", ""Solar Energy"", ""Testing"", ""Troubleshooting"", ""MS Excel"", ""AutoCAD""]","[""Renewable Energy"", ""Electronics"", ""Infrastructure""]","[""Renewable Energy"", ""Electronics"", ""Telecommunications""]","[""Maharashtra""]","[""Pune""]",Hybrid,6,No prior experience,"[""Hindi"", ""English"", ""Marathi""]",No preference,Urban
CAND2026-00861,Undergraduate,BA,Public Administration,2028,8.4,"[""MS Excel"", ""Documentation""]","[""Government"", ""E-Governance"", ""Rural Development""]","[""Government"", ""E-Governance"", ""Rural Development""]","[""Rajasthan"", ""Rajasthan""]","[""Udaipur"", ""Udaipur""]",On-site,2,No prior experience,"[""Hindi"", ""English""]",No preference,Rural
CAND2026-00862,Undergraduate,BA,Social Work,2026,5.8,"[""Field Survey"", ""Community Engagement""]","[""Rural Development"", ""Education"", ""Healthcare""]","[""Rural Development"", ""Education"", ""Healthcare"", ""Government""]","[""Madhya Pradesh""]","[""Bhopal""]",Hybrid,3,Academic project experience,"[""Hindi"", ""English""]",No preference,Rural
CAND2026-00863,Undergraduate,B.Sc.,Nursing,2027,7.1,"[""Patient Support"", ""Documentation""]","[""Healthcare"", ""Public Health""]","[""Healthcare"", ""Government"", ""Education""]","[""Himachal Pradesh""]","[""Shimla""]",Remote,3,No prior experience,"[""English"", ""Hindi""]",No preference,Urban
CAND2026-00864,Undergraduate,BA,Tourism,2028,8.4,"[""Customer Service"", ""Communication"", ""Tourism Operations"", ""Content Writing""]","[""Tourism"", ""Hospitality"", ""Marketing""]","[""Tourism"", ""Marketing"", ""Logistics""]","[""Maharashtra""]","[""Mumbai""]",On-site,4,No prior experience,"[""English"", ""Hindi"", ""Marathi""]",No preference,Urban
CAND2026-00865,Undergraduate,B.Tech,Computer Science,2026,5.8,"[""Python"", ""SQL"", ""Data Analysis"", ""Git""]","[""Data Science"", ""Software Development"", ""AI/ML""]","[""IT"", ""Software Development"", ""Data Science"", ""AI/ML""]","[""West Bengal"", ""Gujarat""]","[""Kolkata"", ""Surat""]",Hybrid,6,Academic project experience,"[""English"", ""Hindi"", ""Bengali""]",Accessible workplace preferred,Urban
CAND2026-00866,Undergraduate,B.Tech,Information Technology,2027,7.1,"[""Python"", ""JavaScript"", ""React"", ""SQL""]","[""Software Development"", ""Cybersecurity"", ""IT""]","[""Software Development"", ""Cybersecurity"", ""IT""]","[""Kerala""]","[""Kochi""]",On-site,2,No prior experience,"[""English"", ""Hindi"", ""Malayalam""]",No preference,Rural
CAND2026-00867,Undergraduate,B.Tech,Artificial Intelligence,2028,8.4,"[""Python"", ""Machine Learning"", ""Pandas"", ""Scikit-learn""]","[""AI/ML"", ""Data Science""]","[""AI/ML"", ""Data Science"", ""Software Development""]","[""Andhra Pradesh""]","[""Vijayawada""]",Hybrid,3,No prior experience,"[""English"", ""Hindi"", ""Telugu""]",No preference,Rural
CAND2026-00868,Undergraduate,B.Tech,Mechanical Engineering,2026,5.8,"[""AutoCAD"", ""SolidWorks"", ""Manufacturing"", ""Quality Control"", ""MS Excel"", ""Testing""]","[""Manufacturing"", ""Automobile"", ""Infrastructure""]","[""Manufacturing"", ""Automobile"", ""Infrastructure""]","[""Tamil Nadu""]","[""Madurai""]",Remote,3,Academic project experience,"[""English"", ""Hindi"", ""Tamil""]",No preference,Urban
CAND2026-00869,Undergraduate,B.Tech,Automobile Engineering,2027,7.1,"[""Automobile Engineering"", ""Diagnostics"", ""AutoCAD"", ""Testing"", ""Electrical Safety""]","[""Automobile"", ""Manufacturing"", ""Renewable Energy""]","[""Automobile"", ""Manufacturing"", ""Renewable Energy""]","[""Odisha"", ""West Bengal""]","[""Bhubaneswar"", ""Siliguri""]",On-site,4,No prior experience,"[""English"", ""Hindi"", ""Odia""]",No preference,Urban
CAND2026-00870,Undergraduate,B.Tech,Electronics and Communication,2028,8.4,"[""Embedded C"", ""Microcontrollers"", ""Networking"", ""PCB Design"", ""Troubleshooting"", ""Arduino""]","[""Electronics"", ""Telecommunications"", ""IT""]","[""Electronics"", ""Telecommunications"", ""IT""]","[""Assam""]","[""Guwahati""]",Hybrid,6,0-1 internship experience,"[""English"", ""Hindi"", ""Assamese""]",No preference,Urban
CAND2026-00871,Undergraduate,B.Tech,Electrical Engineering,2026,5.8,"[""Electrical Safety"", ""Solar Energy""]","[""Renewable Energy"", ""Electronics"", ""Infrastructure""]","[""Renewable Energy"", ""Electronics"", ""Infrastructure""]","[""Karnataka""]","[""Bengaluru""]",On-site,2,Academic project experience,"[""English"", ""Hindi"", ""Kannada""]",No preference,Rural
CAND2026-00872,Undergraduate,B.Com,Commerce,2027,7.1,"[""MS Excel"", ""Accounting""]","[""Finance"", ""Accounting"", ""Banking""]","[""Finance"", ""Banking"", ""Marketing""]","[""Uttar Pradesh""]","[""Noida""]",Hybrid,3,No prior experience,"[""English"", ""Hindi""]",No preference,Rural
CAND2026-00873,Undergraduate,BBA,Business Administration,2028,8.4,"[""MS Excel"", ""Communication""]","[""Finance"", ""Marketing"", ""HR""]","[""Finance"", ""Marketing"", ""HR"", ""Logistics""]","[""Bihar"", ""Odisha""]","[""Patna"", ""Cuttack""]",Remote,3,No prior experience,"[""English"", ""Hindi""]",No preference,Urban
CAND2026-00874,Undergraduate,B.Sc.,Agriculture,2026,5.8,"[""Agriculture"", ""Field Survey"", ""Data Collection"", ""MS Excel""]","[""Agriculture Technology"", ""Rural Development"", ""Sustainability""]","[""Agriculture"", ""Rural Development"", ""Renewable Energy""]","[""Tripura""]","[""Agartala""]",On-site,4,Academic project experience,"[""English"", ""Hindi"", ""Bengali""]",No preference,Urban
CAND2026-00875,Undergraduate,B.Sc.,Data Science,2027,7.1,"[""Python"", ""SQL"", ""Data Analysis"", ""Power BI""]","[""Data Science"", ""Business Intelligence"", ""AI/ML""]","[""Data Science"", ""AI/ML"", ""IT""]","[""Telangana""]","[""Hyderabad""]",Hybrid,6,No prior experience,"[""English"", ""Hindi"", ""Telugu""]",No preference,Urban
CAND2026-00876,Undergraduate,BCA,Computer Applications,2028,8.4,"[""Python"", ""JavaScript"", ""SQL"", ""React""]","[""Software Development"", ""IT"", ""Data Science""]","[""Software Development"", ""IT"", ""Data Science""]","[""Uttar Pradesh""]","[""Varanasi""]",On-site,2,No prior experience,"[""English"", ""Hindi""]",No preference,Rural
CAND2026-00877,Diploma,Diploma,Civil Engineering,2025,7.7,"[""AutoCAD"", ""Site Survey"", ""MS Excel"", ""Documentation""]","[""Infrastructure"", ""Construction"", ""Urban Development""]","[""Infrastructure"", ""Manufacturing"", ""Renewable Energy""]","[""Jharkhand"", ""Bihar""]","[""Ranchi"", ""Gaya""]",Hybrid,3,Academic project experience,"[""Hindi"", ""English""]",Accessible workplace preferred,Rural
CAND2026-00878,Diploma,Diploma,Electrical Engineering,2026,8.8,"[""Electrical Safety"", ""Solar Energy"", ""Testing"", ""Troubleshooting"", ""MS Excel"", ""AutoCAD""]","[""Renewable Energy"", ""Electronics"", ""Infrastructure""]","[""Renewable Energy"", ""Electronics"", ""Telecommunications""]","[""Jammu and Kashmir""]","[""Srinagar""]",Remote,3,No prior experience,"[""Hindi"", ""English"", ""Urdu""]",No preference,Urban
CAND2026-00879,Undergraduate,BA,Public Administration,2028,8.4,"[""MS Excel"", ""Documentation"", ""Communication"", ""Research"", ""Data Entry"", ""Digital Literacy""]","[""Government"", ""E-Governance"", ""Rural Development""]","[""Government"", ""E-Governance"", ""Rural Development""]","[""Maharashtra""]","[""Pune""]",On-site,4,No prior experience,"[""Hindi"", ""English"", ""Marathi""]",No preference,Urban
CAND2026-00880,Undergraduate,BA,Social Work,2026,5.8,"[""Field Survey"", ""Community Engagement"", ""Communication"", ""Data Collection"", ""Documentation"", ""MS Excel""]","[""Rural Development"", ""Education"", ""Healthcare""]","[""Rural Development"", ""Education"", ""Healthcare"", ""Government""]","[""Rajasthan""]","[""Udaipur""]",Hybrid,6,Academic project experience,"[""Hindi"", ""English""]",No preference,Urban
CAND2026-00881,Undergraduate,B.Sc.,Nursing,2027,7.1,"[""Patient Support"", ""Documentation""]","[""Healthcare"", ""Public Health""]","[""Healthcare"", ""Government"", ""Education""]","[""Madhya Pradesh"", ""Jharkhand""]","[""Bhopal"", ""Jamshedpur""]",On-site,2,0-1 internship experience,"[""English"", ""Hindi""]",No preference,Rural
CAND2026-00882,Undergraduate,BA,Tourism,2028,8.4,"[""Customer Service"", ""Communication""]","[""Tourism"", ""Hospitality"", ""Marketing""]","[""Tourism"", ""Marketing"", ""Logistics""]","[""Himachal Pradesh""]","[""Shimla""]",Hybrid,3,No prior experience,"[""English"", ""Hindi""]",No preference,Rural
CAND2026-00883,Undergraduate,B.Tech,Computer Science,2026,5.8,"[""Python"", ""SQL""]","[""Data Science"", ""Software Development"", ""AI/ML""]","[""IT"", ""Software Development"", ""Data Science"", ""AI/ML""]","[""Tamil Nadu""]","[""Chennai""]",Remote,3,Academic project experience,"[""English"", ""Hindi"", ""Tamil""]",No preference,Urban
CAND2026-00884,Undergraduate,B.Tech,Information Technology,2027,7.1,"[""Python"", ""JavaScript"", ""React"", ""SQL""]","[""Software Development"", ""Cybersecurity"", ""IT""]","[""Software Development"", ""Cybersecurity"", ""IT""]","[""West Bengal""]","[""Kolkata""]",On-site,4,No prior experience,"[""English"", ""Hindi"", ""Bengali""]",No preference,Urban
CAND2026-00885,Undergraduate,B.Tech,Artificial Intelligence,2028,8.4,"[""Python"", ""Machine Learning"", ""Pandas"", ""Scikit-learn""]","[""AI/ML"", ""Data Science""]","[""AI/ML"", ""Data Science"", ""Software Development""]","[""Kerala"", ""Madhya Pradesh""]","[""Kochi"", ""Indore""]",Hybrid,6,No prior experience,"[""English"", ""Hindi"", ""Malayalam""]",No preference,Urban
CAND2026-00886,Undergraduate,B.Tech,Mechanical Engineering,2026,5.8,"[""AutoCAD"", ""SolidWorks"", ""Manufacturing"", ""Quality Control""]","[""Manufacturing"", ""Automobile"", ""Infrastructure""]","[""Manufacturing"", ""Automobile"", ""Infrastructure""]","[""Andhra Pradesh""]","[""Vijayawada""]",On-site,2,Academic project experience,"[""English"", ""Hindi"", ""Telugu""]",No preference,Rural
CAND2026-00887,Undergraduate,B.Tech,Automobile Engineering,2027,7.1,"[""Automobile Engineering"", ""Diagnostics"", ""AutoCAD"", ""Testing""]","[""Automobile"", ""Manufacturing"", ""Renewable Energy""]","[""Automobile"", ""Manufacturing"", ""Renewable Energy""]","[""Tamil Nadu""]","[""Madurai""]",Hybrid,3,No prior experience,"[""English"", ""Hindi"", ""Tamil""]",No preference,Rural
CAND2026-00888,Undergraduate,B.Tech,Electronics and Communication,2028,8.4,"[""Embedded C"", ""Microcontrollers"", ""Networking"", ""PCB Design"", ""Troubleshooting"", ""Arduino""]","[""Electronics"", ""Telecommunications"", ""IT""]","[""Electronics"", ""Telecommunications"", ""IT""]","[""Odisha""]","[""Bhubaneswar""]",Remote,3,No prior experience,"[""English"", ""Hindi"", ""Odia""]",No preference,Urban
CAND2026-00889,Undergraduate,B.Tech,Electrical Engineering,2026,5.8,"[""Electrical Safety"", ""Solar Energy"", ""AutoCAD"", ""MS Excel"", ""Testing"", ""Microcontrollers""]","[""Renewable Energy"", ""Electronics"", ""Infrastructure""]","[""Renewable Energy"", ""Electronics"", ""Infrastructure""]","[""Assam"", ""Kerala""]","[""Guwahati"", ""Kochi""]",On-site,4,Academic project experience,"[""English"", ""Hindi"", ""Assamese""]",Accessible workplace preferred,Urban
CAND2026-00890,Undergraduate,B.Com,Commerce,2027,7.1,"[""MS Excel"", ""Accounting"", ""Tally"", ""Financial Analysis"", ""Communication"", ""Documentation""]","[""Finance"", ""Accounting"", ""Banking""]","[""Finance"", ""Banking"", ""Marketing""]","[""Karnataka""]","[""Bengaluru""]",Hybrid,6,No prior experience,"[""English"", ""Hindi"", ""Kannada""]",No preference,Urban
CAND2026-00891,Undergraduate,BBA,Business Administration,2028,8.4,"[""MS Excel"", ""Communication""]","[""Finance"", ""Marketing"", ""HR""]","[""Finance"", ""Marketing"", ""HR"", ""Logistics""]","[""Uttar Pradesh""]","[""Noida""]",On-site,2,No prior experience,"[""English"", ""Hindi""]",No preference,Rural
CAND2026-00892,Undergraduate,B.Sc.,Agriculture,2026,5.8,"[""Agriculture"", ""Field Survey""]","[""Agriculture Technology"", ""Rural Development"", ""Sustainability""]","[""Agriculture"", ""Rural Development"", ""Renewable Energy""]","[""Bihar""]","[""Patna""]",Hybrid,3,0-1 internship experience,"[""English"", ""Hindi""]",No preference,Rural
CAND2026-00893,Undergraduate,B.Sc.,Data Science,2027,7.1,"[""Python"", ""SQL""]","[""Data Science"", ""Business Intelligence"", ""AI/ML""]","[""Data Science"", ""AI/ML"", ""IT""]","[""Tripura"", ""Assam""]","[""Agartala"", ""Guwahati""]",Remote,3,No prior experience,"[""English"", ""Hindi"", ""Bengali""]",No preference,Urban
CAND2026-00894,Undergraduate,BCA,Computer Applications,2028,8.4,"[""Python"", ""JavaScript"", ""SQL"", ""React""]","[""Software Development"", ""IT"", ""Data Science""]","[""Software Development"", ""IT"", ""Data Science""]","[""Telangana""]","[""Hyderabad""]",On-site,4,No prior experience,"[""English"", ""Hindi"", ""Telugu""]",No preference,Urban
CAND2026-00895,Diploma,Diploma,Civil Engineering,2027,8.5,"[""AutoCAD"", ""Site Survey"", ""MS Excel"", ""Documentation""]","[""Infrastructure"", ""Construction"", ""Urban Development""]","[""Infrastructure"", ""Manufacturing"", ""Renewable Energy""]","[""Uttar Pradesh""]","[""Varanasi""]",Hybrid,6,Academic project experience,"[""Hindi"", ""English""]",No preference,Urban
CAND2026-00896,Diploma,Diploma,Electrical Engineering,2028,5.8,"[""Electrical Safety"", ""Solar Energy"", ""Testing"", ""Troubleshooting""]","[""Renewable Energy"", ""Electronics"", ""Infrastructure""]","[""Renewable Energy"", ""Electronics"", ""Telecommunications""]","[""Jharkhand""]","[""Ranchi""]",On-site,2,No prior experience,"[""Hindi"", ""English""]",No preference,Rural
CAND2026-00897,Undergraduate,BA,Public Administration,2028,8.4,"[""MS Excel"", ""Documentation"", ""Communication"", ""Research""]","[""Government"", ""E-Governance"", ""Rural Development""]","[""Government"", ""E-Governance"", ""Rural Development""]","[""Jammu and Kashmir"", ""Tripura""]","[""Srinagar"", ""Agartala""]",Hybrid,3,No prior experience,"[""Hindi"", ""English"", ""Urdu""]",No preference,Rural
CAND2026-00898,Undergraduate,BA,Social Work,2026,5.8,"[""Field Survey"", ""Community Engagement"", ""Communication"", ""Data Collection"", ""Documentation"", ""MS Excel""]","[""Rural Development"", ""Education"", ""Healthcare""]","[""Rural Development"", ""Education"", ""Healthcare"", ""Government""]","[""Maharashtra""]","[""Pune""]",Remote,3,Academic project experience,"[""Hindi"", ""English"", ""Marathi""]",No preference,Urban
CAND2026-00899,Undergraduate,B.Sc.,Nursing,2027,7.1,"[""Patient Support"", ""Documentation"", ""Communication"", ""MS Excel"", ""Data Entry"", ""Teamwork""]","[""Healthcare"", ""Public Health""]","[""Healthcare"", ""Government"", ""Education""]","[""Rajasthan""]","[""Udaipur""]",On-site,4,No prior experience,"[""English"", ""Hindi""]",No preference,Urban
CAND2026-00900,Undergraduate,BA,Tourism,2028,8.4,"[""Customer Service"", ""Communication"", ""Tourism Operations"", ""Content Writing"", ""MS Excel"", ""Documentation""]","[""Tourism"", ""Hospitality"", ""Marketing""]","[""Tourism"", ""Marketing"", ""Logistics""]","[""Madhya Pradesh""]","[""Bhopal""]",Hybrid,6,No prior experience,"[""English"", ""Hindi""]",No preference,Urban
CAND2026-00901,Undergraduate,B.Tech,Computer Science,2026,5.8,"[""Python"", ""SQL""]","[""Data Science"", ""Software Development"", ""AI/ML""]","[""IT"", ""Software Development"", ""Data Science"", ""AI/ML""]","[""Chandigarh"", ""Jammu and Kashmir""]","[""Chandigarh"", ""Srinagar""]",On-site,2,Academic project experience,"[""English"", ""Hindi"", ""Punjabi""]",Accessible workplace preferred,Rural
CAND2026-00902,Undergraduate,B.Tech,Information Technology,2027,7.1,"[""Python"", ""JavaScript""]","[""Software Development"", ""Cybersecurity"", ""IT""]","[""Software Development"", ""Cybersecurity"", ""IT""]","[""Tamil Nadu""]","[""Chennai""]",Hybrid,3,No prior experience,"[""English"", ""Hindi"", ""Tamil""]",No preference,Rural
CAND2026-00903,Undergraduate,B.Tech,Artificial Intelligence,2028,8.4,"[""Python"", ""Machine Learning""]","[""AI/ML"", ""Data Science""]","[""AI/ML"", ""Data Science"", ""Software Development""]","[""West Bengal""]","[""Kolkata""]",Remote,3,0-1 internship experience,"[""English"", ""Hindi"", ""Bengali""]",No preference,Urban
CAND2026-00904,Undergraduate,B.Tech,Mechanical Engineering,2026,5.8,"[""AutoCAD"", ""SolidWorks"", ""Manufacturing"", ""Quality Control""]","[""Manufacturing"", ""Automobile"", ""Infrastructure""]","[""Manufacturing"", ""Automobile"", ""Infrastructure""]","[""Kerala""]","[""Kochi""]",On-site,4,Academic project experience,"[""English"", ""Hindi"", ""Malayalam""]",No preference,Urban
CAND2026-00905,Undergraduate,B.Tech,Automobile Engineering,2027,7.1,"[""Automobile Engineering"", ""Diagnostics"", ""AutoCAD"", ""Testing""]","[""Automobile"", ""Manufacturing"", ""Renewable Energy""]","[""Automobile"", ""Manufacturing"", ""Renewable Energy""]","[""Andhra Pradesh"", ""Himachal Pradesh""]","[""Vijayawada"", ""Shimla""]",Hybrid,6,No prior experience,"[""English"", ""Hindi"", ""Telugu""]",No preference,Urban
CAND2026-00906,Undergraduate,B.Tech,Electronics and Communication,2028,8.4,"[""Embedded C"", ""Microcontrollers"", ""Networking"", ""PCB Design""]","[""Electronics"", ""Telecommunications"", ""IT""]","[""Electronics"", ""Telecommunications"", ""IT""]","[""Tamil Nadu""]","[""Madurai""]",On-site,2,No prior experience,"[""English"", ""Hindi"", ""Tamil""]",No preference,Rural
CAND2026-00907,Undergraduate,B.Tech,Electrical Engineering,2026,5.8,"[""Electrical Safety"", ""Solar Energy"", ""AutoCAD"", ""MS Excel""]","[""Renewable Energy"", ""Electronics"", ""Infrastructure""]","[""Renewable Energy"", ""Electronics"", ""Infrastructure""]","[""Odisha""]","[""Bhubaneswar""]",Hybrid,3,Academic project experience,"[""English"", ""Hindi"", ""Odia""]",No preference,Rural
CAND2026-00908,Undergraduate,B.Com,Commerce,2027,7.1,"[""MS Excel"", ""Accounting"", ""Tally"", ""Financial Analysis"", ""Communication"", ""Documentation""]","[""Finance"", ""Accounting"", ""Banking""]","[""Finance"", ""Banking"", ""Marketing""]","[""Assam""]","[""Guwahati""]",Remote,3,No prior experience,"[""English"", ""Hindi"", ""Assamese""]",No preference,Urban
CAND2026-00909,Undergraduate,BBA,Business Administration,2028,8.4,"[""MS Excel"", ""Communication"", ""Financial Analysis"", ""Digital Marketing"", ""Project Management"", ""Documentation""]","[""Finance"", ""Marketing"", ""HR""]","[""Finance"", ""Marketing"", ""HR"", ""Logistics""]","[""Karnataka"", ""Andhra Pradesh""]","[""Bengaluru"", ""Visakhapatnam""]",On-site,4,No prior experience,"[""English"", ""Hindi"", ""Kannada""]",No preference,Urban
CAND2026-00910,Undergraduate,B.Sc.,Agriculture,2026,5.8,"[""Agriculture"", ""Field Survey"", ""Data Collection"", ""MS Excel"", ""Community Engagement"", ""Communication""]","[""Agriculture Technology"", ""Rural Development"", ""Sustainability""]","[""Agriculture"", ""Rural Development"", ""Renewable Energy""]","[""Uttar Pradesh""]","[""Noida""]",Hybrid,6,Academic project experience,"[""English"", ""Hindi""]",No preference,Urban
CAND2026-00911,Undergraduate,B.Sc.,Data Science,2027,7.1,"[""Python"", ""SQL""]","[""Data Science"", ""Business Intelligence"", ""AI/ML""]","[""Data Science"", ""AI/ML"", ""IT""]","[""Bihar""]","[""Patna""]",On-site,2,No prior experience,"[""English"", ""Hindi""]",No preference,Rural
CAND2026-00912,Undergraduate,BCA,Computer Applications,2028,8.4,"[""Python"", ""JavaScript""]","[""Software Development"", ""IT"", ""Data Science""]","[""Software Development"", ""IT"", ""Data Science""]","[""Tripura""]","[""Agartala""]",Hybrid,3,No prior experience,"[""English"", ""Hindi"", ""Bengali""]",No preference,Rural
CAND2026-00913,Diploma,Diploma,Civil Engineering,2025,5.5,"[""AutoCAD"", ""Site Survey""]","[""Infrastructure"", ""Construction"", ""Urban Development""]","[""Infrastructure"", ""Manufacturing"", ""Renewable Energy""]","[""Telangana"", ""Goa""]","[""Hyderabad"", ""Panaji""]",Remote,3,Academic project experience,"[""Hindi"", ""English"", ""Telugu""]",Accessible workplace preferred,Urban
CAND2026-00914,Diploma,Diploma,Electrical Engineering,2026,6.6,"[""Electrical Safety"", ""Solar Energy"", ""Testing"", ""Troubleshooting""]","[""Renewable Energy"", ""Electronics"", ""Infrastructure""]","[""Renewable Energy"", ""Electronics"", ""Telecommunications""]","[""Uttar Pradesh""]","[""Varanasi""]",On-site,4,0-1 internship experience,"[""Hindi"", ""English""]",No preference,Urban
CAND2026-00915,Undergraduate,BA,Public Administration,2028,8.4,"[""MS Excel"", ""Documentation"", ""Communication"", ""Research""]","[""Government"", ""E-Governance"", ""Rural Development""]","[""Government"", ""E-Governance"", ""Rural Development""]","[""Jharkhand""]","[""Ranchi""]",Hybrid,6,No prior experience,"[""Hindi"", ""English""]",No preference,Urban
CAND2026-00916,Undergraduate,BA,Social Work,2026,5.8,"[""Field Survey"", ""Community Engagement"", ""Communication"", ""Data Collection""]","[""Rural Development"", ""Education"", ""Healthcare""]","[""Rural Development"", ""Education"", ""Healthcare"", ""Government""]","[""Jammu and Kashmir""]","[""Srinagar""]",On-site,2,Academic project experience,"[""Hindi"", ""English"", ""Urdu""]",No preference,Rural
CAND2026-00917,Undergraduate,B.Sc.,Nursing,2027,7.1,"[""Patient Support"", ""Documentation"", ""Communication"", ""MS Excel""]","[""Healthcare"", ""Public Health""]","[""Healthcare"", ""Government"", ""Education""]","[""Maharashtra"", ""Karnataka""]","[""Pune"", ""Mysuru""]",Hybrid,3,No prior experience,"[""English"", ""Hindi"", ""Marathi""]",No preference,Rural
CAND2026-00918,Undergraduate,BA,Tourism,2028,8.4,"[""Customer Service"", ""Communication"", ""Tourism Operations"", ""Content Writing"", ""MS Excel"", ""Documentation""]","[""Tourism"", ""Hospitality"", ""Marketing""]","[""Tourism"", ""Marketing"", ""Logistics""]","[""Rajasthan""]","[""Udaipur""]",Remote,3,No prior experience,"[""English"", ""Hindi""]",No preference,Urban
CAND2026-00919,Undergraduate,B.Tech,Computer Science,2026,5.8,"[""Python"", ""SQL"", ""Data Analysis"", ""Git"", ""React"", ""Machine Learning""]","[""Data Science"", ""Software Development"", ""AI/ML""]","[""IT"", ""Software Development"", ""Data Science"", ""AI/ML""]","[""Madhya Pradesh""]","[""Indore""]",On-site,4,Academic project experience,"[""English"", ""Hindi""]",No preference,Urban
CAND2026-00920,Undergraduate,B.Tech,Information Technology,2027,7.1,"[""Python"", ""JavaScript"", ""React"", ""SQL"", ""Networking"", ""Git""]","[""Software Development"", ""Cybersecurity"", ""IT""]","[""Software Development"", ""Cybersecurity"", ""IT""]","[""Chandigarh""]","[""Chandigarh""]",Hybrid,6,No prior experience,"[""English"", ""Hindi"", ""Punjabi""]",No preference,Urban
CAND2026-00921,Undergraduate,B.Tech,Artificial Intelligence,2028,8.4,"[""Python"", ""Machine Learning""]","[""AI/ML"", ""Data Science""]","[""AI/ML"", ""Data Science"", ""Software Development""]","[""Tamil Nadu"", ""Telangana""]","[""Chennai"", ""Warangal""]",On-site,2,No prior experience,"[""English"", ""Hindi"", ""Tamil""]",No preference,Rural
CAND2026-00922,Undergraduate,B.Tech,Mechanical Engineering,2026,5.8,"[""AutoCAD"", ""SolidWorks""]","[""Manufacturing"", ""Automobile"", ""Infrastructure""]","[""Manufacturing"", ""Automobile"", ""Infrastructure""]","[""West Bengal""]","[""Kolkata""]",Hybrid,3,Academic project experience,"[""English"", ""Hindi"", ""Bengali""]",No preference,Rural
CAND2026-00923,Undergraduate,B.Tech,Automobile Engineering,2027,7.1,"[""Automobile Engineering"", ""Diagnostics""]","[""Automobile"", ""Manufacturing"", ""Renewable Energy""]","[""Automobile"", ""Manufacturing"", ""Renewable Energy""]","[""Kerala""]","[""Kochi""]",Remote,3,No prior experience,"[""English"", ""Hindi"", ""Malayalam""]",No preference,Urban
CAND2026-00924,Undergraduate,B.Tech,Electronics and Communication,2028,8.4,"[""Embedded C"", ""Microcontrollers"", ""Networking"", ""PCB Design""]","[""Electronics"", ""Telecommunications"", ""IT""]","[""Electronics"", ""Telecommunications"", ""IT""]","[""Andhra Pradesh""]","[""Vijayawada""]",On-site,4,No prior experience,"[""English"", ""Hindi"", ""Telugu""]",No preference,Urban
CAND2026-00925,Undergraduate,B.Tech,Electrical Engineering,2026,5.8,"[""Electrical Safety"", ""Solar Energy"", ""AutoCAD"", ""MS Excel""]","[""Renewable Energy"", ""Electronics"", ""Infrastructure""]","[""Renewable Energy"", ""Electronics"", ""Infrastructure""]","[""Tamil Nadu"", ""Maharashtra""]","[""Madurai"", ""Nagpur""]",Hybrid,6,0-1 internship experience,"[""English"", ""Hindi"", ""Tamil""]",Accessible workplace preferred,Urban
CAND2026-00926,Undergraduate,B.Com,Commerce,2027,7.1,"[""MS Excel"", ""Accounting"", ""Tally"", ""Financial Analysis""]","[""Finance"", ""Accounting"", ""Banking""]","[""Finance"", ""Banking"", ""Marketing""]","[""Odisha""]","[""Bhubaneswar""]",On-site,2,No prior experience,"[""English"", ""Hindi"", ""Odia""]",No preference,Rural
CAND2026-00927,Undergraduate,BBA,Business Administration,2028,8.4,"[""MS Excel"", ""Communication"", ""Financial Analysis"", ""Digital Marketing""]","[""Finance"", ""Marketing"", ""HR""]","[""Finance"", ""Marketing"", ""HR"", ""Logistics""]","[""Assam""]","[""Guwahati""]",Hybrid,3,No prior experience,"[""English"", ""Hindi"", ""Assamese""]",No preference,Rural
CAND2026-00928,Undergraduate,B.Sc.,Agriculture,2026,5.8,"[""Agriculture"", ""Field Survey"", ""Data Collection"", ""MS Excel"", ""Community Engagement"", ""Communication""]","[""Agriculture Technology"", ""Rural Development"", ""Sustainability""]","[""Agriculture"", ""Rural Development"", ""Renewable Energy""]","[""Karnataka""]","[""Bengaluru""]",Remote,3,Academic project experience,"[""English"", ""Hindi"", ""Kannada""]",No preference,Urban
CAND2026-00929,Undergraduate,B.Sc.,Data Science,2027,7.1,"[""Python"", ""SQL"", ""Data Analysis"", ""Power BI"", ""Pandas"", ""MS Excel""]","[""Data Science"", ""Business Intelligence"", ""AI/ML""]","[""Data Science"", ""AI/ML"", ""IT""]","[""Uttar Pradesh"", ""Tamil Nadu""]","[""Noida"", ""Chennai""]",On-site,4,No prior experience,"[""English"", ""Hindi""]",No preference,Urban
CAND2026-00930,Undergraduate,BCA,Computer Applications,2028,8.4,"[""Python"", ""JavaScript"", ""SQL"", ""React"", ""MS Excel"", ""Git""]","[""Software Development"", ""IT"", ""Data Science""]","[""Software Development"", ""IT"", ""Data Science""]","[""Bihar""]","[""Patna""]",Hybrid,6,No prior experience,"[""English"", ""Hindi""]",No preference,Urban
CAND2026-00931,Diploma,Diploma,Civil Engineering,2027,6.3,"[""AutoCAD"", ""Site Survey""]","[""Infrastructure"", ""Construction"", ""Urban Development""]","[""Infrastructure"", ""Manufacturing"", ""Renewable Energy""]","[""Tripura""]","[""Agartala""]",On-site,2,Academic project experience,"[""Hindi"", ""English"", ""Bengali""]",No preference,Rural
CAND2026-00932,Diploma,Diploma,Electrical Engineering,2028,7.4,"[""Electrical Safety"", ""Solar Energy""]","[""Renewable Energy"", ""Electronics"", ""Infrastructure""]","[""Renewable Energy"", ""Electronics"", ""Telecommunications""]","[""Telangana""]","[""Hyderabad""]",Hybrid,3,No prior experience,"[""Hindi"", ""English"", ""Telugu""]",No preference,Rural
CAND2026-00933,Undergraduate,BA,Public Administration,2028,8.4,"[""MS Excel"", ""Documentation""]","[""Government"", ""E-Governance"", ""Rural Development""]","[""Government"", ""E-Governance"", ""Rural Development""]","[""Uttar Pradesh"", ""Tamil Nadu""]","[""Varanasi"", ""Madurai""]",Remote,3,No prior experience,"[""Hindi"", ""English""]",No preference,Urban
CAND2026-00934,Undergraduate,BA,Social Work,2026,5.8,"[""Field Survey"", ""Community Engagement"", ""Communication"", ""Data Collection""]","[""Rural Development"", ""Education"", ""Healthcare""]","[""Rural Development"", ""Education"", ""Healthcare"", ""Government""]","[""Jharkhand""]","[""Ranchi""]",On-site,4,Academic project experience,"[""Hindi"", ""English""]",No preference,Urban
CAND2026-00935,Undergraduate,B.Sc.,Nursing,2027,7.1,"[""Patient Support"", ""Documentation"", ""Communication"", ""MS Excel""]","[""Healthcare"", ""Public Health""]","[""Healthcare"", ""Government"", ""Education""]","[""Jammu and Kashmir""]","[""Srinagar""]",Hybrid,6,No prior experience,"[""English"", ""Hindi"", ""Urdu""]",No preference,Urban
CAND2026-00936,Undergraduate,BA,Tourism,2028,8.4,"[""Customer Service"", ""Communication"", ""Tourism Operations"", ""Content Writing""]","[""Tourism"", ""Hospitality"", ""Marketing""]","[""Tourism"", ""Marketing"", ""Logistics""]","[""Maharashtra""]","[""Pune""]",On-site,2,0-1 internship experience,"[""English"", ""Hindi"", ""Marathi""]",No preference,Rural
CAND2026-00937,Undergraduate,B.Tech,Computer Science,2026,5.8,"[""Python"", ""SQL"", ""Data Analysis"", ""Git""]","[""Data Science"", ""Software Development"", ""AI/ML""]","[""IT"", ""Software Development"", ""Data Science"", ""AI/ML""]","[""Gujarat"", ""Uttar Pradesh""]","[""Ahmedabad"", ""Noida""]",Hybrid,3,Academic project experience,"[""English"", ""Hindi"", ""Gujarati""]",Accessible workplace preferred,Rural
CAND2026-00938,Undergraduate,B.Tech,Information Technology,2027,7.1,"[""Python"", ""JavaScript"", ""React"", ""SQL"", ""Networking"", ""Git""]","[""Software Development"", ""Cybersecurity"", ""IT""]","[""Software Development"", ""Cybersecurity"", ""IT""]","[""Madhya Pradesh""]","[""Indore""]",Remote,3,No prior experience,"[""English"", ""Hindi""]",No preference,Urban
CAND2026-00939,Undergraduate,B.Tech,Artificial Intelligence,2028,8.4,"[""Python"", ""Machine Learning"", ""Pandas"", ""Scikit-learn"", ""Data Analysis"", ""SQL""]","[""AI/ML"", ""Data Science""]","[""AI/ML"", ""Data Science"", ""Software Development""]","[""Chandigarh""]","[""Chandigarh""]",On-site,4,No prior experience,"[""English"", ""Hindi"", ""Punjabi""]",No preference,Urban
CAND2026-00940,Undergraduate,B.Tech,Mechanical Engineering,2026,5.8,"[""AutoCAD"", ""SolidWorks"", ""Manufacturing"", ""Quality Control"", ""MS Excel"", ""Testing""]","[""Manufacturing"", ""Automobile"", ""Infrastructure""]","[""Manufacturing"", ""Automobile"", ""Infrastructure""]","[""Tamil Nadu""]","[""Chennai""]",Hybrid,6,Academic project experience,"[""English"", ""Hindi"", ""Tamil""]",No preference,Urban
CAND2026-00941,Undergraduate,B.Tech,Automobile Engineering,2027,7.1,"[""Automobile Engineering"", ""Diagnostics""]","[""Automobile"", ""Manufacturing"", ""Renewable Energy""]","[""Automobile"", ""Manufacturing"", ""Renewable Energy""]","[""West Bengal"", ""Uttar Pradesh""]","[""Kolkata"", ""Varanasi""]",On-site,2,No prior experience,"[""English"", ""Hindi"", ""Bengali""]",No preference,Rural
CAND2026-00942,Undergraduate,B.Tech,Electronics and Communication,2028,8.4,"[""Embedded C"", ""Microcontrollers""]","[""Electronics"", ""Telecommunications"", ""IT""]","[""Electronics"", ""Telecommunications"", ""IT""]","[""Kerala""]","[""Kochi""]",Hybrid,3,No prior experience,"[""English"", ""Hindi"", ""Malayalam""]",No preference,Rural
CAND2026-00943,Undergraduate,B.Tech,Electrical Engineering,2026,5.8,"[""Electrical Safety"", ""Solar Energy""]","[""Renewable Energy"", ""Electronics"", ""Infrastructure""]","[""Renewable Energy"", ""Electronics"", ""Infrastructure""]","[""Andhra Pradesh""]","[""Vijayawada""]",Remote,3,Academic project experience,"[""English"", ""Hindi"", ""Telugu""]",No preference,Urban
CAND2026-00944,Undergraduate,B.Com,Commerce,2027,7.1,"[""MS Excel"", ""Accounting"", ""Tally"", ""Financial Analysis""]","[""Finance"", ""Accounting"", ""Banking""]","[""Finance"", ""Banking"", ""Marketing""]","[""Tamil Nadu""]","[""Madurai""]",On-site,4,No prior experience,"[""English"", ""Hindi"", ""Tamil""]",No preference,Urban
CAND2026-00945,Undergraduate,BBA,Business Administration,2028,8.4,"[""MS Excel"", ""Communication"", ""Financial Analysis"", ""Digital Marketing""]","[""Finance"", ""Marketing"", ""HR""]","[""Finance"", ""Marketing"", ""HR"", ""Logistics""]","[""Odisha"", ""Rajasthan""]","[""Bhubaneswar"", ""Udaipur""]",Hybrid,6,No prior experience,"[""English"", ""Hindi"", ""Odia""]",No preference,Urban
CAND2026-00946,Undergraduate,B.Sc.,Agriculture,2026,5.8,"[""Agriculture"", ""Field Survey"", ""Data Collection"", ""MS Excel""]","[""Agriculture Technology"", ""Rural Development"", ""Sustainability""]","[""Agriculture"", ""Rural Development"", ""Renewable Energy""]","[""Assam""]","[""Guwahati""]",On-site,2,Academic project experience,"[""English"", ""Hindi"", ""Assamese""]",No preference,Rural
CAND2026-00947,Undergraduate,B.Sc.,Data Science,2027,7.1,"[""Python"", ""SQL"", ""Data Analysis"", ""Power BI""]","[""Data Science"", ""Business Intelligence"", ""AI/ML""]","[""Data Science"", ""AI/ML"", ""IT""]","[""Karnataka""]","[""Bengaluru""]",Hybrid,3,0-1 internship experience,"[""English"", ""Hindi"", ""Kannada""]",No preference,Rural
CAND2026-00948,Undergraduate,BCA,Computer Applications,2028,8.4,"[""Python"", ""JavaScript"", ""SQL"", ""React"", ""MS Excel"", ""Git""]","[""Software Development"", ""IT"", ""Data Science""]","[""Software Development"", ""IT"", ""Data Science""]","[""Uttar Pradesh""]","[""Noida""]",Remote,3,No prior experience,"[""English"", ""Hindi""]",No preference,Urban
CAND2026-00949,Diploma,Diploma,Civil Engineering,2025,7.1,"[""AutoCAD"", ""Site Survey"", ""MS Excel"", ""Documentation"", ""Project Management"", ""Testing""]","[""Infrastructure"", ""Construction"", ""Urban Development""]","[""Infrastructure"", ""Manufacturing"", ""Renewable Energy""]","[""Bihar"", ""Gujarat""]","[""Patna"", ""Surat""]",On-site,4,Academic project experience,"[""Hindi"", ""English""]",Accessible workplace preferred,Urban
CAND2026-00950,Diploma,Diploma,Electrical Engineering,2026,8.2,"[""Electrical Safety"", ""Solar Energy"", ""Testing"", ""Troubleshooting"", ""MS Excel"", ""AutoCAD""]","[""Renewable Energy"", ""Electronics"", ""Infrastructure""]","[""Renewable Energy"", ""Electronics"", ""Telecommunications""]","[""Tripura""]","[""Agartala""]",Hybrid,6,No prior experience,"[""Hindi"", ""English"", ""Bengali""]",No preference,Urban
CAND2026-00951,Undergraduate,BA,Public Administration,2028,8.4,"[""MS Excel"", ""Documentation""]","[""Government"", ""E-Governance"", ""Rural Development""]","[""Government"", ""E-Governance"", ""Rural Development""]","[""Telangana""]","[""Hyderabad""]",On-site,2,No prior experience,"[""Hindi"", ""English"", ""Telugu""]",No preference,Rural
CAND2026-00952,Undergraduate,BA,Social Work,2026,5.8,"[""Field Survey"", ""Community Engagement""]","[""Rural Development"", ""Education"", ""Healthcare""]","[""Rural Development"", ""Education"", ""Healthcare"", ""Government""]","[""Uttar Pradesh""]","[""Varanasi""]",Hybrid,3,Academic project experience,"[""Hindi"", ""English""]",No preference,Rural
CAND2026-00953,Undergraduate,B.Sc.,Nursing,2027,7.1,"[""Patient Support"", ""Documentation""]","[""Healthcare"", ""Public Health""]","[""Healthcare"", ""Government"", ""Education""]","[""Jharkhand"", ""West Bengal""]","[""Ranchi"", ""Siliguri""]",Remote,3,No prior experience,"[""English"", ""Hindi""]",No preference,Urban
CAND2026-00954,Undergraduate,BA,Tourism,2028,8.4,"[""Customer Service"", ""Communication"", ""Tourism Operations"", ""Content Writing""]","[""Tourism"", ""Hospitality"", ""Marketing""]","[""Tourism"", ""Marketing"", ""Logistics""]","[""Jammu and Kashmir""]","[""Srinagar""]",On-site,4,No prior experience,"[""English"", ""Hindi"", ""Urdu""]",No preference,Urban
CAND2026-00955,Undergraduate,B.Tech,Computer Science,2026,5.8,"[""Python"", ""SQL"", ""Data Analysis"", ""Git""]","[""Data Science"", ""Software Development"", ""AI/ML""]","[""IT"", ""Software Development"", ""Data Science"", ""AI/ML""]","[""Maharashtra""]","[""Nagpur""]",Hybrid,6,Academic project experience,"[""English"", ""Hindi"", ""Marathi""]",No preference,Urban
CAND2026-00956,Undergraduate,B.Tech,Information Technology,2027,7.1,"[""Python"", ""JavaScript"", ""React"", ""SQL""]","[""Software Development"", ""Cybersecurity"", ""IT""]","[""Software Development"", ""Cybersecurity"", ""IT""]","[""Gujarat""]","[""Ahmedabad""]",On-site,2,No prior experience,"[""English"", ""Hindi"", ""Gujarati""]",No preference,Rural
CAND2026-00957,Undergraduate,B.Tech,Artificial Intelligence,2028,8.4,"[""Python"", ""Machine Learning"", ""Pandas"", ""Scikit-learn""]","[""AI/ML"", ""Data Science""]","[""AI/ML"", ""Data Science"", ""Software Development""]","[""Madhya Pradesh"", ""Odisha""]","[""Indore"", ""Cuttack""]",Hybrid,3,No prior experience,"[""English"", ""Hindi""]",No preference,Rural
CAND2026-00958,Undergraduate,B.Tech,Mechanical Engineering,2026,5.8,"[""AutoCAD"", ""SolidWorks"", ""Manufacturing"", ""Quality Control"", ""MS Excel"", ""Testing""]","[""Manufacturing"", ""Automobile"", ""Infrastructure""]","[""Manufacturing"", ""Automobile"", ""Infrastructure""]","[""Chandigarh""]","[""Chandigarh""]",Remote,3,0-1 internship experience,"[""English"", ""Hindi"", ""Punjabi""]",No preference,Urban
CAND2026-00959,Undergraduate,B.Tech,Automobile Engineering,2027,7.1,"[""Automobile Engineering"", ""Diagnostics"", ""AutoCAD"", ""Testing"", ""Electrical Safety""]","[""Automobile"", ""Manufacturing"", ""Renewable Energy""]","[""Automobile"", ""Manufacturing"", ""Renewable Energy""]","[""Tamil Nadu""]","[""Chennai""]",On-site,4,No prior experience,"[""English"", ""Hindi"", ""Tamil""]",No preference,Urban
CAND2026-00960,Undergraduate,B.Tech,Electronics and Communication,2028,8.4,"[""Embedded C"", ""Microcontrollers"", ""Networking"", ""PCB Design"", ""Troubleshooting"", ""Arduino""]","[""Electronics"", ""Telecommunications"", ""IT""]","[""Electronics"", ""Telecommunications"", ""IT""]","[""West Bengal""]","[""Kolkata""]",Hybrid,6,No prior experience,"[""English"", ""Hindi"", ""Bengali""]",No preference,Urban
CAND2026-00961,Undergraduate,B.Tech,Electrical Engineering,2026,5.8,"[""Electrical Safety"", ""Solar Energy""]","[""Renewable Energy"", ""Electronics"", ""Infrastructure""]","[""Renewable Energy"", ""Electronics"", ""Infrastructure""]","[""Kerala"", ""Bihar""]","[""Kochi"", ""Gaya""]",On-site,2,Academic project experience,"[""English"", ""Hindi"", ""Malayalam""]",Accessible workplace preferred,Rural
CAND2026-00962,Undergraduate,B.Com,Commerce,2027,7.1,"[""MS Excel"", ""Accounting""]","[""Finance"", ""Accounting"", ""Banking""]","[""Finance"", ""Banking"", ""Marketing""]","[""Andhra Pradesh""]","[""Vijayawada""]",Hybrid,3,No prior experience,"[""English"", ""Hindi"", ""Telugu""]",No preference,Rural
CAND2026-00963,Undergraduate,BBA,Business Administration,2028,8.4,"[""MS Excel"", ""Communication""]","[""Finance"", ""Marketing"", ""HR""]","[""Finance"", ""Marketing"", ""HR"", ""Logistics""]","[""Tamil Nadu""]","[""Madurai""]",Remote,3,No prior experience,"[""English"", ""Hindi"", ""Tamil""]",No preference,Urban
CAND2026-00964,Undergraduate,B.Sc.,Agriculture,2026,5.8,"[""Agriculture"", ""Field Survey"", ""Data Collection"", ""MS Excel""]","[""Agriculture Technology"", ""Rural Development"", ""Sustainability""]","[""Agriculture"", ""Rural Development"", ""Renewable Energy""]","[""Odisha""]","[""Bhubaneswar""]",On-site,4,Academic project experience,"[""English"", ""Hindi"", ""Odia""]",No preference,Urban
CAND2026-00965,Undergraduate,B.Sc.,Data Science,2027,7.1,"[""Python"", ""SQL"", ""Data Analysis"", ""Power BI""]","[""Data Science"", ""Business Intelligence"", ""AI/ML""]","[""Data Science"", ""AI/ML"", ""IT""]","[""Assam"", ""Jharkhand""]","[""Guwahati"", ""Jamshedpur""]",Hybrid,6,No prior experience,"[""English"", ""Hindi"", ""Assamese""]",No preference,Urban
CAND2026-00966,Undergraduate,BCA,Computer Applications,2028,8.4,"[""Python"", ""JavaScript"", ""SQL"", ""React""]","[""Software Development"", ""IT"", ""Data Science""]","[""Software Development"", ""IT"", ""Data Science""]","[""Karnataka""]","[""Bengaluru""]",On-site,2,No prior experience,"[""English"", ""Hindi"", ""Kannada""]",No preference,Rural
CAND2026-00967,Diploma,Diploma,Civil Engineering,2027,7.9,"[""AutoCAD"", ""Site Survey"", ""MS Excel"", ""Documentation""]","[""Infrastructure"", ""Construction"", ""Urban Development""]","[""Infrastructure"", ""Manufacturing"", ""Renewable Energy""]","[""Uttar Pradesh""]","[""Noida""]",Hybrid,3,Academic project experience,"[""Hindi"", ""English""]",No preference,Rural
CAND2026-00968,Diploma,Diploma,Electrical Engineering,2028,9.0,"[""Electrical Safety"", ""Solar Energy"", ""Testing"", ""Troubleshooting"", ""MS Excel"", ""AutoCAD""]","[""Renewable Energy"", ""Electronics"", ""Infrastructure""]","[""Renewable Energy"", ""Electronics"", ""Telecommunications""]","[""Bihar""]","[""Patna""]",Remote,3,No prior experience,"[""Hindi"", ""English""]",No preference,Urban
CAND2026-00969,Undergraduate,BA,Public Administration,2028,8.4,"[""MS Excel"", ""Documentation"", ""Communication"", ""Research"", ""Data Entry"", ""Digital Literacy""]","[""Government"", ""E-Governance"", ""Rural Development""]","[""Government"", ""E-Governance"", ""Rural Development""]","[""Tripura"", ""Madhya Pradesh""]","[""Agartala"", ""Indore""]",On-site,4,0-1 internship experience,"[""Hindi"", ""English"", ""Bengali""]",No preference,Urban
CAND2026-00970,Undergraduate,BA,Social Work,2026,5.8,"[""Field Survey"", ""Community Engagement"", ""Communication"", ""Data Collection"", ""Documentation"", ""MS Excel""]","[""Rural Development"", ""Education"", ""Healthcare""]","[""Rural Development"", ""Education"", ""Healthcare"", ""Government""]","[""Telangana""]","[""Hyderabad""]",Hybrid,6,Academic project experience,"[""Hindi"", ""English"", ""Telugu""]",No preference,Urban
CAND2026-00971,Undergraduate,B.Sc.,Nursing,2027,7.1,"[""Patient Support"", ""Documentation""]","[""Healthcare"", ""Public Health""]","[""Healthcare"", ""Government"", ""Education""]","[""Uttar Pradesh""]","[""Varanasi""]",On-site,2,No prior experience,"[""English"", ""Hindi""]",No preference,Rural
CAND2026-00972,Undergraduate,BA,Tourism,2028,8.4,"[""Customer Service"", ""Communication""]","[""Tourism"", ""Hospitality"", ""Marketing""]","[""Tourism"", ""Marketing"", ""Logistics""]","[""Jharkhand""]","[""Ranchi""]",Hybrid,3,No prior experience,"[""English"", ""Hindi""]",No preference,Rural
CAND2026-00973,Undergraduate,B.Tech,Computer Science,2026,5.8,"[""Python"", ""SQL""]","[""Data Science"", ""Software Development"", ""AI/ML""]","[""IT"", ""Software Development"", ""Data Science"", ""AI/ML""]","[""Uttarakhand"", ""Kerala""]","[""Dehradun"", ""Kochi""]",Remote,3,Academic project experience,"[""English"", ""Hindi""]",Accessible workplace preferred,Urban
CAND2026-00974,Undergraduate,B.Tech,Information Technology,2027,7.1,"[""Python"", ""JavaScript"", ""React"", ""SQL""]","[""Software Development"", ""Cybersecurity"", ""IT""]","[""Software Development"", ""Cybersecurity"", ""IT""]","[""Maharashtra""]","[""Nagpur""]",On-site,4,No prior experience,"[""English"", ""Hindi"", ""Marathi""]",No preference,Urban
CAND2026-00975,Undergraduate,B.Tech,Artificial Intelligence,2028,8.4,"[""Python"", ""Machine Learning"", ""Pandas"", ""Scikit-learn""]","[""AI/ML"", ""Data Science""]","[""AI/ML"", ""Data Science"", ""Software Development""]","[""Gujarat""]","[""Ahmedabad""]",Hybrid,6,No prior experience,"[""English"", ""Hindi"", ""Gujarati""]",No preference,Urban
CAND2026-00976,Undergraduate,B.Tech,Mechanical Engineering,2026,5.8,"[""AutoCAD"", ""SolidWorks"", ""Manufacturing"", ""Quality Control""]","[""Manufacturing"", ""Automobile"", ""Infrastructure""]","[""Manufacturing"", ""Automobile"", ""Infrastructure""]","[""Madhya Pradesh""]","[""Indore""]",On-site,2,Academic project experience,"[""English"", ""Hindi""]",No preference,Rural
CAND2026-00977,Undergraduate,B.Tech,Automobile Engineering,2027,7.1,"[""Automobile Engineering"", ""Diagnostics"", ""AutoCAD"", ""Testing""]","[""Automobile"", ""Manufacturing"", ""Renewable Energy""]","[""Automobile"", ""Manufacturing"", ""Renewable Energy""]","[""Chandigarh"", ""Assam""]","[""Chandigarh"", ""Guwahati""]",Hybrid,3,No prior experience,"[""English"", ""Hindi"", ""Punjabi""]",No preference,Rural
CAND2026-00978,Undergraduate,B.Tech,Electronics and Communication,2028,8.4,"[""Embedded C"", ""Microcontrollers"", ""Networking"", ""PCB Design"", ""Troubleshooting"", ""Arduino""]","[""Electronics"", ""Telecommunications"", ""IT""]","[""Electronics"", ""Telecommunications"", ""IT""]","[""Tamil Nadu""]","[""Chennai""]",Remote,3,No prior experience,"[""English"", ""Hindi"", ""Tamil""]",No preference,Urban
CAND2026-00979,Undergraduate,B.Tech,Electrical Engineering,2026,5.8,"[""Electrical Safety"", ""Solar Energy"", ""AutoCAD"", ""MS Excel"", ""Testing"", ""Microcontrollers""]","[""Renewable Energy"", ""Electronics"", ""Infrastructure""]","[""Renewable Energy"", ""Electronics"", ""Infrastructure""]","[""West Bengal""]","[""Kolkata""]",On-site,4,Academic project experience,"[""English"", ""Hindi"", ""Bengali""]",No preference,Urban
CAND2026-00980,Undergraduate,B.Com,Commerce,2027,7.1,"[""MS Excel"", ""Accounting"", ""Tally"", ""Financial Analysis"", ""Communication"", ""Documentation""]","[""Finance"", ""Accounting"", ""Banking""]","[""Finance"", ""Banking"", ""Marketing""]","[""Kerala""]","[""Kochi""]",Hybrid,6,0-1 internship experience,"[""English"", ""Hindi"", ""Malayalam""]",No preference,Urban
CAND2026-00981,Undergraduate,BBA,Business Administration,2028,8.4,"[""MS Excel"", ""Communication""]","[""Finance"", ""Marketing"", ""HR""]","[""Finance"", ""Marketing"", ""HR"", ""Logistics""]","[""Andhra Pradesh"", ""Tripura""]","[""Vijayawada"", ""Agartala""]",On-site,2,No prior experience,"[""English"", ""Hindi"", ""Telugu""]",No preference,Rural
CAND2026-00982,Undergraduate,B.Sc.,Agriculture,2026,5.8,"[""Agriculture"", ""Field Survey""]","[""Agriculture Technology"", ""Rural Development"", ""Sustainability""]","[""Agriculture"", ""Rural Development"", ""Renewable Energy""]","[""Tamil Nadu""]","[""Madurai""]",Hybrid,3,Academic project experience,"[""English"", ""Hindi"", ""Tamil""]",No preference,Rural
CAND2026-00983,Undergraduate,B.Sc.,Data Science,2027,7.1,"[""Python"", ""SQL""]","[""Data Science"", ""Business Intelligence"", ""AI/ML""]","[""Data Science"", ""AI/ML"", ""IT""]","[""Odisha""]","[""Bhubaneswar""]",Remote,3,No prior experience,"[""English"", ""Hindi"", ""Odia""]",No preference,Urban
CAND2026-00984,Undergraduate,BCA,Computer Applications,2028,8.4,"[""Python"", ""JavaScript"", ""SQL"", ""React""]","[""Software Development"", ""IT"", ""Data Science""]","[""Software Development"", ""IT"", ""Data Science""]","[""Assam""]","[""Guwahati""]",On-site,4,No prior experience,"[""English"", ""Hindi"", ""Assamese""]",No preference,Urban
CAND2026-00985,Diploma,Diploma,Civil Engineering,2025,8.7,"[""AutoCAD"", ""Site Survey"", ""MS Excel"", ""Documentation""]","[""Infrastructure"", ""Construction"", ""Urban Development""]","[""Infrastructure"", ""Manufacturing"", ""Renewable Energy""]","[""Karnataka"", ""Jammu and Kashmir""]","[""Bengaluru"", ""Srinagar""]",Hybrid,6,Academic project experience,"[""Hindi"", ""English"", ""Kannada""]",Accessible workplace preferred,Urban
CAND2026-00986,Diploma,Diploma,Electrical Engineering,2026,6.0,"[""Electrical Safety"", ""Solar Energy"", ""Testing"", ""Troubleshooting""]","[""Renewable Energy"", ""Electronics"", ""Infrastructure""]","[""Renewable Energy"", ""Electronics"", ""Telecommunications""]","[""Uttar Pradesh""]","[""Noida""]",On-site,2,No prior experience,"[""Hindi"", ""English""]",No preference,Rural
CAND2026-00987,Undergraduate,BA,Public Administration,2028,8.4,"[""MS Excel"", ""Documentation"", ""Communication"", ""Research""]","[""Government"", ""E-Governance"", ""Rural Development""]","[""Government"", ""E-Governance"", ""Rural Development""]","[""Bihar""]","[""Patna""]",Hybrid,3,No prior experience,"[""Hindi"", ""English""]",No preference,Rural
CAND2026-00988,Undergraduate,BA,Social Work,2026,5.8,"[""Field Survey"", ""Community Engagement"", ""Communication"", ""Data Collection"", ""Documentation"", ""MS Excel""]","[""Rural Development"", ""Education"", ""Healthcare""]","[""Rural Development"", ""Education"", ""Healthcare"", ""Government""]","[""Tripura""]","[""Agartala""]",Remote,3,Academic project experience,"[""Hindi"", ""English"", ""Bengali""]",No preference,Urban
CAND2026-00989,Undergraduate,B.Sc.,Nursing,2027,7.1,"[""Patient Support"", ""Documentation"", ""Communication"", ""MS Excel"", ""Data Entry"", ""Teamwork""]","[""Healthcare"", ""Public Health""]","[""Healthcare"", ""Government"", ""Education""]","[""Telangana"", ""Himachal Pradesh""]","[""Hyderabad"", ""Shimla""]",On-site,4,No prior experience,"[""English"", ""Hindi"", ""Telugu""]",No preference,Urban
CAND2026-00990,Undergraduate,BA,Tourism,2028,8.4,"[""Customer Service"", ""Communication"", ""Tourism Operations"", ""Content Writing"", ""MS Excel"", ""Documentation""]","[""Tourism"", ""Hospitality"", ""Marketing""]","[""Tourism"", ""Marketing"", ""Logistics""]","[""Uttar Pradesh""]","[""Varanasi""]",Hybrid,6,No prior experience,"[""English"", ""Hindi""]",No preference,Urban
CAND2026-00991,Undergraduate,B.Tech,Computer Science,2026,5.8,"[""Python"", ""SQL""]","[""Data Science"", ""Software Development"", ""AI/ML""]","[""IT"", ""Software Development"", ""Data Science"", ""AI/ML""]","[""Jharkhand""]","[""Jamshedpur""]",On-site,2,0-1 internship experience,"[""English"", ""Hindi""]",No preference,Rural
CAND2026-00992,Undergraduate,B.Tech,Information Technology,2027,7.1,"[""Python"", ""JavaScript""]","[""Software Development"", ""Cybersecurity"", ""IT""]","[""Software Development"", ""Cybersecurity"", ""IT""]","[""Uttarakhand""]","[""Dehradun""]",Hybrid,3,No prior experience,"[""English"", ""Hindi""]",No preference,Rural
CAND2026-00993,Undergraduate,B.Tech,Artificial Intelligence,2028,8.4,"[""Python"", ""Machine Learning""]","[""AI/ML"", ""Data Science""]","[""AI/ML"", ""Data Science"", ""Software Development""]","[""Maharashtra"", ""Andhra Pradesh""]","[""Nagpur"", ""Visakhapatnam""]",Remote,3,No prior experience,"[""English"", ""Hindi"", ""Marathi""]",No preference,Urban
CAND2026-00994,Undergraduate,B.Tech,Mechanical Engineering,2026,5.8,"[""AutoCAD"", ""SolidWorks"", ""Manufacturing"", ""Quality Control""]","[""Manufacturing"", ""Automobile"", ""Infrastructure""]","[""Manufacturing"", ""Automobile"", ""Infrastructure""]","[""Gujarat""]","[""Ahmedabad""]",On-site,4,Academic project experience,"[""English"", ""Hindi"", ""Gujarati""]",No preference,Urban
CAND2026-00995,Undergraduate,B.Tech,Automobile Engineering,2027,7.1,"[""Automobile Engineering"", ""Diagnostics"", ""AutoCAD"", ""Testing""]","[""Automobile"", ""Manufacturing"", ""Renewable Energy""]","[""Automobile"", ""Manufacturing"", ""Renewable Energy""]","[""Madhya Pradesh""]","[""Indore""]",Hybrid,6,No prior experience,"[""English"", ""Hindi""]",No preference,Urban
CAND2026-00996,Undergraduate,B.Tech,Electronics and Communication,2028,8.4,"[""Embedded C"", ""Microcontrollers"", ""Networking"", ""PCB Design""]","[""Electronics"", ""Telecommunications"", ""IT""]","[""Electronics"", ""Telecommunications"", ""IT""]","[""Chandigarh""]","[""Chandigarh""]",On-site,2,No prior experience,"[""English"", ""Hindi"", ""Punjabi""]",No preference,Rural
CAND2026-00997,Undergraduate,B.Tech,Electrical Engineering,2026,5.8,"[""Electrical Safety"", ""Solar Energy"", ""AutoCAD"", ""MS Excel""]","[""Renewable Energy"", ""Electronics"", ""Infrastructure""]","[""Renewable Energy"", ""Electronics"", ""Infrastructure""]","[""Tamil Nadu"", ""Goa""]","[""Chennai"", ""Panaji""]",Hybrid,3,Academic project experience,"[""English"", ""Hindi"", ""Tamil""]",Accessible workplace preferred,Rural
CAND2026-00998,Undergraduate,B.Com,Commerce,2027,7.1,"[""MS Excel"", ""Accounting"", ""Tally"", ""Financial Analysis"", ""Communication"", ""Documentation""]","[""Finance"", ""Accounting"", ""Banking""]","[""Finance"", ""Banking"", ""Marketing""]","[""West Bengal""]","[""Kolkata""]",Remote,3,No prior experience,"[""English"", ""Hindi"", ""Bengali""]",No preference,Urban
CAND2026-00999,Undergraduate,BBA,Business Administration,2028,8.4,"[""MS Excel"", ""Communication"", ""Financial Analysis"", ""Digital Marketing"", ""Project Management"", ""Documentation""]","[""Finance"", ""Marketing"", ""HR""]","[""Finance"", ""Marketing"", ""HR"", ""Logistics""]","[""Kerala""]","[""Kochi""]",On-site,4,No prior experience,"[""English"", ""Hindi"", ""Malayalam""]",No preference,Urban
CAND2026-01000,Undergraduate,B.Sc.,Agriculture,2026,5.8,"[""Agriculture"", ""Field Survey"", ""Data Collection"", ""MS Excel"", ""Community Engagement"", ""Communication""]","[""Agriculture Technology"", ""Rural Development"", ""Sustainability""]","[""Agriculture"", ""Rural Development"", ""Renewable Energy""]","[""Andhra Pradesh""]","[""Vijayawada""]",Hybrid,6,Academic project experience,"[""English"", ""Hindi"", ""Telugu""]",No preference,Urban
CAND2026-01001,Undergraduate,B.Sc.,Data Science,2027,7.1,"[""Python"", ""SQL""]","[""Data Science"", ""Business Intelligence"", ""AI/ML""]","[""Data Science"", ""AI/ML"", ""IT""]","[""Tamil Nadu"", ""Karnataka""]","[""Madurai"", ""Mysuru""]",On-site,2,No prior experience,"[""English"", ""Hindi"", ""Tamil""]",No preference,Rural
CAND2026-01002,Undergraduate,BCA,Computer Applications,2028,8.4,"[""Python"", ""JavaScript""]","[""Software Development"", ""IT"", ""Data Science""]","[""Software Development"", ""IT"", ""Data Science""]","[""Odisha""]","[""Bhubaneswar""]",Hybrid,3,0-1 internship experience,"[""English"", ""Hindi"", ""Odia""]",No preference,Rural
CAND2026-01003,Diploma,Diploma,Civil Engineering,2027,5.7,"[""AutoCAD"", ""Site Survey""]","[""Infrastructure"", ""Construction"", ""Urban Development""]","[""Infrastructure"", ""Manufacturing"", ""Renewable Energy""]","[""Assam""]","[""Guwahati""]",Remote,3,Academic project experience,"[""Hindi"", ""English"", ""Assamese""]",No preference,Urban
CAND2026-01004,Diploma,Diploma,Electrical Engineering,2028,6.8,"[""Electrical Safety"", ""Solar Energy"", ""Testing"", ""Troubleshooting""]","[""Renewable Energy"", ""Electronics"", ""Infrastructure""]","[""Renewable Energy"", ""Electronics"", ""Telecommunications""]","[""Karnataka""]","[""Bengaluru""]",On-site,4,No prior experience,"[""Hindi"", ""English"", ""Kannada""]",No preference,Urban
CAND2026-01005,Undergraduate,BA,Public Administration,2028,8.4,"[""MS Excel"", ""Documentation"", ""Communication"", ""Research""]","[""Government"", ""E-Governance"", ""Rural Development""]","[""Government"", ""E-Governance"", ""Rural Development""]","[""Uttar Pradesh"", ""Telangana""]","[""Noida"", ""Warangal""]",Hybrid,6,No prior experience,"[""Hindi"", ""English""]",No preference,Urban
CAND2026-01006,Undergraduate,BA,Social Work,2026,5.8,"[""Field Survey"", ""Community Engagement"", ""Communication"", ""Data Collection""]","[""Rural Development"", ""Education"", ""Healthcare""]","[""Rural Development"", ""Education"", ""Healthcare"", ""Government""]","[""Bihar""]","[""Patna""]",On-site,2,Academic project experience,"[""Hindi"", ""English""]",No preference,Rural
CAND2026-01007,Undergraduate,B.Sc.,Nursing,2027,7.1,"[""Patient Support"", ""Documentation"", ""Communication"", ""MS Excel""]","[""Healthcare"", ""Public Health""]","[""Healthcare"", ""Government"", ""Education""]","[""Tripura""]","[""Agartala""]",Hybrid,3,No prior experience,"[""English"", ""Hindi"", ""Bengali""]",No preference,Rural
CAND2026-01008,Undergraduate,BA,Tourism,2028,8.4,"[""Customer Service"", ""Communication"", ""Tourism Operations"", ""Content Writing"", ""MS Excel"", ""Documentation""]","[""Tourism"", ""Hospitality"", ""Marketing""]","[""Tourism"", ""Marketing"", ""Logistics""]","[""Telangana""]","[""Hyderabad""]",Remote,3,No prior experience,"[""English"", ""Hindi"", ""Telugu""]",No preference,Urban
CAND2026-01009,Undergraduate,B.Tech,Computer Science,2026,5.8,"[""Python"", ""SQL"", ""Data Analysis"", ""Git"", ""React"", ""Machine Learning""]","[""Data Science"", ""Software Development"", ""AI/ML""]","[""IT"", ""Software Development"", ""Data Science"", ""AI/ML""]","[""Rajasthan"", ""Maharashtra""]","[""Jaipur"", ""Nagpur""]",On-site,4,Academic project experience,"[""English"", ""Hindi""]",Accessible workplace preferred,Urban
CAND2026-01010,Undergraduate,B.Tech,Information Technology,2027,7.1,"[""Python"", ""JavaScript"", ""React"", ""SQL"", ""Networking"", ""Git""]","[""Software Development"", ""Cybersecurity"", ""IT""]","[""Software Development"", ""Cybersecurity"", ""IT""]","[""Jharkhand""]","[""Jamshedpur""]",Hybrid,6,No prior experience,"[""English"", ""Hindi""]",No preference,Urban
CAND2026-01011,Undergraduate,B.Tech,Artificial Intelligence,2028,8.4,"[""Python"", ""Machine Learning""]","[""AI/ML"", ""Data Science""]","[""AI/ML"", ""Data Science"", ""Software Development""]","[""Uttarakhand""]","[""Dehradun""]",On-site,2,No prior experience,"[""English"", ""Hindi""]",No preference,Rural
CAND2026-01012,Undergraduate,B.Tech,Mechanical Engineering,2026,5.8,"[""AutoCAD"", ""SolidWorks""]","[""Manufacturing"", ""Automobile"", ""Infrastructure""]","[""Manufacturing"", ""Automobile"", ""Infrastructure""]","[""Maharashtra""]","[""Nagpur""]",Hybrid,3,Academic project experience,"[""English"", ""Hindi"", ""Marathi""]",No preference,Rural
CAND2026-01013,Undergraduate,B.Tech,Automobile Engineering,2027,7.1,"[""Automobile Engineering"", ""Diagnostics""]","[""Automobile"", ""Manufacturing"", ""Renewable Energy""]","[""Automobile"", ""Manufacturing"", ""Renewable Energy""]","[""Gujarat"", ""Tamil Nadu""]","[""Ahmedabad"", ""Chennai""]",Remote,3,0-1 internship experience,"[""English"", ""Hindi"", ""Gujarati""]",No preference,Urban
CAND2026-01014,Undergraduate,B.Tech,Electronics and Communication,2028,8.4,"[""Embedded C"", ""Microcontrollers"", ""Networking"", ""PCB Design""]","[""Electronics"", ""Telecommunications"", ""IT""]","[""Electronics"", ""Telecommunications"", ""IT""]","[""Madhya Pradesh""]","[""Indore""]",On-site,4,No prior experience,"[""English"", ""Hindi""]",No preference,Urban
CAND2026-01015,Undergraduate,B.Tech,Electrical Engineering,2026,5.8,"[""Electrical Safety"", ""Solar Energy"", ""AutoCAD"", ""MS Excel""]","[""Renewable Energy"", ""Electronics"", ""Infrastructure""]","[""Renewable Energy"", ""Electronics"", ""Infrastructure""]","[""Chandigarh""]","[""Chandigarh""]",Hybrid,6,Academic project experience,"[""English"", ""Hindi"", ""Punjabi""]",No preference,Urban
CAND2026-01016,Undergraduate,B.Com,Commerce,2027,7.1,"[""MS Excel"", ""Accounting"", ""Tally"", ""Financial Analysis""]","[""Finance"", ""Accounting"", ""Banking""]","[""Finance"", ""Banking"", ""Marketing""]","[""Tamil Nadu""]","[""Chennai""]",On-site,2,No prior experience,"[""English"", ""Hindi"", ""Tamil""]",No preference,Rural
CAND2026-01017,Undergraduate,BBA,Business Administration,2028,8.4,"[""MS Excel"", ""Communication"", ""Financial Analysis"", ""Digital Marketing""]","[""Finance"", ""Marketing"", ""HR""]","[""Finance"", ""Marketing"", ""HR"", ""Logistics""]","[""West Bengal"", ""Tamil Nadu""]","[""Kolkata"", ""Madurai""]",Hybrid,3,No prior experience,"[""English"", ""Hindi"", ""Bengali""]",No preference,Rural
CAND2026-01018,Undergraduate,B.Sc.,Agriculture,2026,5.8,"[""Agriculture"", ""Field Survey"", ""Data Collection"", ""MS Excel"", ""Community Engagement"", ""Communication""]","[""Agriculture Technology"", ""Rural Development"", ""Sustainability""]","[""Agriculture"", ""Rural Development"", ""Renewable Energy""]","[""Kerala""]","[""Kochi""]",Remote,3,Academic project experience,"[""English"", ""Hindi"", ""Malayalam""]",No preference,Urban
CAND2026-01019,Undergraduate,B.Sc.,Data Science,2027,7.1,"[""Python"", ""SQL"", ""Data Analysis"", ""Power BI"", ""Pandas"", ""MS Excel""]","[""Data Science"", ""Business Intelligence"", ""AI/ML""]","[""Data Science"", ""AI/ML"", ""IT""]","[""Andhra Pradesh""]","[""Vijayawada""]",On-site,4,No prior experience,"[""English"", ""Hindi"", ""Telugu""]",No preference,Urban
CAND2026-01020,Undergraduate,BCA,Computer Applications,2028,8.4,"[""Python"", ""JavaScript"", ""SQL"", ""React"", ""MS Excel"", ""Git""]","[""Software Development"", ""IT"", ""Data Science""]","[""Software Development"", ""IT"", ""Data Science""]","[""Tamil Nadu""]","[""Madurai""]",Hybrid,6,No prior experience,"[""English"", ""Hindi"", ""Tamil""]",No preference,Urban
CAND2026-01021,Diploma,Diploma,Civil Engineering,2025,6.5,"[""AutoCAD"", ""Site Survey""]","[""Infrastructure"", ""Construction"", ""Urban Development""]","[""Infrastructure"", ""Manufacturing"", ""Renewable Energy""]","[""Odisha"", ""Uttar Pradesh""]","[""Bhubaneswar"", ""Noida""]",On-site,2,Academic project experience,"[""Hindi"", ""English"", ""Odia""]",Accessible workplace preferred,Rural
CAND2026-01022,Diploma,Diploma,Electrical Engineering,2026,7.6,"[""Electrical Safety"", ""Solar Energy""]","[""Renewable Energy"", ""Electronics"", ""Infrastructure""]","[""Renewable Energy"", ""Electronics"", ""Telecommunications""]","[""Assam""]","[""Guwahati""]",Hybrid,3,No prior experience,"[""Hindi"", ""English"", ""Assamese""]",No preference,Rural
CAND2026-01023,Undergraduate,BA,Public Administration,2028,8.4,"[""MS Excel"", ""Documentation""]","[""Government"", ""E-Governance"", ""Rural Development""]","[""Government"", ""E-Governance"", ""Rural Development""]","[""Karnataka""]","[""Bengaluru""]",Remote,3,No prior experience,"[""Hindi"", ""English"", ""Kannada""]",No preference,Urban
CAND2026-01024,Undergraduate,BA,Social Work,2026,5.8,"[""Field Survey"", ""Community Engagement"", ""Communication"", ""Data Collection""]","[""Rural Development"", ""Education"", ""Healthcare""]","[""Rural Development"", ""Education"", ""Healthcare"", ""Government""]","[""Uttar Pradesh""]","[""Noida""]",On-site,4,0-1 internship experience,"[""Hindi"", ""English""]",No preference,Urban
CAND2026-01025,Undergraduate,B.Sc.,Nursing,2027,7.1,"[""Patient Support"", ""Documentation"", ""Communication"", ""MS Excel""]","[""Healthcare"", ""Public Health""]","[""Healthcare"", ""Government"", ""Education""]","[""Bihar"", ""Uttar Pradesh""]","[""Patna"", ""Varanasi""]",Hybrid,6,No prior experience,"[""English"", ""Hindi""]",No preference,Urban
CAND2026-01026,Undergraduate,BA,Tourism,2028,8.4,"[""Customer Service"", ""Communication"", ""Tourism Operations"", ""Content Writing""]","[""Tourism"", ""Hospitality"", ""Marketing""]","[""Tourism"", ""Marketing"", ""Logistics""]","[""Tripura""]","[""Agartala""]",On-site,2,No prior experience,"[""English"", ""Hindi"", ""Bengali""]",No preference,Rural
CAND2026-01027,Undergraduate,B.Tech,Computer Science,2026,5.8,"[""Python"", ""SQL"", ""Data Analysis"", ""Git""]","[""Data Science"", ""Software Development"", ""AI/ML""]","[""IT"", ""Software Development"", ""Data Science"", ""AI/ML""]","[""Telangana""]","[""Warangal""]",Hybrid,3,Academic project experience,"[""English"", ""Hindi"", ""Telugu""]",No preference,Rural
CAND2026-01028,Undergraduate,B.Tech,Information Technology,2027,7.1,"[""Python"", ""JavaScript"", ""React"", ""SQL"", ""Networking"", ""Git""]","[""Software Development"", ""Cybersecurity"", ""IT""]","[""Software Development"", ""Cybersecurity"", ""IT""]","[""Rajasthan""]","[""Jaipur""]",Remote,3,No prior experience,"[""English"", ""Hindi""]",No preference,Urban
CAND2026-01029,Undergraduate,B.Tech,Artificial Intelligence,2028,8.4,"[""Python"", ""Machine Learning"", ""Pandas"", ""Scikit-learn"", ""Data Analysis"", ""SQL""]","[""AI/ML"", ""Data Science""]","[""AI/ML"", ""Data Science"", ""Software Development""]","[""Jharkhand"", ""Rajasthan""]","[""Jamshedpur"", ""Udaipur""]",On-site,4,No prior experience,"[""English"", ""Hindi""]",No preference,Urban
CAND2026-01030,Undergraduate,B.Tech,Mechanical Engineering,2026,5.8,"[""AutoCAD"", ""SolidWorks"", ""Manufacturing"", ""Quality Control"", ""MS Excel"", ""Testing""]","[""Manufacturing"", ""Automobile"", ""Infrastructure""]","[""Manufacturing"", ""Automobile"", ""Infrastructure""]","[""Uttarakhand""]","[""Dehradun""]",Hybrid,6,Academic project experience,"[""English"", ""Hindi""]",No preference,Urban
CAND2026-01031,Undergraduate,B.Tech,Automobile Engineering,2027,7.1,"[""Automobile Engineering"", ""Diagnostics""]","[""Automobile"", ""Manufacturing"", ""Renewable Energy""]","[""Automobile"", ""Manufacturing"", ""Renewable Energy""]","[""Maharashtra""]","[""Nagpur""]",On-site,2,No prior experience,"[""English"", ""Hindi"", ""Marathi""]",No preference,Rural
CAND2026-01032,Undergraduate,B.Tech,Electronics and Communication,2028,8.4,"[""Embedded C"", ""Microcontrollers""]","[""Electronics"", ""Telecommunications"", ""IT""]","[""Electronics"", ""Telecommunications"", ""IT""]","[""Gujarat""]","[""Ahmedabad""]",Hybrid,3,No prior experience,"[""English"", ""Hindi"", ""Gujarati""]",No preference,Rural
CAND2026-01033,Undergraduate,B.Tech,Electrical Engineering,2026,5.8,"[""Electrical Safety"", ""Solar Energy""]","[""Renewable Energy"", ""Electronics"", ""Infrastructure""]","[""Renewable Energy"", ""Electronics"", ""Infrastructure""]","[""Madhya Pradesh"", ""Gujarat""]","[""Indore"", ""Surat""]",Remote,3,Academic project experience,"[""English"", ""Hindi""]",Accessible workplace preferred,Urban
CAND2026-01034,Undergraduate,B.Com,Commerce,2027,7.1,"[""MS Excel"", ""Accounting"", ""Tally"", ""Financial Analysis""]","[""Finance"", ""Accounting"", ""Banking""]","[""Finance"", ""Banking"", ""Marketing""]","[""Chandigarh""]","[""Chandigarh""]",On-site,4,No prior experience,"[""English"", ""Hindi"", ""Punjabi""]",No preference,Urban
CAND2026-01035,Undergraduate,BBA,Business Administration,2028,8.4,"[""MS Excel"", ""Communication"", ""Financial Analysis"", ""Digital Marketing""]","[""Finance"", ""Marketing"", ""HR""]","[""Finance"", ""Marketing"", ""HR"", ""Logistics""]","[""Tamil Nadu""]","[""Chennai""]",Hybrid,6,0-1 internship experience,"[""English"", ""Hindi"", ""Tamil""]",No preference,Urban
CAND2026-01036,Undergraduate,B.Sc.,Agriculture,2026,5.8,"[""Agriculture"", ""Field Survey"", ""Data Collection"", ""MS Excel""]","[""Agriculture Technology"", ""Rural Development"", ""Sustainability""]","[""Agriculture"", ""Rural Development"", ""Renewable Energy""]","[""West Bengal""]","[""Kolkata""]",On-site,2,Academic project experience,"[""English"", ""Hindi"", ""Bengali""]",No preference,Rural
CAND2026-01037,Undergraduate,B.Sc.,Data Science,2027,7.1,"[""Python"", ""SQL"", ""Data Analysis"", ""Power BI""]","[""Data Science"", ""Business Intelligence"", ""AI/ML""]","[""Data Science"", ""AI/ML"", ""IT""]","[""Kerala"", ""West Bengal""]","[""Kochi"", ""Siliguri""]",Hybrid,3,No prior experience,"[""English"", ""Hindi"", ""Malayalam""]",No preference,Rural
CAND2026-01038,Undergraduate,BCA,Computer Applications,2028,8.4,"[""Python"", ""JavaScript"", ""SQL"", ""React"", ""MS Excel"", ""Git""]","[""Software Development"", ""IT"", ""Data Science""]","[""Software Development"", ""IT"", ""Data Science""]","[""Andhra Pradesh""]","[""Vijayawada""]",Remote,3,No prior experience,"[""English"", ""Hindi"", ""Telugu""]",No preference,Urban
CAND2026-01039,Diploma,Diploma,Civil Engineering,2027,7.3,"[""AutoCAD"", ""Site Survey"", ""MS Excel"", ""Documentation"", ""Project Management"", ""Testing""]","[""Infrastructure"", ""Construction"", ""Urban Development""]","[""Infrastructure"", ""Manufacturing"", ""Renewable Energy""]","[""Tamil Nadu""]","[""Madurai""]",On-site,4,Academic project experience,"[""Hindi"", ""English"", ""Tamil""]",No preference,Urban
CAND2026-01040,Diploma,Diploma,Electrical Engineering,2028,8.4,"[""Electrical Safety"", ""Solar Energy"", ""Testing"", ""Troubleshooting"", ""MS Excel"", ""AutoCAD""]","[""Renewable Energy"", ""Electronics"", ""Infrastructure""]","[""Renewable Energy"", ""Electronics"", ""Telecommunications""]","[""Odisha""]","[""Bhubaneswar""]",Hybrid,6,No prior experience,"[""Hindi"", ""English"", ""Odia""]",No preference,Urban
CAND2026-01041,Undergraduate,BA,Public Administration,2028,8.4,"[""MS Excel"", ""Documentation""]","[""Government"", ""E-Governance"", ""Rural Development""]","[""Government"", ""E-Governance"", ""Rural Development""]","[""Assam"", ""Odisha""]","[""Guwahati"", ""Cuttack""]",On-site,2,No prior experience,"[""Hindi"", ""English"", ""Assamese""]",No preference,Rural
CAND2026-01042,Undergraduate,BA,Social Work,2026,5.8,"[""Field Survey"", ""Community Engagement""]","[""Rural Development"", ""Education"", ""Healthcare""]","[""Rural Development"", ""Education"", ""Healthcare"", ""Government""]","[""Karnataka""]","[""Bengaluru""]",Hybrid,3,Academic project experience,"[""Hindi"", ""English"", ""Kannada""]",No preference,Rural
CAND2026-01043,Undergraduate,B.Sc.,Nursing,2027,7.1,"[""Patient Support"", ""Documentation""]","[""Healthcare"", ""Public Health""]","[""Healthcare"", ""Government"", ""Education""]","[""Uttar Pradesh""]","[""Noida""]",Remote,3,No prior experience,"[""English"", ""Hindi""]",No preference,Urban
CAND2026-01044,Undergraduate,BA,Tourism,2028,8.4,"[""Customer Service"", ""Communication"", ""Tourism Operations"", ""Content Writing""]","[""Tourism"", ""Hospitality"", ""Marketing""]","[""Tourism"", ""Marketing"", ""Logistics""]","[""Bihar""]","[""Patna""]",On-site,4,No prior experience,"[""English"", ""Hindi""]",No preference,Urban
CAND2026-01045,Undergraduate,B.Tech,Computer Science,2026,5.8,"[""Python"", ""SQL"", ""Data Analysis"", ""Git""]","[""Data Science"", ""Software Development"", ""AI/ML""]","[""IT"", ""Software Development"", ""Data Science"", ""AI/ML""]","[""Manipur"", ""Bihar""]","[""Imphal"", ""Gaya""]",Hybrid,6,Academic project experience,"[""English"", ""Hindi"", ""Manipuri""]",Accessible workplace preferred,Urban
CAND2026-01046,Undergraduate,B.Tech,Information Technology,2027,7.1,"[""Python"", ""JavaScript"", ""React"", ""SQL""]","[""Software Development"", ""Cybersecurity"", ""IT""]","[""Software Development"", ""Cybersecurity"", ""IT""]","[""Telangana""]","[""Warangal""]",On-site,2,0-1 internship experience,"[""English"", ""Hindi"", ""Telugu""]",No preference,Rural
CAND2026-01047,Undergraduate,B.Tech,Artificial Intelligence,2028,8.4,"[""Python"", ""Machine Learning"", ""Pandas"", ""Scikit-learn""]","[""AI/ML"", ""Data Science""]","[""AI/ML"", ""Data Science"", ""Software Development""]","[""Rajasthan""]","[""Jaipur""]",Hybrid,3,No prior experience,"[""English"", ""Hindi""]",No preference,Rural
CAND2026-01048,Undergraduate,B.Tech,Mechanical Engineering,2026,5.8,"[""AutoCAD"", ""SolidWorks"", ""Manufacturing"", ""Quality Control"", ""MS Excel"", ""Testing""]","[""Manufacturing"", ""Automobile"", ""Infrastructure""]","[""Manufacturing"", ""Automobile"", ""Infrastructure""]","[""Jharkhand""]","[""Jamshedpur""]",Remote,3,Academic project experience,"[""English"", ""Hindi""]",No preference,Urban
CAND2026-01049,Undergraduate,B.Tech,Automobile Engineering,2027,7.1,"[""Automobile Engineering"", ""Diagnostics"", ""AutoCAD"", ""Testing"", ""Electrical Safety""]","[""Automobile"", ""Manufacturing"", ""Renewable Energy""]","[""Automobile"", ""Manufacturing"", ""Renewable Energy""]","[""Uttarakhand"", ""Jharkhand""]","[""Dehradun"", ""Jamshedpur""]",On-site,4,No prior experience,"[""English"", ""Hindi""]",No preference,Urban
CAND2026-01050,Undergraduate,B.Tech,Electronics and Communication,2028,8.4,"[""Embedded C"", ""Microcontrollers"", ""Networking"", ""PCB Design"", ""Troubleshooting"", ""Arduino""]","[""Electronics"", ""Telecommunications"", ""IT""]","[""Electronics"", ""Telecommunications"", ""IT""]","[""Maharashtra""]","[""Nagpur""]",Hybrid,6,No prior experience,"[""English"", ""Hindi"", ""Marathi""]",No preference,Urban
CAND2026-01051,Undergraduate,B.Tech,Electrical Engineering,2026,5.8,"[""Electrical Safety"", ""Solar Energy""]","[""Renewable Energy"", ""Electronics"", ""Infrastructure""]","[""Renewable Energy"", ""Electronics"", ""Infrastructure""]","[""Gujarat""]","[""Ahmedabad""]",On-site,2,Academic project experience,"[""English"", ""Hindi"", ""Gujarati""]",No preference,Rural
CAND2026-01052,Undergraduate,B.Com,Commerce,2027,7.1,"[""MS Excel"", ""Accounting""]","[""Finance"", ""Accounting"", ""Banking""]","[""Finance"", ""Banking"", ""Marketing""]","[""Madhya Pradesh""]","[""Indore""]",Hybrid,3,No prior experience,"[""English"", ""Hindi""]",No preference,Rural
CAND2026-01053,Undergraduate,BBA,Business Administration,2028,8.4,"[""MS Excel"", ""Communication""]","[""Finance"", ""Marketing"", ""HR""]","[""Finance"", ""Marketing"", ""HR"", ""Logistics""]","[""Chandigarh"", ""Madhya Pradesh""]","[""Chandigarh"", ""Indore""]",Remote,3,No prior experience,"[""English"", ""Hindi"", ""Punjabi""]",No preference,Urban
CAND2026-01054,Undergraduate,B.Sc.,Agriculture,2026,5.8,"[""Agriculture"", ""Field Survey"", ""Data Collection"", ""MS Excel""]","[""Agriculture Technology"", ""Rural Development"", ""Sustainability""]","[""Agriculture"", ""Rural Development"", ""Renewable Energy""]","[""Tamil Nadu""]","[""Chennai""]",On-site,4,Academic project experience,"[""English"", ""Hindi"", ""Tamil""]",No preference,Urban
CAND2026-01055,Undergraduate,B.Sc.,Data Science,2027,7.1,"[""Python"", ""SQL"", ""Data Analysis"", ""Power BI""]","[""Data Science"", ""Business Intelligence"", ""AI/ML""]","[""Data Science"", ""AI/ML"", ""IT""]","[""West Bengal""]","[""Kolkata""]",Hybrid,6,No prior experience,"[""English"", ""Hindi"", ""Bengali""]",No preference,Urban
CAND2026-01056,Undergraduate,BCA,Computer Applications,2028,8.4,"[""Python"", ""JavaScript"", ""SQL"", ""React""]","[""Software Development"", ""IT"", ""Data Science""]","[""Software Development"", ""IT"", ""Data Science""]","[""Kerala""]","[""Kochi""]",On-site,2,No prior experience,"[""English"", ""Hindi"", ""Malayalam""]",No preference,Rural
CAND2026-01057,Diploma,Diploma,Civil Engineering,2025,8.1,"[""AutoCAD"", ""Site Survey"", ""MS Excel"", ""Documentation""]","[""Infrastructure"", ""Construction"", ""Urban Development""]","[""Infrastructure"", ""Manufacturing"", ""Renewable Energy""]","[""Andhra Pradesh"", ""Kerala""]","[""Vijayawada"", ""Kochi""]",Hybrid,3,0-1 internship experience,"[""Hindi"", ""English"", ""Telugu""]",Accessible workplace preferred,Rural
CAND2026-01058,Diploma,Diploma,Electrical Engineering,2026,9.2,"[""Electrical Safety"", ""Solar Energy"", ""Testing"", ""Troubleshooting"", ""MS Excel"", ""AutoCAD""]","[""Renewable Energy"", ""Electronics"", ""Infrastructure""]","[""Renewable Energy"", ""Electronics"", ""Telecommunications""]","[""Tamil Nadu""]","[""Madurai""]",Remote,3,No prior experience,"[""Hindi"", ""English"", ""Tamil""]",No preference,Urban
CAND2026-01059,Undergraduate,BA,Public Administration,2028,8.4,"[""MS Excel"", ""Documentation"", ""Communication"", ""Research"", ""Data Entry"", ""Digital Literacy""]","[""Government"", ""E-Governance"", ""Rural Development""]","[""Government"", ""E-Governance"", ""Rural Development""]","[""Odisha""]","[""Bhubaneswar""]",On-site,4,No prior experience,"[""Hindi"", ""English"", ""Odia""]",No preference,Urban
CAND2026-01060,Undergraduate,BA,Social Work,2026,5.8,"[""Field Survey"", ""Community Engagement"", ""Communication"", ""Data Collection"", ""Documentation"", ""MS Excel""]","[""Rural Development"", ""Education"", ""Healthcare""]","[""Rural Development"", ""Education"", ""Healthcare"", ""Government""]","[""Assam""]","[""Guwahati""]",Hybrid,6,Academic project experience,"[""Hindi"", ""English"", ""Assamese""]",No preference,Urban
CAND2026-01061,Undergraduate,B.Sc.,Nursing,2027,7.1,"[""Patient Support"", ""Documentation""]","[""Healthcare"", ""Public Health""]","[""Healthcare"", ""Government"", ""Education""]","[""Karnataka"", ""Assam""]","[""Bengaluru"", ""Guwahati""]",On-site,2,No prior experience,"[""English"", ""Hindi"", ""Kannada""]",No preference,Rural
CAND2026-01062,Undergraduate,BA,Tourism,2028,8.4,"[""Customer Service"", ""Communication""]","[""Tourism"", ""Hospitality"", ""Marketing""]","[""Tourism"", ""Marketing"", ""Logistics""]","[""Uttar Pradesh""]","[""Noida""]",Hybrid,3,No prior experience,"[""English"", ""Hindi""]",No preference,Rural
CAND2026-01063,Undergraduate,B.Tech,Computer Science,2026,5.8,"[""Python"", ""SQL""]","[""Data Science"", ""Software Development"", ""AI/ML""]","[""IT"", ""Software Development"", ""Data Science"", ""AI/ML""]","[""Bihar""]","[""Gaya""]",Remote,3,Academic project experience,"[""English"", ""Hindi""]",No preference,Urban
CAND2026-01064,Undergraduate,B.Tech,Information Technology,2027,7.1,"[""Python"", ""JavaScript"", ""React"", ""SQL""]","[""Software Development"", ""Cybersecurity"", ""IT""]","[""Software Development"", ""Cybersecurity"", ""IT""]","[""Manipur""]","[""Imphal""]",On-site,4,No prior experience,"[""English"", ""Hindi"", ""Manipuri""]",No preference,Urban
CAND2026-01065,Undergraduate,B.Tech,Artificial Intelligence,2028,8.4,"[""Python"", ""Machine Learning"", ""Pandas"", ""Scikit-learn""]","[""AI/ML"", ""Data Science""]","[""AI/ML"", ""Data Science"", ""Software Development""]","[""Telangana"", ""Tripura""]","[""Warangal"", ""Agartala""]",Hybrid,6,No prior experience,"[""English"", ""Hindi"", ""Telugu""]",No preference,Urban
CAND2026-01066,Undergraduate,B.Tech,Mechanical Engineering,2026,5.8,"[""AutoCAD"", ""SolidWorks"", ""Manufacturing"", ""Quality Control""]","[""Manufacturing"", ""Automobile"", ""Infrastructure""]","[""Manufacturing"", ""Automobile"", ""Infrastructure""]","[""Rajasthan""]","[""Jaipur""]",On-site,2,Academic project experience,"[""English"", ""Hindi""]",No preference,Rural
CAND2026-01067,Undergraduate,B.Tech,Automobile Engineering,2027,7.1,"[""Automobile Engineering"", ""Diagnostics"", ""AutoCAD"", ""Testing""]","[""Automobile"", ""Manufacturing"", ""Renewable Energy""]","[""Automobile"", ""Manufacturing"", ""Renewable Energy""]","[""Jharkhand""]","[""Jamshedpur""]",Hybrid,3,No prior experience,"[""English"", ""Hindi""]",No preference,Rural
CAND2026-01068,Undergraduate,B.Tech,Electronics and Communication,2028,8.4,"[""Embedded C"", ""Microcontrollers"", ""Networking"", ""PCB Design"", ""Troubleshooting"", ""Arduino""]","[""Electronics"", ""Telecommunications"", ""IT""]","[""Electronics"", ""Telecommunications"", ""IT""]","[""Uttarakhand""]","[""Dehradun""]",Remote,3,0-1 internship experience,"[""English"", ""Hindi""]",No preference,Urban
CAND2026-01069,Undergraduate,B.Tech,Electrical Engineering,2026,5.8,"[""Electrical Safety"", ""Solar Energy"", ""AutoCAD"", ""MS Excel"", ""Testing"", ""Microcontrollers""]","[""Renewable Energy"", ""Electronics"", ""Infrastructure""]","[""Renewable Energy"", ""Electronics"", ""Infrastructure""]","[""Maharashtra"", ""Jammu and Kashmir""]","[""Nagpur"", ""Srinagar""]",On-site,4,Academic project experience,"[""English"", ""Hindi"", ""Marathi""]",Accessible workplace preferred,Urban
CAND2026-01070,Undergraduate,B.Com,Commerce,2027,7.1,"[""MS Excel"", ""Accounting"", ""Tally"", ""Financial Analysis"", ""Communication"", ""Documentation""]","[""Finance"", ""Accounting"", ""Banking""]","[""Finance"", ""Banking"", ""Marketing""]","[""Gujarat""]","[""Ahmedabad""]",Hybrid,6,No prior experience,"[""English"", ""Hindi"", ""Gujarati""]",No preference,Urban
CAND2026-01071,Undergraduate,BBA,Business Administration,2028,8.4,"[""MS Excel"", ""Communication""]","[""Finance"", ""Marketing"", ""HR""]","[""Finance"", ""Marketing"", ""HR"", ""Logistics""]","[""Madhya Pradesh""]","[""Indore""]",On-site,2,No prior experience,"[""English"", ""Hindi""]",No preference,Rural
CAND2026-01072,Undergraduate,B.Sc.,Agriculture,2026,5.8,"[""Agriculture"", ""Field Survey""]","[""Agriculture Technology"", ""Rural Development"", ""Sustainability""]","[""Agriculture"", ""Rural Development"", ""Renewable Energy""]","[""Chandigarh""]","[""Chandigarh""]",Hybrid,3,Academic project experience,"[""English"", ""Hindi"", ""Punjabi""]",No preference,Rural
CAND2026-01073,Undergraduate,B.Sc.,Data Science,2027,7.1,"[""Python"", ""SQL""]","[""Data Science"", ""Business Intelligence"", ""AI/ML""]","[""Data Science"", ""AI/ML"", ""IT""]","[""Tamil Nadu"", ""Himachal Pradesh""]","[""Chennai"", ""Shimla""]",Remote,3,No prior experience,"[""English"", ""Hindi"", ""Tamil""]",No preference,Urban
CAND2026-01074,Undergraduate,BCA,Computer Applications,2028,8.4,"[""Python"", ""JavaScript"", ""SQL"", ""React""]","[""Software Development"", ""IT"", ""Data Science""]","[""Software Development"", ""IT"", ""Data Science""]","[""West Bengal""]","[""Kolkata""]",On-site,4,No prior experience,"[""English"", ""Hindi"", ""Bengali""]",No preference,Urban
CAND2026-01075,Diploma,Diploma,Civil Engineering,2027,8.9,"[""AutoCAD"", ""Site Survey"", ""MS Excel"", ""Documentation""]","[""Infrastructure"", ""Construction"", ""Urban Development""]","[""Infrastructure"", ""Manufacturing"", ""Renewable Energy""]","[""Kerala""]","[""Kochi""]",Hybrid,6,Academic project experience,"[""Hindi"", ""English"", ""Malayalam""]",No preference,Urban
CAND2026-01076,Diploma,Diploma,Electrical Engineering,2028,6.2,"[""Electrical Safety"", ""Solar Energy"", ""Testing"", ""Troubleshooting""]","[""Renewable Energy"", ""Electronics"", ""Infrastructure""]","[""Renewable Energy"", ""Electronics"", ""Telecommunications""]","[""Andhra Pradesh""]","[""Vijayawada""]",On-site,2,No prior experience,"[""Hindi"", ""English"", ""Telugu""]",No preference,Rural
CAND2026-01077,Undergraduate,BA,Public Administration,2028,8.4,"[""MS Excel"", ""Documentation"", ""Communication"", ""Research""]","[""Government"", ""E-Governance"", ""Rural Development""]","[""Government"", ""E-Governance"", ""Rural Development""]","[""Tamil Nadu"", ""Andhra Pradesh""]","[""Madurai"", ""Visakhapatnam""]",Hybrid,3,No prior experience,"[""Hindi"", ""English"", ""Tamil""]",No preference,Rural
CAND2026-01078,Undergraduate,BA,Social Work,2026,5.8,"[""Field Survey"", ""Community Engagement"", ""Communication"", ""Data Collection"", ""Documentation"", ""MS Excel""]","[""Rural Development"", ""Education"", ""Healthcare""]","[""Rural Development"", ""Education"", ""Healthcare"", ""Government""]","[""Odisha""]","[""Bhubaneswar""]",Remote,3,Academic project experience,"[""Hindi"", ""English"", ""Odia""]",No preference,Urban
CAND2026-01079,Undergraduate,B.Sc.,Nursing,2027,7.1,"[""Patient Support"", ""Documentation"", ""Communication"", ""MS Excel"", ""Data Entry"", ""Teamwork""]","[""Healthcare"", ""Public Health""]","[""Healthcare"", ""Government"", ""Education""]","[""Assam""]","[""Guwahati""]",On-site,4,0-1 internship experience,"[""English"", ""Hindi"", ""Assamese""]",No preference,Urban
CAND2026-01080,Undergraduate,BA,Tourism,2028,8.4,"[""Customer Service"", ""Communication"", ""Tourism Operations"", ""Content Writing"", ""MS Excel"", ""Documentation""]","[""Tourism"", ""Hospitality"", ""Marketing""]","[""Tourism"", ""Marketing"", ""Logistics""]","[""Karnataka""]","[""Bengaluru""]",Hybrid,6,No prior experience,"[""English"", ""Hindi"", ""Kannada""]",No preference,Urban
CAND2026-01081,Undergraduate,B.Tech,Computer Science,2026,5.8,"[""Python"", ""SQL""]","[""Data Science"", ""Software Development"", ""AI/ML""]","[""IT"", ""Software Development"", ""Data Science"", ""AI/ML""]","[""Uttar Pradesh"", ""Goa""]","[""Lucknow"", ""Panaji""]",On-site,2,Academic project experience,"[""English"", ""Hindi""]",Accessible workplace preferred,Rural
CAND2026-01082,Undergraduate,B.Tech,Information Technology,2027,7.1,"[""Python"", ""JavaScript""]","[""Software Development"", ""Cybersecurity"", ""IT""]","[""Software Development"", ""Cybersecurity"", ""IT""]","[""Bihar""]","[""Gaya""]",Hybrid,3,No prior experience,"[""English"", ""Hindi""]",No preference,Rural
CAND2026-01083,Undergraduate,B.Tech,Artificial Intelligence,2028,8.4,"[""Python"", ""Machine Learning""]","[""AI/ML"", ""Data Science""]","[""AI/ML"", ""Data Science"", ""Software Development""]","[""Manipur""]","[""Imphal""]",Remote,3,No prior experience,"[""English"", ""Hindi"", ""Manipuri""]",No preference,Urban
CAND2026-01084,Undergraduate,B.Tech,Mechanical Engineering,2026,5.8,"[""AutoCAD"", ""SolidWorks"", ""Manufacturing"", ""Quality Control""]","[""Manufacturing"", ""Automobile"", ""Infrastructure""]","[""Manufacturing"", ""Automobile"", ""Infrastructure""]","[""Telangana""]","[""Warangal""]",On-site,4,Academic project experience,"[""English"", ""Hindi"", ""Telugu""]",No preference,Urban
CAND2026-01085,Undergraduate,B.Tech,Automobile Engineering,2027,7.1,"[""Automobile Engineering"", ""Diagnostics"", ""AutoCAD"", ""Testing""]","[""Automobile"", ""Manufacturing"", ""Renewable Energy""]","[""Automobile"", ""Manufacturing"", ""Renewable Energy""]","[""Rajasthan"", ""Karnataka""]","[""Jaipur"", ""Mysuru""]",Hybrid,6,No prior experience,"[""English"", ""Hindi""]",No preference,Urban
CAND2026-01086,Undergraduate,B.Tech,Electronics and Communication,2028,8.4,"[""Embedded C"", ""Microcontrollers"", ""Networking"", ""PCB Design""]","[""Electronics"", ""Telecommunications"", ""IT""]","[""Electronics"", ""Telecommunications"", ""IT""]","[""Jharkhand""]","[""Jamshedpur""]",On-site,2,No prior experience,"[""English"", ""Hindi""]",No preference,Rural
CAND2026-01087,Undergraduate,B.Tech,Electrical Engineering,2026,5.8,"[""Electrical Safety"", ""Solar Energy"", ""AutoCAD"", ""MS Excel""]","[""Renewable Energy"", ""Electronics"", ""Infrastructure""]","[""Renewable Energy"", ""Electronics"", ""Infrastructure""]","[""Uttarakhand""]","[""Dehradun""]",Hybrid,3,Academic project experience,"[""English"", ""Hindi""]",No preference,Rural
CAND2026-01088,Undergraduate,B.Com,Commerce,2027,7.1,"[""MS Excel"", ""Accounting"", ""Tally"", ""Financial Analysis"", ""Communication"", ""Documentation""]","[""Finance"", ""Accounting"", ""Banking""]","[""Finance"", ""Banking"", ""Marketing""]","[""Maharashtra""]","[""Nagpur""]",Remote,3,No prior experience,"[""English"", ""Hindi"", ""Marathi""]",No preference,Urban
CAND2026-01089,Undergraduate,BBA,Business Administration,2028,8.4,"[""MS Excel"", ""Communication"", ""Financial Analysis"", ""Digital Marketing"", ""Project Management"", ""Documentation""]","[""Finance"", ""Marketing"", ""HR""]","[""Finance"", ""Marketing"", ""HR"", ""Logistics""]","[""Gujarat"", ""Telangana""]","[""Ahmedabad"", ""Warangal""]",On-site,4,No prior experience,"[""English"", ""Hindi"", ""Gujarati""]",No preference,Urban
CAND2026-01090,Undergraduate,B.Sc.,Agriculture,2026,5.8,"[""Agriculture"", ""Field Survey"", ""Data Collection"", ""MS Excel"", ""Community Engagement"", ""Communication""]","[""Agriculture Technology"", ""Rural Development"", ""Sustainability""]","[""Agriculture"", ""Rural Development"", ""Renewable Energy""]","[""Madhya Pradesh""]","[""Indore""]",Hybrid,6,0-1 internship experience,"[""English"", ""Hindi""]",No preference,Urban
CAND2026-01091,Undergraduate,B.Sc.,Data Science,2027,7.1,"[""Python"", ""SQL""]","[""Data Science"", ""Business Intelligence"", ""AI/ML""]","[""Data Science"", ""AI/ML"", ""IT""]","[""Chandigarh""]","[""Chandigarh""]",On-site,2,No prior experience,"[""English"", ""Hindi"", ""Punjabi""]",No preference,Rural
CAND2026-01092,Undergraduate,BCA,Computer Applications,2028,8.4,"[""Python"", ""JavaScript""]","[""Software Development"", ""IT"", ""Data Science""]","[""Software Development"", ""IT"", ""Data Science""]","[""Tamil Nadu""]","[""Chennai""]",Hybrid,3,No prior experience,"[""English"", ""Hindi"", ""Tamil""]",No preference,Rural
CAND2026-01093,Diploma,Diploma,Civil Engineering,2025,5.9,"[""AutoCAD"", ""Site Survey""]","[""Infrastructure"", ""Construction"", ""Urban Development""]","[""Infrastructure"", ""Manufacturing"", ""Renewable Energy""]","[""West Bengal"", ""Maharashtra""]","[""Kolkata"", ""Nagpur""]",Remote,3,Academic project experience,"[""Hindi"", ""English"", ""Bengali""]",Accessible workplace preferred,Urban
CAND2026-01094,Diploma,Diploma,Electrical Engineering,2026,7.0,"[""Electrical Safety"", ""Solar Energy"", ""Testing"", ""Troubleshooting""]","[""Renewable Energy"", ""Electronics"", ""Infrastructure""]","[""Renewable Energy"", ""Electronics"", ""Telecommunications""]","[""Kerala""]","[""Kochi""]",On-site,4,No prior experience,"[""Hindi"", ""English"", ""Malayalam""]",No preference,Urban
CAND2026-01095,Undergraduate,BA,Public Administration,2028,8.4,"[""MS Excel"", ""Documentation"", ""Communication"", ""Research""]","[""Government"", ""E-Governance"", ""Rural Development""]","[""Government"", ""E-Governance"", ""Rural Development""]","[""Andhra Pradesh""]","[""Vijayawada""]",Hybrid,6,No prior experience,"[""Hindi"", ""English"", ""Telugu""]",No preference,Urban
CAND2026-01096,Undergraduate,BA,Social Work,2026,5.8,"[""Field Survey"", ""Community Engagement"", ""Communication"", ""Data Collection""]","[""Rural Development"", ""Education"", ""Healthcare""]","[""Rural Development"", ""Education"", ""Healthcare"", ""Government""]","[""Tamil Nadu""]","[""Madurai""]",On-site,2,Academic project experience,"[""Hindi"", ""English"", ""Tamil""]",No preference,Rural
CAND2026-01097,Undergraduate,B.Sc.,Nursing,2027,7.1,"[""Patient Support"", ""Documentation"", ""Communication"", ""MS Excel""]","[""Healthcare"", ""Public Health""]","[""Healthcare"", ""Government"", ""Education""]","[""Odisha"", ""Tamil Nadu""]","[""Bhubaneswar"", ""Chennai""]",Hybrid,3,No prior experience,"[""English"", ""Hindi"", ""Odia""]",No preference,Rural
CAND2026-01098,Undergraduate,BA,Tourism,2028,8.4,"[""Customer Service"", ""Communication"", ""Tourism Operations"", ""Content Writing"", ""MS Excel"", ""Documentation""]","[""Tourism"", ""Hospitality"", ""Marketing""]","[""Tourism"", ""Marketing"", ""Logistics""]","[""Assam""]","[""Guwahati""]",Remote,3,No prior experience,"[""English"", ""Hindi"", ""Assamese""]",No preference,Urban
CAND2026-01099,Undergraduate,B.Tech,Computer Science,2026,5.8,"[""Python"", ""SQL"", ""Data Analysis"", ""Git"", ""React"", ""Machine Learning""]","[""Data Science"", ""Software Development"", ""AI/ML""]","[""IT"", ""Software Development"", ""Data Science"", ""AI/ML""]","[""Karnataka""]","[""Mysuru""]",On-site,4,Academic project experience,"[""English"", ""Hindi"", ""Kannada""]",No preference,Urban
CAND2026-01100,Undergraduate,B.Tech,Information Technology,2027,7.1,"[""Python"", ""JavaScript"", ""React"", ""SQL"", ""Networking"", ""Git""]","[""Software Development"", ""Cybersecurity"", ""IT""]","[""Software Development"", ""Cybersecurity"", ""IT""]","[""Uttar Pradesh""]","[""Lucknow""]",Hybrid,6,No prior experience,"[""English"", ""Hindi""]",No preference,Urban
CAND2026-01101,Undergraduate,B.Tech,Artificial Intelligence,2028,8.4,"[""Python"", ""Machine Learning""]","[""AI/ML"", ""Data Science""]","[""AI/ML"", ""Data Science"", ""Software Development""]","[""Bihar"", ""Tamil Nadu""]","[""Gaya"", ""Madurai""]",On-site,2,0-1 internship experience,"[""English"", ""Hindi""]",No preference,Rural
CAND2026-01102,Undergraduate,B.Tech,Mechanical Engineering,2026,5.8,"[""AutoCAD"", ""SolidWorks""]","[""Manufacturing"", ""Automobile"", ""Infrastructure""]","[""Manufacturing"", ""Automobile"", ""Infrastructure""]","[""Manipur""]","[""Imphal""]",Hybrid,3,Academic project experience,"[""English"", ""Hindi"", ""Manipuri""]",No preference,Rural
CAND2026-01103,Undergraduate,B.Tech,Automobile Engineering,2027,7.1,"[""Automobile Engineering"", ""Diagnostics""]","[""Automobile"", ""Manufacturing"", ""Renewable Energy""]","[""Automobile"", ""Manufacturing"", ""Renewable Energy""]","[""Telangana""]","[""Warangal""]",Remote,3,No prior experience,"[""English"", ""Hindi"", ""Telugu""]",No preference,Urban
CAND2026-01104,Undergraduate,B.Tech,Electronics and Communication,2028,8.4,"[""Embedded C"", ""Microcontrollers"", ""Networking"", ""PCB Design""]","[""Electronics"", ""Telecommunications"", ""IT""]","[""Electronics"", ""Telecommunications"", ""IT""]","[""Rajasthan""]","[""Jaipur""]",On-site,4,No prior experience,"[""English"", ""Hindi""]",No preference,Urban
CAND2026-01105,Undergraduate,B.Tech,Electrical Engineering,2026,5.8,"[""Electrical Safety"", ""Solar Energy"", ""AutoCAD"", ""MS Excel""]","[""Renewable Energy"", ""Electronics"", ""Infrastructure""]","[""Renewable Energy"", ""Electronics"", ""Infrastructure""]","[""Jharkhand"", ""Uttar Pradesh""]","[""Jamshedpur"", ""Noida""]",Hybrid,6,Academic project experience,"[""English"", ""Hindi""]",Accessible workplace preferred,Urban
CAND2026-01106,Undergraduate,B.Com,Commerce,2027,7.1,"[""MS Excel"", ""Accounting"", ""Tally"", ""Financial Analysis""]","[""Finance"", ""Accounting"", ""Banking""]","[""Finance"", ""Banking"", ""Marketing""]","[""Uttarakhand""]","[""Dehradun""]",On-site,2,No prior experience,"[""English"", ""Hindi""]",No preference,Rural
CAND2026-01107,Undergraduate,BBA,Business Administration,2028,8.4,"[""MS Excel"", ""Communication"", ""Financial Analysis"", ""Digital Marketing""]","[""Finance"", ""Marketing"", ""HR""]","[""Finance"", ""Marketing"", ""HR"", ""Logistics""]","[""Maharashtra""]","[""Nagpur""]",Hybrid,3,No prior experience,"[""English"", ""Hindi"", ""Marathi""]",No preference,Rural
CAND2026-01108,Undergraduate,B.Sc.,Agriculture,2026,5.8,"[""Agriculture"", ""Field Survey"", ""Data Collection"", ""MS Excel"", ""Community Engagement"", ""Communication""]","[""Agriculture Technology"", ""Rural Development"", ""Sustainability""]","[""Agriculture"", ""Rural Development"", ""Renewable Energy""]","[""Gujarat""]","[""Ahmedabad""]",Remote,3,Academic project experience,"[""English"", ""Hindi"", ""Gujarati""]",No preference,Urban
CAND2026-01109,Undergraduate,B.Sc.,Data Science,2027,7.1,"[""Python"", ""SQL"", ""Data Analysis"", ""Power BI"", ""Pandas"", ""MS Excel""]","[""Data Science"", ""Business Intelligence"", ""AI/ML""]","[""Data Science"", ""AI/ML"", ""IT""]","[""Madhya Pradesh"", ""Uttar Pradesh""]","[""Indore"", ""Varanasi""]",On-site,4,No prior experience,"[""English"", ""Hindi""]",No preference,Urban
CAND2026-01110,Undergraduate,BCA,Computer Applications,2028,8.4,"[""Python"", ""JavaScript"", ""SQL"", ""React"", ""MS Excel"", ""Git""]","[""Software Development"", ""IT"", ""Data Science""]","[""Software Development"", ""IT"", ""Data Science""]","[""Chandigarh""]","[""Chandigarh""]",Hybrid,6,No prior experience,"[""English"", ""Hindi"", ""Punjabi""]",No preference,Urban
CAND2026-01111,Diploma,Diploma,Civil Engineering,2027,6.7,"[""AutoCAD"", ""Site Survey""]","[""Infrastructure"", ""Construction"", ""Urban Development""]","[""Infrastructure"", ""Manufacturing"", ""Renewable Energy""]","[""Tamil Nadu""]","[""Chennai""]",On-site,2,Academic project experience,"[""Hindi"", ""English"", ""Tamil""]",No preference,Rural
CAND2026-01112,Diploma,Diploma,Electrical Engineering,2028,7.8,"[""Electrical Safety"", ""Solar Energy""]","[""Renewable Energy"", ""Electronics"", ""Infrastructure""]","[""Renewable Energy"", ""Electronics"", ""Telecommunications""]","[""West Bengal""]","[""Kolkata""]",Hybrid,3,0-1 internship experience,"[""Hindi"", ""English"", ""Bengali""]",No preference,Rural
CAND2026-01113,Undergraduate,BA,Public Administration,2028,8.4,"[""MS Excel"", ""Documentation""]","[""Government"", ""E-Governance"", ""Rural Development""]","[""Government"", ""E-Governance"", ""Rural Development""]","[""Kerala"", ""Rajasthan""]","[""Kochi"", ""Udaipur""]",Remote,3,No prior experience,"[""Hindi"", ""English"", ""Malayalam""]",No preference,Urban
CAND2026-01114,Undergraduate,BA,Social Work,2026,5.8,"[""Field Survey"", ""Community Engagement"", ""Communication"", ""Data Collection""]","[""Rural Development"", ""Education"", ""Healthcare""]","[""Rural Development"", ""Education"", ""Healthcare"", ""Government""]","[""Andhra Pradesh""]","[""Vijayawada""]",On-site,4,Academic project experience,"[""Hindi"", ""English"", ""Telugu""]",No preference,Urban
CAND2026-01115,Undergraduate,B.Sc.,Nursing,2027,7.1,"[""Patient Support"", ""Documentation"", ""Communication"", ""MS Excel""]","[""Healthcare"", ""Public Health""]","[""Healthcare"", ""Government"", ""Education""]","[""Tamil Nadu""]","[""Madurai""]",Hybrid,6,No prior experience,"[""English"", ""Hindi"", ""Tamil""]",No preference,Urban
CAND2026-01116,Undergraduate,BA,Tourism,2028,8.4,"[""Customer Service"", ""Communication"", ""Tourism Operations"", ""Content Writing""]","[""Tourism"", ""Hospitality"", ""Marketing""]","[""Tourism"", ""Marketing"", ""Logistics""]","[""Odisha""]","[""Bhubaneswar""]",On-site,2,No prior experience,"[""English"", ""Hindi"", ""Odia""]",No preference,Rural
CAND2026-01117,Undergraduate,B.Tech,Computer Science,2026,5.8,"[""Python"", ""SQL"", ""Data Analysis"", ""Git""]","[""Data Science"", ""Software Development"", ""AI/ML""]","[""IT"", ""Software Development"", ""Data Science"", ""AI/ML""]","[""Meghalaya"", ""Gujarat""]","[""Shillong"", ""Surat""]",Hybrid,3,Academic project experience,"[""English"", ""Hindi""]",Accessible workplace preferred,Rural
CAND2026-01118,Undergraduate,B.Tech,Information Technology,2027,7.1,"[""Python"", ""JavaScript"", ""React"", ""SQL"", ""Networking"", ""Git""]","[""Software Development"", ""Cybersecurity"", ""IT""]","[""Software Development"", ""Cybersecurity"", ""IT""]","[""Karnataka""]","[""Mysuru""]",Remote,3,No prior experience,"[""English"", ""Hindi"", ""Kannada""]",No preference,Urban
CAND2026-01119,Undergraduate,B.Tech,Artificial Intelligence,2028,8.4,"[""Python"", ""Machine Learning"", ""Pandas"", ""Scikit-learn"", ""Data Analysis"", ""SQL""]","[""AI/ML"", ""Data Science""]","[""AI/ML"", ""Data Science"", ""Software Development""]","[""Uttar Pradesh""]","[""Lucknow""]",On-site,4,No prior experience,"[""English"", ""Hindi""]",No preference,Urban
CAND2026-01120,Undergraduate,B.Tech,Mechanical Engineering,2026,5.8,"[""AutoCAD"", ""SolidWorks"", ""Manufacturing"", ""Quality Control"", ""MS Excel"", ""Testing""]","[""Manufacturing"", ""Automobile"", ""Infrastructure""]","[""Manufacturing"", ""Automobile"", ""Infrastructure""]","[""Bihar""]","[""Gaya""]",Hybrid,6,Academic project experience,"[""English"", ""Hindi""]",No preference,Urban
CAND2026-01121,Undergraduate,B.Tech,Automobile Engineering,2027,7.1,"[""Automobile Engineering"", ""Diagnostics""]","[""Automobile"", ""Manufacturing"", ""Renewable Energy""]","[""Automobile"", ""Manufacturing"", ""Renewable Energy""]","[""Manipur"", ""West Bengal""]","[""Imphal"", ""Siliguri""]",On-site,2,No prior experience,"[""English"", ""Hindi"", ""Manipuri""]",No preference,Rural
CAND2026-01122,Undergraduate,B.Tech,Electronics and Communication,2028,8.4,"[""Embedded C"", ""Microcontrollers""]","[""Electronics"", ""Telecommunications"", ""IT""]","[""Electronics"", ""Telecommunications"", ""IT""]","[""Telangana""]","[""Warangal""]",Hybrid,3,No prior experience,"[""English"", ""Hindi"", ""Telugu""]",No preference,Rural
CAND2026-01123,Undergraduate,B.Tech,Electrical Engineering,2026,5.8,"[""Electrical Safety"", ""Solar Energy""]","[""Renewable Energy"", ""Electronics"", ""Infrastructure""]","[""Renewable Energy"", ""Electronics"", ""Infrastructure""]","[""Rajasthan""]","[""Jaipur""]",Remote,3,0-1 internship experience,"[""English"", ""Hindi""]",No preference,Urban
CAND2026-01124,Undergraduate,B.Com,Commerce,2027,7.1,"[""MS Excel"", ""Accounting"", ""Tally"", ""Financial Analysis""]","[""Finance"", ""Accounting"", ""Banking""]","[""Finance"", ""Banking"", ""Marketing""]","[""Jharkhand""]","[""Jamshedpur""]",On-site,4,No prior experience,"[""English"", ""Hindi""]",No preference,Urban
CAND2026-01125,Undergraduate,BBA,Business Administration,2028,8.4,"[""MS Excel"", ""Communication"", ""Financial Analysis"", ""Digital Marketing""]","[""Finance"", ""Marketing"", ""HR""]","[""Finance"", ""Marketing"", ""HR"", ""Logistics""]","[""Uttarakhand"", ""Odisha""]","[""Dehradun"", ""Cuttack""]",Hybrid,6,No prior experience,"[""English"", ""Hindi""]",No preference,Urban
CAND2026-01126,Undergraduate,B.Sc.,Agriculture,2026,5.8,"[""Agriculture"", ""Field Survey"", ""Data Collection"", ""MS Excel""]","[""Agriculture Technology"", ""Rural Development"", ""Sustainability""]","[""Agriculture"", ""Rural Development"", ""Renewable Energy""]","[""Maharashtra""]","[""Nagpur""]",On-site,2,Academic project experience,"[""English"", ""Hindi"", ""Marathi""]",No preference,Rural
CAND2026-01127,Undergraduate,B.Sc.,Data Science,2027,7.1,"[""Python"", ""SQL"", ""Data Analysis"", ""Power BI""]","[""Data Science"", ""Business Intelligence"", ""AI/ML""]","[""Data Science"", ""AI/ML"", ""IT""]","[""Gujarat""]","[""Ahmedabad""]",Hybrid,3,No prior experience,"[""English"", ""Hindi"", ""Gujarati""]",No preference,Rural
CAND2026-01128,Undergraduate,BCA,Computer Applications,2028,8.4,"[""Python"", ""JavaScript"", ""SQL"", ""React"", ""MS Excel"", ""Git""]","[""Software Development"", ""IT"", ""Data Science""]","[""Software Development"", ""IT"", ""Data Science""]","[""Madhya Pradesh""]","[""Indore""]",Remote,3,No prior experience,"[""English"", ""Hindi""]",No preference,Urban
CAND2026-01129,Diploma,Diploma,Civil Engineering,2025,7.5,"[""AutoCAD"", ""Site Survey"", ""MS Excel"", ""Documentation"", ""Project Management"", ""Testing""]","[""Infrastructure"", ""Construction"", ""Urban Development""]","[""Infrastructure"", ""Manufacturing"", ""Renewable Energy""]","[""Chandigarh"", ""Bihar""]","[""Chandigarh"", ""Gaya""]",On-site,4,Academic project experience,"[""Hindi"", ""English"", ""Punjabi""]",Accessible workplace preferred,Urban
CAND2026-01130,Diploma,Diploma,Electrical Engineering,2026,8.6,"[""Electrical Safety"", ""Solar Energy"", ""Testing"", ""Troubleshooting"", ""MS Excel"", ""AutoCAD""]","[""Renewable Energy"", ""Electronics"", ""Infrastructure""]","[""Renewable Energy"", ""Electronics"", ""Telecommunications""]","[""Tamil Nadu""]","[""Chennai""]",Hybrid,6,No prior experience,"[""Hindi"", ""English"", ""Tamil""]",No preference,Urban
CAND2026-01131,Undergraduate,BA,Public Administration,2028,8.4,"[""MS Excel"", ""Documentation""]","[""Government"", ""E-Governance"", ""Rural Development""]","[""Government"", ""E-Governance"", ""Rural Development""]","[""West Bengal""]","[""Kolkata""]",On-site,2,No prior experience,"[""Hindi"", ""English"", ""Bengali""]",No preference,Rural
CAND2026-01132,Undergraduate,BA,Social Work,2026,5.8,"[""Field Survey"", ""Community Engagement""]","[""Rural Development"", ""Education"", ""Healthcare""]","[""Rural Development"", ""Education"", ""Healthcare"", ""Government""]","[""Kerala""]","[""Kochi""]",Hybrid,3,Academic project experience,"[""Hindi"", ""English"", ""Malayalam""]",No preference,Rural
CAND2026-01133,Undergraduate,B.Sc.,Nursing,2027,7.1,"[""Patient Support"", ""Documentation""]","[""Healthcare"", ""Public Health""]","[""Healthcare"", ""Government"", ""Education""]","[""Andhra Pradesh"", ""Jharkhand""]","[""Vijayawada"", ""Jamshedpur""]",Remote,3,No prior experience,"[""English"", ""Hindi"", ""Telugu""]",No preference,Urban
CAND2026-01134,Undergraduate,BA,Tourism,2028,8.4,"[""Customer Service"", ""Communication"", ""Tourism Operations"", ""Content Writing""]","[""Tourism"", ""Hospitality"", ""Marketing""]","[""Tourism"", ""Marketing"", ""Logistics""]","[""Tamil Nadu""]","[""Madurai""]",On-site,4,0-1 internship experience,"[""English"", ""Hindi"", ""Tamil""]",No preference,Urban
CAND2026-01135,Undergraduate,B.Tech,Computer Science,2026,5.8,"[""Python"", ""SQL"", ""Data Analysis"", ""Git""]","[""Data Science"", ""Software Development"", ""AI/ML""]","[""IT"", ""Software Development"", ""Data Science"", ""AI/ML""]","[""Odisha""]","[""Cuttack""]",Hybrid,6,Academic project experience,"[""English"", ""Hindi"", ""Odia""]",No preference,Urban
CAND2026-01136,Undergraduate,B.Tech,Information Technology,2027,7.1,"[""Python"", ""JavaScript"", ""React"", ""SQL""]","[""Software Development"", ""Cybersecurity"", ""IT""]","[""Software Development"", ""Cybersecurity"", ""IT""]","[""Meghalaya""]","[""Shillong""]",On-site,2,No prior experience,"[""English"", ""Hindi""]",No preference,Rural
CAND2026-01137,Undergraduate,B.Tech,Artificial Intelligence,2028,8.4,"[""Python"", ""Machine Learning"", ""Pandas"", ""Scikit-learn""]","[""AI/ML"", ""Data Science""]","[""AI/ML"", ""Data Science"", ""Software Development""]","[""Karnataka"", ""Madhya Pradesh""]","[""Mysuru"", ""Indore""]",Hybrid,3,No prior experience,"[""English"", ""Hindi"", ""Kannada""]",No preference,Rural
CAND2026-01138,Undergraduate,B.Tech,Mechanical Engineering,2026,5.8,"[""AutoCAD"", ""SolidWorks"", ""Manufacturing"", ""Quality Control"", ""MS Excel"", ""Testing""]","[""Manufacturing"", ""Automobile"", ""Infrastructure""]","[""Manufacturing"", ""Automobile"", ""Infrastructure""]","[""Uttar Pradesh""]","[""Lucknow""]",Remote,3,Academic project experience,"[""English"", ""Hindi""]",No preference,Urban
CAND2026-01139,Undergraduate,B.Tech,Automobile Engineering,2027,7.1,"[""Automobile Engineering"", ""Diagnostics"", ""AutoCAD"", ""Testing"", ""Electrical Safety""]","[""Automobile"", ""Manufacturing"", ""Renewable Energy""]","[""Automobile"", ""Manufacturing"", ""Renewable Energy""]","[""Bihar""]","[""Gaya""]",On-site,4,No prior experience,"[""English"", ""Hindi""]",No preference,Urban
CAND2026-01140,Undergraduate,B.Tech,Electronics and Communication,2028,8.4,"[""Embedded C"", ""Microcontrollers"", ""Networking"", ""PCB Design"", ""Troubleshooting"", ""Arduino""]","[""Electronics"", ""Telecommunications"", ""IT""]","[""Electronics"", ""Telecommunications"", ""IT""]","[""Manipur""]","[""Imphal""]",Hybrid,6,No prior experience,"[""English"", ""Hindi"", ""Manipuri""]",No preference,Urban
CAND2026-01141,Undergraduate,B.Tech,Electrical Engineering,2026,5.8,"[""Electrical Safety"", ""Solar Energy""]","[""Renewable Energy"", ""Electronics"", ""Infrastructure""]","[""Renewable Energy"", ""Electronics"", ""Infrastructure""]","[""Telangana"", ""Kerala""]","[""Warangal"", ""Kochi""]",On-site,2,Academic project experience,"[""English"", ""Hindi"", ""Telugu""]",Accessible workplace preferred,Rural
CAND2026-01142,Undergraduate,B.Com,Commerce,2027,7.1,"[""MS Excel"", ""Accounting""]","[""Finance"", ""Accounting"", ""Banking""]","[""Finance"", ""Banking"", ""Marketing""]","[""Rajasthan""]","[""Jaipur""]",Hybrid,3,No prior experience,"[""English"", ""Hindi""]",No preference,Rural
CAND2026-01143,Undergraduate,BBA,Business Administration,2028,8.4,"[""MS Excel"", ""Communication""]","[""Finance"", ""Marketing"", ""HR""]","[""Finance"", ""Marketing"", ""HR"", ""Logistics""]","[""Jharkhand""]","[""Jamshedpur""]",Remote,3,No prior experience,"[""English"", ""Hindi""]",No preference,Urban
CAND2026-01144,Undergraduate,B.Sc.,Agriculture,2026,5.8,"[""Agriculture"", ""Field Survey"", ""Data Collection"", ""MS Excel""]","[""Agriculture Technology"", ""Rural Development"", ""Sustainability""]","[""Agriculture"", ""Rural Development"", ""Renewable Energy""]","[""Uttarakhand""]","[""Dehradun""]",On-site,4,Academic project experience,"[""English"", ""Hindi""]",No preference,Urban
CAND2026-01145,Undergraduate,B.Sc.,Data Science,2027,7.1,"[""Python"", ""SQL"", ""Data Analysis"", ""Power BI""]","[""Data Science"", ""Business Intelligence"", ""AI/ML""]","[""Data Science"", ""AI/ML"", ""IT""]","[""Maharashtra"", ""Assam""]","[""Nagpur"", ""Guwahati""]",Hybrid,6,0-1 internship experience,"[""English"", ""Hindi"", ""Marathi""]",No preference,Urban
CAND2026-01146,Undergraduate,BCA,Computer Applications,2028,8.4,"[""Python"", ""JavaScript"", ""SQL"", ""React""]","[""Software Development"", ""IT"", ""Data Science""]","[""Software Development"", ""IT"", ""Data Science""]","[""Gujarat""]","[""Ahmedabad""]",On-site,2,No prior experience,"[""English"", ""Hindi"", ""Gujarati""]",No preference,Rural
CAND2026-01147,Diploma,Diploma,Civil Engineering,2027,8.3,"[""AutoCAD"", ""Site Survey"", ""MS Excel"", ""Documentation""]","[""Infrastructure"", ""Construction"", ""Urban Development""]","[""Infrastructure"", ""Manufacturing"", ""Renewable Energy""]","[""Madhya Pradesh""]","[""Indore""]",Hybrid,3,Academic project experience,"[""Hindi"", ""English""]",No preference,Rural
CAND2026-01148,Diploma,Diploma,Electrical Engineering,2028,5.6,"[""Electrical Safety"", ""Solar Energy"", ""Testing"", ""Troubleshooting"", ""MS Excel"", ""AutoCAD""]","[""Renewable Energy"", ""Electronics"", ""Infrastructure""]","[""Renewable Energy"", ""Electronics"", ""Telecommunications""]","[""Chandigarh""]","[""Chandigarh""]",Remote,3,No prior experience,"[""Hindi"", ""English"", ""Punjabi""]",No preference,Urban
CAND2026-01149,Undergraduate,BA,Public Administration,2028,8.4,"[""MS Excel"", ""Documentation"", ""Communication"", ""Research"", ""Data Entry"", ""Digital Literacy""]","[""Government"", ""E-Governance"", ""Rural Development""]","[""Government"", ""E-Governance"", ""Rural Development""]","[""Tamil Nadu"", ""Tripura""]","[""Chennai"", ""Agartala""]",On-site,4,No prior experience,"[""Hindi"", ""English"", ""Tamil""]",No preference,Urban
CAND2026-01150,Undergraduate,BA,Social Work,2026,5.8,"[""Field Survey"", ""Community Engagement"", ""Communication"", ""Data Collection"", ""Documentation"", ""MS Excel""]","[""Rural Development"", ""Education"", ""Healthcare""]","[""Rural Development"", ""Education"", ""Healthcare"", ""Government""]","[""West Bengal""]","[""Kolkata""]",Hybrid,6,Academic project experience,"[""Hindi"", ""English"", ""Bengali""]",No preference,Urban
CAND2026-01151,Undergraduate,B.Sc.,Nursing,2027,7.1,"[""Patient Support"", ""Documentation""]","[""Healthcare"", ""Public Health""]","[""Healthcare"", ""Government"", ""Education""]","[""Kerala""]","[""Kochi""]",On-site,2,No prior experience,"[""English"", ""Hindi"", ""Malayalam""]",No preference,Rural
CAND2026-01152,Undergraduate,BA,Tourism,2028,8.4,"[""Customer Service"", ""Communication""]","[""Tourism"", ""Hospitality"", ""Marketing""]","[""Tourism"", ""Marketing"", ""Logistics""]","[""Andhra Pradesh""]","[""Vijayawada""]",Hybrid,3,No prior experience,"[""English"", ""Hindi"", ""Telugu""]",No preference,Rural
CAND2026-01153,Undergraduate,B.Tech,Computer Science,2026,5.8,"[""Python"", ""SQL""]","[""Data Science"", ""Software Development"", ""AI/ML""]","[""IT"", ""Software Development"", ""Data Science"", ""AI/ML""]","[""Delhi"", ""Jammu and Kashmir""]","[""New Delhi"", ""Srinagar""]",Remote,3,Academic project experience,"[""English"", ""Hindi""]",Accessible workplace preferred,Urban
CAND2026-01154,Undergraduate,B.Tech,Information Technology,2027,7.1,"[""Python"", ""JavaScript"", ""React"", ""SQL""]","[""Software Development"", ""Cybersecurity"", ""IT""]","[""Software Development"", ""Cybersecurity"", ""IT""]","[""Odisha""]","[""Cuttack""]",On-site,4,No prior experience,"[""English"", ""Hindi"", ""Odia""]",No preference,Urban
CAND2026-01155,Undergraduate,B.Tech,Artificial Intelligence,2028,8.4,"[""Python"", ""Machine Learning"", ""Pandas"", ""Scikit-learn""]","[""AI/ML"", ""Data Science""]","[""AI/ML"", ""Data Science"", ""Software Development""]","[""Meghalaya""]","[""Shillong""]",Hybrid,6,No prior experience,"[""English"", ""Hindi""]",No preference,Urban
CAND2026-01156,Undergraduate,B.Tech,Mechanical Engineering,2026,5.8,"[""AutoCAD"", ""SolidWorks"", ""Manufacturing"", ""Quality Control""]","[""Manufacturing"", ""Automobile"", ""Infrastructure""]","[""Manufacturing"", ""Automobile"", ""Infrastructure""]","[""Karnataka""]","[""Mysuru""]",On-site,2,0-1 internship experience,"[""English"", ""Hindi"", ""Kannada""]",No preference,Rural
CAND2026-01157,Undergraduate,B.Tech,Automobile Engineering,2027,7.1,"[""Automobile Engineering"", ""Diagnostics"", ""AutoCAD"", ""Testing""]","[""Automobile"", ""Manufacturing"", ""Renewable Energy""]","[""Automobile"", ""Manufacturing"", ""Renewable Energy""]","[""Uttar Pradesh"", ""Himachal Pradesh""]","[""Lucknow"", ""Shimla""]",Hybrid,3,No prior experience,"[""English"", ""Hindi""]",No preference,Rural
CAND2026-01158,Undergraduate,B.Tech,Electronics and Communication,2028,8.4,"[""Embedded C"", ""Microcontrollers"", ""Networking"", ""PCB Design"", ""Troubleshooting"", ""Arduino""]","[""Electronics"", ""Telecommunications"", ""IT""]","[""Electronics"", ""Telecommunications"", ""IT""]","[""Bihar""]","[""Gaya""]",Remote,3,No prior experience,"[""English"", ""Hindi""]",No preference,Urban
CAND2026-01159,Undergraduate,B.Tech,Electrical Engineering,2026,5.8,"[""Electrical Safety"", ""Solar Energy"", ""AutoCAD"", ""MS Excel"", ""Testing"", ""Microcontrollers""]","[""Renewable Energy"", ""Electronics"", ""Infrastructure""]","[""Renewable Energy"", ""Electronics"", ""Infrastructure""]","[""Manipur""]","[""Imphal""]",On-site,4,Academic project experience,"[""English"", ""Hindi"", ""Manipuri""]",No preference,Urban
CAND2026-01160,Undergraduate,B.Com,Commerce,2027,7.1,"[""MS Excel"", ""Accounting"", ""Tally"", ""Financial Analysis"", ""Communication"", ""Documentation""]","[""Finance"", ""Accounting"", ""Banking""]","[""Finance"", ""Banking"", ""Marketing""]","[""Telangana""]","[""Warangal""]",Hybrid,6,No prior experience,"[""English"", ""Hindi"", ""Telugu""]",No preference,Urban
CAND2026-01161,Undergraduate,BBA,Business Administration,2028,8.4,"[""MS Excel"", ""Communication""]","[""Finance"", ""Marketing"", ""HR""]","[""Finance"", ""Marketing"", ""HR"", ""Logistics""]","[""Rajasthan"", ""Andhra Pradesh""]","[""Jaipur"", ""Visakhapatnam""]",On-site,2,No prior experience,"[""English"", ""Hindi""]",No preference,Rural
CAND2026-01162,Undergraduate,B.Sc.,Agriculture,2026,5.8,"[""Agriculture"", ""Field Survey""]","[""Agriculture Technology"", ""Rural Development"", ""Sustainability""]","[""Agriculture"", ""Rural Development"", ""Renewable Energy""]","[""Jharkhand""]","[""Jamshedpur""]",Hybrid,3,Academic project experience,"[""English"", ""Hindi""]",No preference,Rural
CAND2026-01163,Undergraduate,B.Sc.,Data Science,2027,7.1,"[""Python"", ""SQL""]","[""Data Science"", ""Business Intelligence"", ""AI/ML""]","[""Data Science"", ""AI/ML"", ""IT""]","[""Uttarakhand""]","[""Dehradun""]",Remote,3,No prior experience,"[""English"", ""Hindi""]",No preference,Urban
CAND2026-01164,Undergraduate,BCA,Computer Applications,2028,8.4,"[""Python"", ""JavaScript"", ""SQL"", ""React""]","[""Software Development"", ""IT"", ""Data Science""]","[""Software Development"", ""IT"", ""Data Science""]","[""Maharashtra""]","[""Nagpur""]",On-site,4,No prior experience,"[""English"", ""Hindi"", ""Marathi""]",No preference,Urban
CAND2026-01165,Diploma,Diploma,Civil Engineering,2025,9.1,"[""AutoCAD"", ""Site Survey"", ""MS Excel"", ""Documentation""]","[""Infrastructure"", ""Construction"", ""Urban Development""]","[""Infrastructure"", ""Manufacturing"", ""Renewable Energy""]","[""Gujarat"", ""Goa""]","[""Ahmedabad"", ""Panaji""]",Hybrid,6,Academic project experience,"[""Hindi"", ""English"", ""Gujarati""]",Accessible workplace preferred,Urban
CAND2026-01166,Diploma,Diploma,Electrical Engineering,2026,6.4,"[""Electrical Safety"", ""Solar Energy"", ""Testing"", ""Troubleshooting""]","[""Renewable Energy"", ""Electronics"", ""Infrastructure""]","[""Renewable Energy"", ""Electronics"", ""Telecommunications""]","[""Madhya Pradesh""]","[""Indore""]",On-site,2,No prior experience,"[""Hindi"", ""English""]",No preference,Rural
CAND2026-01167,Undergraduate,BA,Public Administration,2028,8.4,"[""MS Excel"", ""Documentation"", ""Communication"", ""Research""]","[""Government"", ""E-Governance"", ""Rural Development""]","[""Government"", ""E-Governance"", ""Rural Development""]","[""Chandigarh""]","[""Chandigarh""]",Hybrid,3,0-1 internship experience,"[""Hindi"", ""English"", ""Punjabi""]",No preference,Rural
CAND2026-01168,Undergraduate,BA,Social Work,2026,5.8,"[""Field Survey"", ""Community Engagement"", ""Communication"", ""Data Collection"", ""Documentation"", ""MS Excel""]","[""Rural Development"", ""Education"", ""Healthcare""]","[""Rural Development"", ""Education"", ""Healthcare"", ""Government""]","[""Tamil Nadu""]","[""Chennai""]",Remote,3,Academic project experience,"[""Hindi"", ""English"", ""Tamil""]",No preference,Urban
CAND2026-01169,Undergraduate,B.Sc.,Nursing,2027,7.1,"[""Patient Support"", ""Documentation"", ""Communication"", ""MS Excel"", ""Data Entry"", ""Teamwork""]","[""Healthcare"", ""Public Health""]","[""Healthcare"", ""Government"", ""Education""]","[""West Bengal"", ""Karnataka""]","[""Kolkata"", ""Mysuru""]",On-site,4,No prior experience,"[""English"", ""Hindi"", ""Bengali""]",No preference,Urban
CAND2026-01170,Undergraduate,BA,Tourism,2028,8.4,"[""Customer Service"", ""Communication"", ""Tourism Operations"", ""Content Writing"", ""MS Excel"", ""Documentation""]","[""Tourism"", ""Hospitality"", ""Marketing""]","[""Tourism"", ""Marketing"", ""Logistics""]","[""Kerala""]","[""Kochi""]",Hybrid,6,No prior experience,"[""English"", ""Hindi"", ""Malayalam""]",No preference,Urban
CAND2026-01171,Undergraduate,B.Tech,Computer Science,2026,5.8,"[""Python"", ""SQL""]","[""Data Science"", ""Software Development"", ""AI/ML""]","[""IT"", ""Software Development"", ""Data Science"", ""AI/ML""]","[""Goa""]","[""Panaji""]",On-site,2,Academic project experience,"[""English"", ""Hindi"", ""Konkani""]",No preference,Rural
CAND2026-01172,Undergraduate,B.Tech,Information Technology,2027,7.1,"[""Python"", ""JavaScript""]","[""Software Development"", ""Cybersecurity"", ""IT""]","[""Software Development"", ""Cybersecurity"", ""IT""]","[""Delhi""]","[""New Delhi""]",Hybrid,3,No prior experience,"[""English"", ""Hindi""]",No preference,Rural
CAND2026-01173,Undergraduate,B.Tech,Artificial Intelligence,2028,8.4,"[""Python"", ""Machine Learning""]","[""AI/ML"", ""Data Science""]","[""AI/ML"", ""Data Science"", ""Software Development""]","[""Odisha"", ""Telangana""]","[""Cuttack"", ""Warangal""]",Remote,3,No prior experience,"[""English"", ""Hindi"", ""Odia""]",No preference,Urban
CAND2026-01174,Undergraduate,B.Tech,Mechanical Engineering,2026,5.8,"[""AutoCAD"", ""SolidWorks"", ""Manufacturing"", ""Quality Control""]","[""Manufacturing"", ""Automobile"", ""Infrastructure""]","[""Manufacturing"", ""Automobile"", ""Infrastructure""]","[""Meghalaya""]","[""Shillong""]",On-site,4,Academic project experience,"[""English"", ""Hindi""]",No preference,Urban
CAND2026-01175,Undergraduate,B.Tech,Automobile Engineering,2027,7.1,"[""Automobile Engineering"", ""Diagnostics"", ""AutoCAD"", ""Testing""]","[""Automobile"", ""Manufacturing"", ""Renewable Energy""]","[""Automobile"", ""Manufacturing"", ""Renewable Energy""]","[""Karnataka""]","[""Mysuru""]",Hybrid,6,No prior experience,"[""English"", ""Hindi"", ""Kannada""]",No preference,Urban
CAND2026-01176,Undergraduate,B.Tech,Electronics and Communication,2028,8.4,"[""Embedded C"", ""Microcontrollers"", ""Networking"", ""PCB Design""]","[""Electronics"", ""Telecommunications"", ""IT""]","[""Electronics"", ""Telecommunications"", ""IT""]","[""Uttar Pradesh""]","[""Lucknow""]",On-site,2,No prior experience,"[""English"", ""Hindi""]",No preference,Rural
CAND2026-01177,Undergraduate,B.Tech,Electrical Engineering,2026,5.8,"[""Electrical Safety"", ""Solar Energy"", ""AutoCAD"", ""MS Excel""]","[""Renewable Energy"", ""Electronics"", ""Infrastructure""]","[""Renewable Energy"", ""Electronics"", ""Infrastructure""]","[""Bihar"", ""Maharashtra""]","[""Gaya"", ""Nagpur""]",Hybrid,3,Academic project experience,"[""English"", ""Hindi""]",Accessible workplace preferred,Rural
CAND2026-01178,Undergraduate,B.Com,Commerce,2027,7.1,"[""MS Excel"", ""Accounting"", ""Tally"", ""Financial Analysis"", ""Communication"", ""Documentation""]","[""Finance"", ""Accounting"", ""Banking""]","[""Finance"", ""Banking"", ""Marketing""]","[""Manipur""]","[""Imphal""]",Remote,3,0-1 internship experience,"[""English"", ""Hindi"", ""Manipuri""]",No preference,Urban
CAND2026-01179,Undergraduate,BBA,Business Administration,2028,8.4,"[""MS Excel"", ""Communication"", ""Financial Analysis"", ""Digital Marketing"", ""Project Management"", ""Documentation""]","[""Finance"", ""Marketing"", ""HR""]","[""Finance"", ""Marketing"", ""HR"", ""Logistics""]","[""Telangana""]","[""Warangal""]",On-site,4,No prior experience,"[""English"", ""Hindi"", ""Telugu""]",No preference,Urban
CAND2026-01180,Undergraduate,B.Sc.,Agriculture,2026,5.8,"[""Agriculture"", ""Field Survey"", ""Data Collection"", ""MS Excel"", ""Community Engagement"", ""Communication""]","[""Agriculture Technology"", ""Rural Development"", ""Sustainability""]","[""Agriculture"", ""Rural Development"", ""Renewable Energy""]","[""Rajasthan""]","[""Jaipur""]",Hybrid,6,Academic project experience,"[""English"", ""Hindi""]",No preference,Urban
CAND2026-01181,Undergraduate,B.Sc.,Data Science,2027,7.1,"[""Python"", ""SQL""]","[""Data Science"", ""Business Intelligence"", ""AI/ML""]","[""Data Science"", ""AI/ML"", ""IT""]","[""Jharkhand"", ""Tamil Nadu""]","[""Jamshedpur"", ""Chennai""]",On-site,2,No prior experience,"[""English"", ""Hindi""]",No preference,Rural
CAND2026-01182,Undergraduate,BCA,Computer Applications,2028,8.4,"[""Python"", ""JavaScript""]","[""Software Development"", ""IT"", ""Data Science""]","[""Software Development"", ""IT"", ""Data Science""]","[""Uttarakhand""]","[""Dehradun""]",Hybrid,3,No prior experience,"[""English"", ""Hindi""]",No preference,Rural
CAND2026-01183,Diploma,Diploma,Civil Engineering,2027,6.1,"[""AutoCAD"", ""Site Survey""]","[""Infrastructure"", ""Construction"", ""Urban Development""]","[""Infrastructure"", ""Manufacturing"", ""Renewable Energy""]","[""Maharashtra""]","[""Nagpur""]",Remote,3,Academic project experience,"[""Hindi"", ""English"", ""Marathi""]",No preference,Urban
CAND2026-01184,Diploma,Diploma,Electrical Engineering,2028,7.2,"[""Electrical Safety"", ""Solar Energy"", ""Testing"", ""Troubleshooting""]","[""Renewable Energy"", ""Electronics"", ""Infrastructure""]","[""Renewable Energy"", ""Electronics"", ""Telecommunications""]","[""Gujarat""]","[""Ahmedabad""]",On-site,4,No prior experience,"[""Hindi"", ""English"", ""Gujarati""]",No preference,Urban
CAND2026-01185,Undergraduate,BA,Public Administration,2028,8.4,"[""MS Excel"", ""Documentation"", ""Communication"", ""Research""]","[""Government"", ""E-Governance"", ""Rural Development""]","[""Government"", ""E-Governance"", ""Rural Development""]","[""Madhya Pradesh"", ""Tamil Nadu""]","[""Indore"", ""Madurai""]",Hybrid,6,No prior experience,"[""Hindi"", ""English""]",No preference,Urban
CAND2026-01186,Undergraduate,BA,Social Work,2026,5.8,"[""Field Survey"", ""Community Engagement"", ""Communication"", ""Data Collection""]","[""Rural Development"", ""Education"", ""Healthcare""]","[""Rural Development"", ""Education"", ""Healthcare"", ""Government""]","[""Chandigarh""]","[""Chandigarh""]",On-site,2,Academic project experience,"[""Hindi"", ""English"", ""Punjabi""]",No preference,Rural
CAND2026-01187,Undergraduate,B.Sc.,Nursing,2027,7.1,"[""Patient Support"", ""Documentation"", ""Communication"", ""MS Excel""]","[""Healthcare"", ""Public Health""]","[""Healthcare"", ""Government"", ""Education""]","[""Tamil Nadu""]","[""Chennai""]",Hybrid,3,No prior experience,"[""English"", ""Hindi"", ""Tamil""]",No preference,Rural
CAND2026-01188,Undergraduate,BA,Tourism,2028,8.4,"[""Customer Service"", ""Communication"", ""Tourism Operations"", ""Content Writing"", ""MS Excel"", ""Documentation""]","[""Tourism"", ""Hospitality"", ""Marketing""]","[""Tourism"", ""Marketing"", ""Logistics""]","[""West Bengal""]","[""Kolkata""]",Remote,3,No prior experience,"[""English"", ""Hindi"", ""Bengali""]",No preference,Urban
CAND2026-01189,Undergraduate,B.Tech,Computer Science,2026,5.8,"[""Python"", ""SQL"", ""Data Analysis"", ""Git"", ""React"", ""Machine Learning""]","[""Data Science"", ""Software Development"", ""AI/ML""]","[""IT"", ""Software Development"", ""Data Science"", ""AI/ML""]","[""Kerala"", ""Uttar Pradesh""]","[""Thiruvananthapuram"", ""Noida""]",On-site,4,0-1 internship experience,"[""English"", ""Hindi"", ""Malayalam""]",Accessible workplace preferred,Urban
CAND2026-01190,Undergraduate,B.Tech,Information Technology,2027,7.1,"[""Python"", ""JavaScript"", ""React"", ""SQL"", ""Networking"", ""Git""]","[""Software Development"", ""Cybersecurity"", ""IT""]","[""Software Development"", ""Cybersecurity"", ""IT""]","[""Goa""]","[""Panaji""]",Hybrid,6,No prior experience,"[""English"", ""Hindi"", ""Konkani""]",No preference,Urban
CAND2026-01191,Undergraduate,B.Tech,Artificial Intelligence,2028,8.4,"[""Python"", ""Machine Learning""]","[""AI/ML"", ""Data Science""]","[""AI/ML"", ""Data Science"", ""Software Development""]","[""Delhi""]","[""New Delhi""]",On-site,2,No prior experience,"[""English"", ""Hindi""]",No preference,Rural
CAND2026-01192,Undergraduate,B.Tech,Mechanical Engineering,2026,5.8,"[""AutoCAD"", ""SolidWorks""]","[""Manufacturing"", ""Automobile"", ""Infrastructure""]","[""Manufacturing"", ""Automobile"", ""Infrastructure""]","[""Odisha""]","[""Cuttack""]",Hybrid,3,Academic project experience,"[""English"", ""Hindi"", ""Odia""]",No preference,Rural
CAND2026-01193,Undergraduate,B.Tech,Automobile Engineering,2027,7.1,"[""Automobile Engineering"", ""Diagnostics""]","[""Automobile"", ""Manufacturing"", ""Renewable Energy""]","[""Automobile"", ""Manufacturing"", ""Renewable Energy""]","[""Meghalaya"", ""Uttar Pradesh""]","[""Shillong"", ""Varanasi""]",Remote,3,No prior experience,"[""English"", ""Hindi""]",No preference,Urban
CAND2026-01194,Undergraduate,B.Tech,Electronics and Communication,2028,8.4,"[""Embedded C"", ""Microcontrollers"", ""Networking"", ""PCB Design""]","[""Electronics"", ""Telecommunications"", ""IT""]","[""Electronics"", ""Telecommunications"", ""IT""]","[""Karnataka""]","[""Mysuru""]",On-site,4,No prior experience,"[""English"", ""Hindi"", ""Kannada""]",No preference,Urban
CAND2026-01195,Undergraduate,B.Tech,Electrical Engineering,2026,5.8,"[""Electrical Safety"", ""Solar Energy"", ""AutoCAD"", ""MS Excel""]","[""Renewable Energy"", ""Electronics"", ""Infrastructure""]","[""Renewable Energy"", ""Electronics"", ""Infrastructure""]","[""Uttar Pradesh""]","[""Lucknow""]",Hybrid,6,Academic project experience,"[""English"", ""Hindi""]",No preference,Urban
CAND2026-01196,Undergraduate,B.Com,Commerce,2027,7.1,"[""MS Excel"", ""Accounting"", ""Tally"", ""Financial Analysis""]","[""Finance"", ""Accounting"", ""Banking""]","[""Finance"", ""Banking"", ""Marketing""]","[""Bihar""]","[""Gaya""]",On-site,2,No prior experience,"[""English"", ""Hindi""]",No preference,Rural
CAND2026-01197,Undergraduate,BBA,Business Administration,2028,8.4,"[""MS Excel"", ""Communication"", ""Financial Analysis"", ""Digital Marketing""]","[""Finance"", ""Marketing"", ""HR""]","[""Finance"", ""Marketing"", ""HR"", ""Logistics""]","[""Manipur"", ""Rajasthan""]","[""Imphal"", ""Udaipur""]",Hybrid,3,No prior experience,"[""English"", ""Hindi"", ""Manipuri""]",No preference,Rural
CAND2026-01198,Undergraduate,B.Sc.,Agriculture,2026,5.8,"[""Agriculture"", ""Field Survey"", ""Data Collection"", ""MS Excel"", ""Community Engagement"", ""Communication""]","[""Agriculture Technology"", ""Rural Development"", ""Sustainability""]","[""Agriculture"", ""Rural Development"", ""Renewable Energy""]","[""Telangana""]","[""Warangal""]",Remote,3,Academic project experience,"[""English"", ""Hindi"", ""Telugu""]",No preference,Urban
CAND2026-01199,Undergraduate,B.Sc.,Data Science,2027,7.1,"[""Python"", ""SQL"", ""Data Analysis"", ""Power BI"", ""Pandas"", ""MS Excel""]","[""Data Science"", ""Business Intelligence"", ""AI/ML""]","[""Data Science"", ""AI/ML"", ""IT""]","[""Rajasthan""]","[""Jaipur""]",On-site,4,No prior experience,"[""English"", ""Hindi""]",No preference,Urban
CAND2026-01200,Undergraduate,BCA,Computer Applications,2028,8.4,"[""Python"", ""JavaScript"", ""SQL"", ""React"", ""MS Excel"", ""Git""]","[""Software Development"", ""IT"", ""Data Science""]","[""Software Development"", ""IT"", ""Data Science""]","[""Jharkhand""]","[""Jamshedpur""]",Hybrid,6,0-1 internship experience,"[""English"", ""Hindi""]",No preference,Urban
