internship_id,job_title,job_type,company_name,sector,description,required_skills,preferred_education,eligible_branches,cities,states,location_type,stipend,start_date,duration_months,number_of_openings,last_date_to_apply,work_mode,minimum_qualification,experience_required
SIH2026-0001,IT Support,Internship,Pragati Solutions Bengaluru,IT,"Synthetic 2-month it support opportunity supporting it projects. The intern will assist the team with supervised assignments, documentation, and practical project work in Bengaluru.","[""Linux"", ""Networking"", ""Troubleshooting"", ""MS Excel""]",BCA / B.Sc. IT / B.Tech,"[""Computer Science"", ""Information Technology"", ""Electronics""]",Bengaluru,Karnataka,Remote,8000,2026-10-01,2,2,2026-09-10,Remote,Graduate,0-1 years preferred
SIH2026-0002,Software Development Intern,Internship,Navbharat Technologies Chennai,Software Development,"Synthetic 3-month software development intern opportunity supporting software development projects. The intern will assist the team with supervised assignments, documentation, and practical project work in Chennai.","[""Python"", ""JavaScript"", ""React""]",B.Tech / BCA / MCA,"[""Computer Science"", ""Information Technology"", ""Software Engineering""]",Chennai,Tamil Nadu,On-site,8750,2026-10-04,3,3,2026-09-12,In-office,Graduate,No prior experience required
SIH2026-0003,Data Analytics Intern,Internship,Sampurna Networks Jaipur,Data Science,"Synthetic 3-month data analytics intern opportunity supporting data science projects. The intern will assist the team with supervised assignments, documentation, and practical project work in Jaipur.","[""Python"", ""SQL"", ""MS Excel""]",B.Sc. / BCA / B.Tech / MBA,"[""Data Science"", ""Computer Science"", ""Statistics"", ""Mathematics"", ""Commerce""]",Jaipur,Rajasthan,On-site,9500,2026-10-07,3,4,2026-09-14,In-office,Graduate,No prior experience required
SIH2026-0004,Computer Vision Intern,Internship,Udaan Industries Bhubaneswar,AI/ML,"Synthetic 4-month computer vision intern opportunity supporting ai/ml projects. The intern will assist the team with supervised assignments, documentation, and practical project work in Bhubaneswar.","[""Python"", ""Machine Learning"", ""Data Analysis""]",B.Tech / M.Tech / M.Sc.,"[""Computer Science"", ""Data Science"", ""Artificial Intelligence"", ""Electronics""]",Bhubaneswar,Odisha,On-site,10250,2026-10-10,4,5,2026-09-16,In-office,Graduate,No prior experience required
SIH2026-0005,Cybersecurity Intern,Internship,Saksham Initiatives Indore,Cybersecurity,"Synthetic 6-month cybersecurity intern opportunity supporting cybersecurity projects. The intern will assist the team with supervised assignments, documentation, and practical project work in Indore.","[""Cybersecurity"", ""Networking"", ""Linux"", ""Python""]",B.Tech / BCA / B.Sc. IT,"[""Computer Science"", ""Information Technology"", ""Cybersecurity"", ""Electronics""]",Indore,Madhya Pradesh,On-site,11000,2026-10-13,6,6,2026-09-18,In-office,Graduate,No prior experience required
SIH2026-0006,Electronics Design Intern,Internship,Nayi Disha Projects Agartala,Electronics,"Synthetic 2-month electronics design intern opportunity supporting electronics projects. The intern will assist the team with supervised assignments, documentation, and practical project work in Agartala.","[""Embedded C"", ""Microcontrollers"", ""PCB Design""]",Diploma / B.Tech,"[""Electronics"", ""Electrical Engineering"", ""Instrumentation""]",Agartala,Tripura,Hybrid,11750,2026-10-16,2,7,2026-09-20,Hybrid,Diploma,No prior experience required
SIH2026-0007,Production Planning Intern,Internship,JanMitra Services Visakhapatnam,Manufacturing,"Synthetic 3-month production planning intern opportunity supporting manufacturing projects. The intern will assist the team with supervised assignments, documentation, and practical project work in Visakhapatnam.","[""MS Excel"", ""Quality Control"", ""Lean Manufacturing""]",Diploma / B.Tech / BBA,"[""Mechanical Engineering"", ""Industrial Engineering"", ""Production Engineering"", ""Business Administration""]",Visakhapatnam,Andhra Pradesh,On-site,12500,2026-10-19,3,8,2026-09-22,In-office,Diploma,No prior experience required
SIH2026-0008,Automobile Service Intern,Internship,Aarambh Enterprises Warangal,Automobile,"Synthetic 3-month automobile service intern opportunity supporting automobile projects. The intern will assist the team with supervised assignments, documentation, and practical project work in Warangal.","[""Automobile Engineering"", ""Diagnostics"", ""Testing""]",Diploma / B.Tech,"[""Automobile Engineering"", ""Mechanical Engineering"", ""Electrical Engineering""]",Warangal,Telangana,On-site,13250,2026-10-22,3,9,2026-09-24,In-office,Diploma,No prior experience required
SIH2026-0009,Finance Operations Intern,Internship,Vikas Solutions New Delhi,Finance,"Synthetic 4-month finance operations intern opportunity supporting finance projects. The intern will assist the team with supervised assignments, documentation, and practical project work in New Delhi.","[""MS Excel"", ""Financial Analysis"", ""Accounting"", ""Tally""]",B.Com / BBA / MBA,"[""Commerce"", ""Finance"", ""Business Administration"", ""Economics""]",New Delhi,Delhi,On-site,12000,2026-10-25,4,10,2026-09-26,In-office,Graduate,0-1 years preferred
SIH2026-0010,Branch Operations Intern,Internship,BharatSetu Technologies Surat,Banking,"Synthetic 6-month branch operations intern opportunity supporting banking projects. The intern will assist the team with supervised assignments, documentation, and practical project work in Surat.","[""MS Excel"", ""Customer Service"", ""KYC""]",B.Com / BBA / BA,"[""Commerce"", ""Finance"", ""Business Administration"", ""Economics""]",Surat,Gujarat,On-site,12750,2026-10-28,6,11,2026-09-28,In-office,Graduate,No prior experience required
SIH2026-0011,Healthcare Operations Intern,Internship,Pragati Networks Gaya,Healthcare,"Synthetic 2-month healthcare operations intern opportunity supporting healthcare projects. The intern will assist the team with supervised assignments, documentation, and practical project work in Gaya.","[""Communication"", ""MS Excel"", ""Documentation""]",B.Sc. / BPH / BBA,"[""Healthcare Management"", ""Public Health"", ""Nursing"", ""Life Sciences"", ""Business Administration""]",Gaya,Bihar,Hybrid,13500,2026-10-31,2,12,2026-09-30,Hybrid,Graduate,No prior experience required
SIH2026-0012,Agriculture Extension Intern,Internship,Navbharat Industries Kochi,Agriculture,"Synthetic 3-month agriculture extension intern opportunity supporting agriculture projects. The intern will assist the team with supervised assignments, documentation, and practical project work in Kochi.","[""Agriculture"", ""Field Survey"", ""MS Excel""]",Diploma / B.Sc. / B.Tech,"[""Agriculture"", ""Horticulture"", ""Food Technology"", ""Rural Development""]",Kochi,Kerala,On-site,14250,2026-11-03,3,13,2026-10-02,In-office,Diploma,No prior experience required
SIH2026-0013,Solar Project Intern,Internship,Sampurna Initiatives Jammu,Renewable Energy,"Synthetic 3-month solar project intern opportunity supporting renewable energy projects. The intern will assist the team with supervised assignments, documentation, and practical project work in Jammu.","[""Solar Energy"", ""MS Excel"", ""AutoCAD"", ""Data Analysis""]",Diploma / B.Tech,"[""Electrical Engineering"", ""Mechanical Engineering"", ""Renewable Energy"", ""Civil Engineering""]",Jammu,Jammu and Kashmir,On-site,17000,2026-11-06,3,14,2026-10-04,In-office,Diploma,No prior experience required
SIH2026-0014,Education Programme Intern,Internship,Udaan Projects Port Blair,Education,"Synthetic 4-month education programme intern opportunity supporting education projects. The intern will assist the team with supervised assignments, documentation, and practical project work in Port Blair.","[""Communication"", ""Content Writing"", ""MS Excel""]",BA / B.Sc. / B.Ed. / BBA,"[""Education"", ""Arts"", ""Science"", ""Social Work"", ""Business Administration""]",Port Blair,Andaman and Nicobar Islands,On-site,15750,2026-11-09,4,15,2026-10-06,In-office,Graduate,No prior experience required
SIH2026-0015,Public Administration Intern,Internship,Saksham Services Nagpur,Government,"Synthetic 6-month public administration intern opportunity supporting government projects. The intern will assist the team with supervised assignments, documentation, and practical project work in Nagpur.","[""MS Excel"", ""Communication"", ""Documentation""]",Graduate / Postgraduate,"[""Public Administration"", ""Political Science"", ""Economics"", ""Social Work"", ""Law""]",Nagpur,Maharashtra,On-site,16500,2026-11-12,6,16,2026-10-08,In-office,Graduate,No prior experience required
SIH2026-0016,MIS Intern,Internship,Nayi Disha Enterprises Varanasi,E-Governance,"Synthetic 2-month mis intern opportunity supporting e-governance projects. The intern will assist the team with supervised assignments, documentation, and practical project work in Varanasi.","[""MS Excel"", ""Data Entry"", ""Documentation""]",Diploma / Graduate,"[""Computer Science"", ""Information Technology"", ""Public Administration"", ""Business Administration""]",Varanasi,Uttar Pradesh,Hybrid,17250,2026-11-15,2,17,2026-10-10,Hybrid,Diploma,No prior experience required
SIH2026-0017,Tourism Operations Intern,Internship,JanMitra Solutions Siliguri,Tourism,"Synthetic 3-month tourism operations intern opportunity supporting tourism projects. The intern will assist the team with supervised assignments, documentation, and practical project work in Siliguri.","[""Customer Service"", ""Communication"", ""MS Excel"", ""Tourism Operations""]",Diploma / Graduate,"[""Tourism"", ""Hospitality"", ""Business Administration"", ""Arts""]",Siliguri,West Bengal,On-site,18000,2026-11-18,3,18,2026-10-12,In-office,Diploma,0-1 years preferred
SIH2026-0018,Logistics Coordinator Intern,Internship,Aarambh Technologies Bhopal,Logistics,"Synthetic 3-month logistics coordinator intern opportunity supporting logistics projects. The intern will assist the team with supervised assignments, documentation, and practical project work in Bhopal.","[""MS Excel"", ""Inventory Management"", ""Communication""]",Diploma / BBA / B.Tech,"[""Logistics"", ""Supply Chain Management"", ""Business Administration"", ""Industrial Engineering""]",Bhopal,Madhya Pradesh,Remote,18750,2026-11-21,3,19,2026-10-14,Remote,Diploma,No prior experience required
SIH2026-0019,Market Research Intern,Internship,Vikas Networks Shillong,Marketing,"Synthetic 4-month market research intern opportunity supporting marketing projects. The intern will assist the team with supervised assignments, documentation, and practical project work in Shillong.","[""Digital Marketing"", ""Content Writing"", ""Communication""]",Graduate / Diploma,"[""Marketing"", ""Business Administration"", ""Commerce"", ""Arts"", ""Mass Communication""]",Shillong,Meghalaya,On-site,19500,2026-11-24,4,20,2026-10-16,In-office,Diploma,No prior experience required
SIH2026-0020,Human Resources Intern,Internship,BharatSetu Industries Chandigarh,HR,"Synthetic 6-month human resources intern opportunity supporting hr projects. The intern will assist the team with supervised assignments, documentation, and practical project work in Chandigarh.","[""Communication"", ""MS Excel"", ""Recruitment""]",BBA / BA / MBA,"[""Human Resources"", ""Business Administration"", ""Psychology"", ""Arts"", ""Commerce""]",Chandigarh,Chandigarh,On-site,20250,2026-11-27,6,21,2026-10-18,In-office,Graduate,No prior experience required
SIH2026-0021,Rural Development Intern,Internship,Pragati Initiatives Hyderabad,Rural Development,"Synthetic 2-month rural development intern opportunity supporting rural development projects. The intern will assist the team with supervised assignments, documentation, and practical project work in Hyderabad.","[""Field Survey"", ""Communication"", ""Data Collection"", ""MS Excel""]",Diploma / Graduate,"[""Rural Development"", ""Social Work"", ""Agriculture"", ""Economics"", ""Public Administration""]",Hyderabad,Telangana,Hybrid,21000,2026-11-30,2,22,2026-10-20,Hybrid,Diploma,No prior experience required
SIH2026-0022,Urban Planning Intern,Internship,Navbharat Projects Madurai,Infrastructure,"Synthetic 3-month urban planning intern opportunity supporting infrastructure projects. The intern will assist the team with supervised assignments, documentation, and practical project work in Madurai.","[""AutoCAD"", ""MS Excel"", ""Documentation""]",Diploma / B.Tech,"[""Civil Engineering"", ""Architecture"", ""Urban Planning"", ""Mechanical Engineering""]",Madurai,Tamil Nadu,On-site,23750,2026-12-03,3,23,2026-10-22,In-office,Diploma,No prior experience required
SIH2026-0023,Telecom Network Intern,Internship,Sampurna Services Ahmedabad,Telecommunications,"Synthetic 3-month telecom network intern opportunity supporting telecommunications projects. The intern will assist the team with supervised assignments, documentation, and practical project work in Ahmedabad.","[""Networking"", ""Telecommunications"", ""Fiber Optics""]",Diploma / B.Tech,"[""Electronics"", ""Telecommunications"", ""Electrical Engineering"", ""Information Technology""]",Ahmedabad,Gujarat,On-site,24500,2026-12-06,3,24,2026-10-24,In-office,Diploma,No prior experience required
SIH2026-0024,IT Support Intern,Internship,Udaan Enterprises Gaya,IT,"Synthetic 4-month it support intern opportunity supporting it projects. The intern will assist the team with supervised assignments, documentation, and practical project work in Gaya.","[""Linux"", ""Networking"", ""Troubleshooting""]",BCA / B.Sc. IT / B.Tech,"[""Computer Science"", ""Information Technology"", ""Electronics""]",Gaya,Bihar,On-site,25250,2026-12-09,4,25,2026-10-26,In-office,Graduate,No prior experience required
SIH2026-0025,Frontend Development,Internship,Saksham Solutions Kochi,Software Development,"Synthetic 6-month frontend development opportunity supporting software development projects. The intern will assist the team with supervised assignments, documentation, and practical project work in Kochi.","[""Python"", ""JavaScript"", ""React"", ""SQL""]",B.Tech / BCA / MCA,"[""Computer Science"", ""Information Technology"", ""Software Engineering""]",Kochi,Kerala,On-site,8000,2026-12-12,6,2,2026-10-28,In-office,Graduate,0-1 years preferred
SIH2026-0026,Data Analytics Intern,Internship,Nayi Disha Technologies Jammu,Data Science,"Synthetic 2-month data analytics intern opportunity supporting data science projects. The intern will assist the team with supervised assignments, documentation, and practical project work in Jammu.","[""Python"", ""SQL"", ""MS Excel""]",B.Sc. / BCA / B.Tech / MBA,"[""Data Science"", ""Computer Science"", ""Statistics"", ""Mathematics"", ""Commerce""]",Jammu,Jammu and Kashmir,Hybrid,8750,2026-12-15,2,3,2026-11-24,Hybrid,Graduate,No prior experience required
SIH2026-0027,Machine Learning Intern,Internship,JanMitra Networks Port Blair,AI/ML,"Synthetic 3-month machine learning intern opportunity supporting ai/ml projects. The intern will assist the team with supervised assignments, documentation, and practical project work in Port Blair.","[""Python"", ""Machine Learning"", ""Data Analysis""]",B.Tech / M.Tech / M.Sc.,"[""Computer Science"", ""Data Science"", ""Artificial Intelligence"", ""Electronics""]",Port Blair,Andaman and Nicobar Islands,On-site,9500,2026-12-18,3,4,2026-11-26,In-office,Graduate,No prior experience required
SIH2026-0028,SOC Analyst Intern,Internship,Aarambh Industries Nagpur,Cybersecurity,"Synthetic 3-month soc analyst intern opportunity supporting cybersecurity projects. The intern will assist the team with supervised assignments, documentation, and practical project work in Nagpur.","[""Cybersecurity"", ""Networking"", ""Linux""]",B.Tech / BCA / B.Sc. IT,"[""Computer Science"", ""Information Technology"", ""Cybersecurity"", ""Electronics""]",Nagpur,Maharashtra,On-site,10250,2026-12-21,3,5,2026-11-28,In-office,Graduate,No prior experience required
SIH2026-0029,Electronics Design Intern,Internship,Vikas Initiatives Varanasi,Electronics,"Synthetic 4-month electronics design intern opportunity supporting electronics projects. The intern will assist the team with supervised assignments, documentation, and practical project work in Varanasi.","[""Embedded C"", ""Microcontrollers"", ""PCB Design"", ""Arduino""]",Diploma / B.Tech,"[""Electronics"", ""Electrical Engineering"", ""Instrumentation""]",Varanasi,Uttar Pradesh,On-site,11000,2026-12-24,4,6,2026-11-30,In-office,Diploma,No prior experience required
SIH2026-0030,Manufacturing Operations Intern,Internship,BharatSetu Projects Siliguri,Manufacturing,"Synthetic 6-month manufacturing operations intern opportunity supporting manufacturing projects. The intern will assist the team with supervised assignments, documentation, and practical project work in Siliguri.","[""MS Excel"", ""Quality Control"", ""Lean Manufacturing""]",Diploma / B.Tech / BBA,"[""Mechanical Engineering"", ""Industrial Engineering"", ""Production Engineering"", ""Business Administration""]",Siliguri,West Bengal,On-site,11750,2026-12-27,6,7,2026-12-02,In-office,Diploma,No prior experience required
SIH2026-0031,EV Systems Intern,Internship,Pragati Services Bhopal,Automobile,"Synthetic 2-month ev systems intern opportunity supporting automobile projects. The intern will assist the team with supervised assignments, documentation, and practical project work in Bhopal.","[""Automobile Engineering"", ""Diagnostics"", ""Testing""]",Diploma / B.Tech,"[""Automobile Engineering"", ""Mechanical Engineering"", ""Electrical Engineering""]",Bhopal,Madhya Pradesh,Hybrid,12500,2026-12-30,2,8,2026-12-04,Hybrid,Diploma,No prior experience required
SIH2026-0032,Finance Operations Intern,Internship,Navbharat Enterprises Shillong,Finance,"Synthetic 3-month finance operations intern opportunity supporting finance projects. The intern will assist the team with supervised assignments, documentation, and practical project work in Shillong.","[""MS Excel"", ""Financial Analysis"", ""Accounting""]",B.Com / BBA / MBA,"[""Commerce"", ""Finance"", ""Business Administration"", ""Economics""]",Shillong,Meghalaya,On-site,11250,2027-01-02,3,9,2026-12-06,In-office,Graduate,No prior experience required
SIH2026-0033,Banking Services Intern,Internship,Sampurna Solutions Chandigarh,Banking,"Synthetic 3-month banking services intern opportunity supporting banking projects. The intern will assist the team with supervised assignments, documentation, and practical project work in Chandigarh.","[""MS Excel"", ""Customer Service"", ""KYC"", ""Communication""]",B.Com / BBA / BA,"[""Commerce"", ""Finance"", ""Business Administration"", ""Economics""]",Chandigarh,Chandigarh,On-site,12000,2027-01-05,3,10,2026-12-08,In-office,Graduate,0-1 years preferred
SIH2026-0034,Hospital Administration Intern,Internship,Udaan Technologies Hyderabad,Healthcare,"Synthetic 4-month hospital administration intern opportunity supporting healthcare projects. The intern will assist the team with supervised assignments, documentation, and practical project work in Hyderabad.","[""Communication"", ""MS Excel"", ""Documentation""]",B.Sc. / BPH / BBA,"[""Healthcare Management"", ""Public Health"", ""Nursing"", ""Life Sciences"", ""Business Administration""]",Hyderabad,Telangana,On-site,12750,2027-01-08,4,11,2026-12-10,In-office,Graduate,No prior experience required
SIH2026-0035,Agriculture Extension Intern,Internship,Saksham Networks Madurai,Agriculture,"Synthetic 6-month agriculture extension intern opportunity supporting agriculture projects. The intern will assist the team with supervised assignments, documentation, and practical project work in Madurai.","[""Agriculture"", ""Field Survey"", ""MS Excel""]",Diploma / B.Sc. / B.Tech,"[""Agriculture"", ""Horticulture"", ""Food Technology"", ""Rural Development""]",Madurai,Tamil Nadu,Remote,13500,2027-01-11,6,12,2026-12-12,Remote,Diploma,No prior experience required
SIH2026-0036,Renewable Energy Intern,Internship,Nayi Disha Industries Ahmedabad,Renewable Energy,"Synthetic 2-month renewable energy intern opportunity supporting renewable energy projects. The intern will assist the team with supervised assignments, documentation, and practical project work in Ahmedabad.","[""Solar Energy"", ""MS Excel"", ""AutoCAD""]",Diploma / B.Tech,"[""Electrical Engineering"", ""Mechanical Engineering"", ""Renewable Energy"", ""Civil Engineering""]",Ahmedabad,Gujarat,Hybrid,16250,2027-01-14,2,13,2026-12-14,Hybrid,Diploma,No prior experience required
SIH2026-0037,Curriculum Support Intern,Internship,JanMitra Initiatives Patna,Education,"Synthetic 3-month curriculum support intern opportunity supporting education projects. The intern will assist the team with supervised assignments, documentation, and practical project work in Patna.","[""Communication"", ""Content Writing"", ""MS Excel"", ""Teaching""]",BA / B.Sc. / B.Ed. / BBA,"[""Education"", ""Arts"", ""Science"", ""Social Work"", ""Business Administration""]",Patna,Bihar,On-site,15000,2027-01-17,3,14,2026-12-16,In-office,Graduate,No prior experience required
SIH2026-0038,Public Administration Intern,Internship,Aarambh Projects Bilaspur,Government,"Synthetic 3-month public administration intern opportunity supporting government projects. The intern will assist the team with supervised assignments, documentation, and practical project work in Bilaspur.","[""MS Excel"", ""Communication"", ""Documentation""]",Graduate / Postgraduate,"[""Public Administration"", ""Political Science"", ""Economics"", ""Social Work"", ""Law""]",Bilaspur,Chhattisgarh,On-site,15750,2027-01-20,3,15,2026-12-18,In-office,Graduate,No prior experience required
SIH2026-0039,E-Governance Support Intern,Internship,Vikas Services Srinagar,E-Governance,"Synthetic 4-month e-governance support intern opportunity supporting e-governance projects. The intern will assist the team with supervised assignments, documentation, and practical project work in Srinagar.","[""MS Excel"", ""Data Entry"", ""Documentation""]",Diploma / Graduate,"[""Computer Science"", ""Information Technology"", ""Public Administration"", ""Business Administration""]",Srinagar,Jammu and Kashmir,On-site,16500,2027-01-23,4,16,2026-12-20,In-office,Diploma,No prior experience required
SIH2026-0040,Heritage Tourism Intern,Internship,BharatSetu Enterprises Panaji,Tourism,"Synthetic 6-month heritage tourism intern opportunity supporting tourism projects. The intern will assist the team with supervised assignments, documentation, and practical project work in Panaji.","[""Customer Service"", ""Communication"", ""MS Excel""]",Diploma / Graduate,"[""Tourism"", ""Hospitality"", ""Business Administration"", ""Arts""]",Panaji,Goa,On-site,17250,2027-01-26,6,17,2026-12-22,In-office,Diploma,No prior experience required
SIH2026-0041,Logistics Coordinator Intern,Internship,Pragati Solutions Mumbai,Logistics,"Synthetic 2-month logistics coordinator intern opportunity supporting logistics projects. The intern will assist the team with supervised assignments, documentation, and practical project work in Mumbai.","[""MS Excel"", ""Inventory Management"", ""Communication"", ""Data Analysis""]",Diploma / BBA / B.Tech,"[""Logistics"", ""Supply Chain Management"", ""Business Administration"", ""Industrial Engineering""]",Mumbai,Maharashtra,Hybrid,18000,2027-01-29,2,18,2026-12-24,Hybrid,Diploma,0-1 years preferred
SIH2026-0042,Digital Marketing Intern,Internship,Navbharat Technologies Lucknow,Marketing,"Synthetic 3-month digital marketing intern opportunity supporting marketing projects. The intern will assist the team with supervised assignments, documentation, and practical project work in Lucknow.","[""Digital Marketing"", ""Content Writing"", ""Communication""]",Graduate / Diploma,"[""Marketing"", ""Business Administration"", ""Commerce"", ""Arts"", ""Mass Communication""]",Lucknow,Uttar Pradesh,On-site,18750,2027-02-01,3,19,2026-12-26,In-office,Diploma,No prior experience required
SIH2026-0043,Talent Acquisition Intern,Internship,Sampurna Networks Kolkata,HR,"Synthetic 3-month talent acquisition intern opportunity supporting hr projects. The intern will assist the team with supervised assignments, documentation, and practical project work in Kolkata.","[""Communication"", ""MS Excel"", ""Recruitment""]",BBA / BA / MBA,"[""Human Resources"", ""Business Administration"", ""Psychology"", ""Arts"", ""Commerce""]",Kolkata,West Bengal,On-site,19500,2027-02-04,3,20,2026-12-28,In-office,Graduate,No prior experience required
SIH2026-0044,Rural Development Intern,Internship,Udaan Industries Jamshedpur,Rural Development,"Synthetic 4-month rural development intern opportunity supporting rural development projects. The intern will assist the team with supervised assignments, documentation, and practical project work in Jamshedpur.","[""Field Survey"", ""Communication"", ""Data Collection""]",Diploma / Graduate,"[""Rural Development"", ""Social Work"", ""Agriculture"", ""Economics"", ""Public Administration""]",Jamshedpur,Jharkhand,On-site,20250,2027-02-07,4,21,2026-12-30,In-office,Diploma,No prior experience required
SIH2026-0045,Infrastructure Planning Intern,Internship,Saksham Initiatives Guwahati,Infrastructure,"Synthetic 6-month infrastructure planning intern opportunity supporting infrastructure projects. The intern will assist the team with supervised assignments, documentation, and practical project work in Guwahati.","[""AutoCAD"", ""MS Excel"", ""Documentation"", ""Site Survey""]",Diploma / B.Tech,"[""Civil Engineering"", ""Architecture"", ""Urban Planning"", ""Mechanical Engineering""]",Guwahati,Assam,On-site,23000,2027-02-10,6,22,2027-01-01,In-office,Diploma,No prior experience required
SIH2026-0046,Network Operations Intern,Internship,Nayi Disha Projects Shimla,Telecommunications,"Synthetic 2-month network operations intern opportunity supporting telecommunications projects. The intern will assist the team with supervised assignments, documentation, and practical project work in Shimla.","[""Networking"", ""Telecommunications"", ""Fiber Optics""]",Diploma / B.Tech,"[""Electronics"", ""Telecommunications"", ""Electrical Engineering"", ""Information Technology""]",Shimla,Himachal Pradesh,Hybrid,23750,2027-02-13,2,23,2027-01-03,Hybrid,Diploma,No prior experience required
SIH2026-0047,IT Support Intern,Internship,JanMitra Services Hyderabad,IT,"Synthetic 3-month it support intern opportunity supporting it projects. The intern will assist the team with supervised assignments, documentation, and practical project work in Hyderabad.","[""Linux"", ""Networking"", ""Troubleshooting""]",BCA / B.Sc. IT / B.Tech,"[""Computer Science"", ""Information Technology"", ""Electronics""]",Hyderabad,Telangana,On-site,24500,2027-02-16,3,24,2027-01-05,In-office,Graduate,No prior experience required
SIH2026-0048,Software Development Intern,Internship,Aarambh Enterprises Madurai,Software Development,"Synthetic 3-month software development intern opportunity supporting software development projects. The intern will assist the team with supervised assignments, documentation, and practical project work in Madurai.","[""Python"", ""JavaScript"", ""React""]",B.Tech / BCA / MCA,"[""Computer Science"", ""Information Technology"", ""Software Engineering""]",Madurai,Tamil Nadu,On-site,25250,2027-02-19,3,25,2027-01-07,In-office,Graduate,No prior experience required
SIH2026-0049,Data Analyst,Internship,Vikas Solutions Ahmedabad,Data Science,"Synthetic 4-month data analyst opportunity supporting data science projects. The intern will assist the team with supervised assignments, documentation, and practical project work in Ahmedabad.","[""Python"", ""SQL"", ""MS Excel"", ""Data Analysis""]",B.Sc. / BCA / B.Tech / MBA,"[""Data Science"", ""Computer Science"", ""Statistics"", ""Mathematics"", ""Commerce""]",Ahmedabad,Gujarat,On-site,8000,2027-02-22,4,2,2027-01-09,In-office,Graduate,0-1 years preferred
SIH2026-0050,Machine Learning Intern,Internship,BharatSetu Technologies Patna,AI/ML,"Synthetic 6-month machine learning intern opportunity supporting ai/ml projects. The intern will assist the team with supervised assignments, documentation, and practical project work in Patna.","[""Python"", ""Machine Learning"", ""Data Analysis""]",B.Tech / M.Tech / M.Sc.,"[""Computer Science"", ""Data Science"", ""Artificial Intelligence"", ""Electronics""]",Patna,Bihar,On-site,8750,2027-02-25,6,3,2027-01-11,In-office,Graduate,No prior experience required
SIH2026-0051,Cybersecurity Intern,Internship,Pragati Networks Bilaspur,Cybersecurity,"Synthetic 2-month cybersecurity intern opportunity supporting cybersecurity projects. The intern will assist the team with supervised assignments, documentation, and practical project work in Bilaspur.","[""Cybersecurity"", ""Networking"", ""Linux""]",B.Tech / BCA / B.Sc. IT,"[""Computer Science"", ""Information Technology"", ""Cybersecurity"", ""Electronics""]",Bilaspur,Chhattisgarh,Hybrid,9500,2027-02-28,2,4,2027-02-07,Hybrid,Graduate,No prior experience required
SIH2026-0052,PCB Design Intern,Internship,Navbharat Industries Srinagar,Electronics,"Synthetic 3-month pcb design intern opportunity supporting electronics projects. The intern will assist the team with supervised assignments, documentation, and practical project work in Srinagar.","[""Embedded C"", ""Microcontrollers"", ""PCB Design""]",Diploma / B.Tech,"[""Electronics"", ""Electrical Engineering"", ""Instrumentation""]",Srinagar,Jammu and Kashmir,Remote,10250,2027-03-03,3,5,2027-02-09,Remote,Diploma,No prior experience required
SIH2026-0053,Manufacturing Operations Intern,Internship,Sampurna Initiatives Panaji,Manufacturing,"Synthetic 3-month manufacturing operations intern opportunity supporting manufacturing projects. The intern will assist the team with supervised assignments, documentation, and practical project work in Panaji.","[""MS Excel"", ""Quality Control"", ""Lean Manufacturing"", ""Documentation""]",Diploma / B.Tech / BBA,"[""Mechanical Engineering"", ""Industrial Engineering"", ""Production Engineering"", ""Business Administration""]",Panaji,Goa,On-site,11000,2027-03-06,3,6,2027-02-11,In-office,Diploma,No prior experience required
SIH2026-0054,Automobile Service Intern,Internship,Udaan Projects Mumbai,Automobile,"Synthetic 4-month automobile service intern opportunity supporting automobile projects. The intern will assist the team with supervised assignments, documentation, and practical project work in Mumbai.","[""Automobile Engineering"", ""Diagnostics"", ""Testing""]",Diploma / B.Tech,"[""Automobile Engineering"", ""Mechanical Engineering"", ""Electrical Engineering""]",Mumbai,Maharashtra,On-site,11750,2027-03-09,4,7,2027-02-13,In-office,Diploma,No prior experience required
SIH2026-0055,Financial Analysis Intern,Internship,Saksham Services Lucknow,Finance,"Synthetic 6-month financial analysis intern opportunity supporting finance projects. The intern will assist the team with supervised assignments, documentation, and practical project work in Lucknow.","[""MS Excel"", ""Financial Analysis"", ""Accounting""]",B.Com / BBA / MBA,"[""Commerce"", ""Finance"", ""Business Administration"", ""Economics""]",Lucknow,Uttar Pradesh,On-site,10500,2027-03-12,6,8,2027-02-15,In-office,Graduate,No prior experience required
SIH2026-0056,Banking Services Intern,Internship,Nayi Disha Enterprises Kolkata,Banking,"Synthetic 2-month banking services intern opportunity supporting banking projects. The intern will assist the team with supervised assignments, documentation, and practical project work in Kolkata.","[""MS Excel"", ""Customer Service"", ""KYC""]",B.Com / BBA / BA,"[""Commerce"", ""Finance"", ""Business Administration"", ""Economics""]",Kolkata,West Bengal,Hybrid,11250,2027-03-15,2,9,2027-02-17,Hybrid,Graduate,No prior experience required
SIH2026-0057,Healthcare Operations Intern,Internship,JanMitra Solutions Jamshedpur,Healthcare,"Synthetic 3-month healthcare operations intern opportunity supporting healthcare projects. The intern will assist the team with supervised assignments, documentation, and practical project work in Jamshedpur.","[""Communication"", ""MS Excel"", ""Documentation"", ""Data Entry""]",B.Sc. / BPH / BBA,"[""Healthcare Management"", ""Public Health"", ""Nursing"", ""Life Sciences"", ""Business Administration""]",Jamshedpur,Jharkhand,On-site,12000,2027-03-18,3,10,2027-02-19,In-office,Graduate,0-1 years preferred
SIH2026-0058,Farm Data Intern,Internship,Aarambh Technologies Guwahati,Agriculture,"Synthetic 3-month farm data intern opportunity supporting agriculture projects. The intern will assist the team with supervised assignments, documentation, and practical project work in Guwahati.","[""Agriculture"", ""Field Survey"", ""MS Excel""]",Diploma / B.Sc. / B.Tech,"[""Agriculture"", ""Horticulture"", ""Food Technology"", ""Rural Development""]",Guwahati,Assam,On-site,12750,2027-03-21,3,11,2027-02-21,In-office,Diploma,No prior experience required
SIH2026-0059,Renewable Energy Intern,Internship,Vikas Networks Shimla,Renewable Energy,"Synthetic 4-month renewable energy intern opportunity supporting renewable energy projects. The intern will assist the team with supervised assignments, documentation, and practical project work in Shimla.","[""Solar Energy"", ""MS Excel"", ""AutoCAD""]",Diploma / B.Tech,"[""Electrical Engineering"", ""Mechanical Engineering"", ""Renewable Energy"", ""Civil Engineering""]",Shimla,Himachal Pradesh,On-site,15500,2027-03-24,4,12,2027-02-23,In-office,Diploma,No prior experience required
SIH2026-0060,Education Programme Intern,Internship,BharatSetu Industries Mysuru,Education,"Synthetic 6-month education programme intern opportunity supporting education projects. The intern will assist the team with supervised assignments, documentation, and practical project work in Mysuru.","[""Communication"", ""Content Writing"", ""MS Excel""]",BA / B.Sc. / B.Ed. / BBA,"[""Education"", ""Arts"", ""Science"", ""Social Work"", ""Business Administration""]",Mysuru,Karnataka,On-site,14250,2027-03-27,6,13,2027-02-25,In-office,Graduate,No prior experience required
SIH2026-0061,Policy Research Intern,Internship,Pragati Initiatives Coimbatore,Government,"Synthetic 2-month policy research intern opportunity supporting government projects. The intern will assist the team with supervised assignments, documentation, and practical project work in Coimbatore.","[""MS Excel"", ""Communication"", ""Documentation"", ""Research""]",Graduate / Postgraduate,"[""Public Administration"", ""Political Science"", ""Economics"", ""Social Work"", ""Law""]",Coimbatore,Tamil Nadu,Hybrid,15000,2027-03-30,2,14,2027-02-27,Hybrid,Graduate,No prior experience required
SIH2026-0062,E-Governance Support Intern,Internship,Navbharat Projects Udaipur,E-Governance,"Synthetic 3-month e-governance support intern opportunity supporting e-governance projects. The intern will assist the team with supervised assignments, documentation, and practical project work in Udaipur.","[""MS Excel"", ""Data Entry"", ""Documentation""]",Diploma / Graduate,"[""Computer Science"", ""Information Technology"", ""Public Administration"", ""Business Administration""]",Udaipur,Rajasthan,On-site,15750,2027-04-02,3,15,2027-03-01,In-office,Diploma,No prior experience required
SIH2026-0063,Tourism Operations Intern,Internship,Sampurna Services Cuttack,Tourism,"Synthetic 3-month tourism operations intern opportunity supporting tourism projects. The intern will assist the team with supervised assignments, documentation, and practical project work in Cuttack.","[""Customer Service"", ""Communication"", ""MS Excel""]",Diploma / Graduate,"[""Tourism"", ""Hospitality"", ""Business Administration"", ""Arts""]",Cuttack,Odisha,On-site,16500,2027-04-05,3,16,2027-03-03,In-office,Diploma,No prior experience required
SIH2026-0064,Warehouse Operations Intern,Internship,Udaan Enterprises Raipur,Logistics,"Synthetic 4-month warehouse operations intern opportunity supporting logistics projects. The intern will assist the team with supervised assignments, documentation, and practical project work in Raipur.","[""MS Excel"", ""Inventory Management"", ""Communication""]",Diploma / BBA / B.Tech,"[""Logistics"", ""Supply Chain Management"", ""Business Administration"", ""Industrial Engineering""]",Raipur,Chhattisgarh,On-site,17250,2027-04-08,4,17,2027-03-05,In-office,Diploma,No prior experience required
SIH2026-0065,Digital Marketing Intern,Internship,Saksham Solutions Imphal,Marketing,"Synthetic 6-month digital marketing intern opportunity supporting marketing projects. The intern will assist the team with supervised assignments, documentation, and practical project work in Imphal.","[""Digital Marketing"", ""Content Writing"", ""Communication"", ""MS Excel""]",Graduate / Diploma,"[""Marketing"", ""Business Administration"", ""Commerce"", ""Arts"", ""Mass Communication""]",Imphal,Manipur,On-site,18000,2027-04-11,6,18,2027-03-07,In-office,Diploma,0-1 years preferred
SIH2026-0066,Human Resources Intern,Internship,Nayi Disha Technologies Vijayawada,HR,"Synthetic 2-month human resources intern opportunity supporting hr projects. The intern will assist the team with supervised assignments, documentation, and practical project work in Vijayawada.","[""Communication"", ""MS Excel"", ""Recruitment""]",BBA / BA / MBA,"[""Human Resources"", ""Business Administration"", ""Psychology"", ""Arts"", ""Commerce""]",Vijayawada,Andhra Pradesh,Hybrid,18750,2027-04-14,2,19,2027-03-09,Hybrid,Graduate,No prior experience required
SIH2026-0067,Community Outreach Intern,Internship,JanMitra Networks Pune,Rural Development,"Synthetic 3-month community outreach intern opportunity supporting rural development projects. The intern will assist the team with supervised assignments, documentation, and practical project work in Pune.","[""Field Survey"", ""Communication"", ""Data Collection""]",Diploma / Graduate,"[""Rural Development"", ""Social Work"", ""Agriculture"", ""Economics"", ""Public Administration""]",Pune,Maharashtra,On-site,19500,2027-04-17,3,20,2027-03-11,In-office,Diploma,No prior experience required
SIH2026-0068,Infrastructure Planning Intern,Internship,Aarambh Industries Noida,Infrastructure,"Synthetic 3-month infrastructure planning intern opportunity supporting infrastructure projects. The intern will assist the team with supervised assignments, documentation, and practical project work in Noida.","[""AutoCAD"", ""MS Excel"", ""Documentation""]",Diploma / B.Tech,"[""Civil Engineering"", ""Architecture"", ""Urban Planning"", ""Mechanical Engineering""]",Noida,Uttar Pradesh,On-site,22250,2027-04-20,3,21,2027-03-13,In-office,Diploma,No prior experience required
SIH2026-0069,Telecom Network Intern,Internship,Vikas Initiatives Gandhinagar,Telecommunications,"Synthetic 4-month telecom network intern opportunity supporting telecommunications projects. The intern will assist the team with supervised assignments, documentation, and practical project work in Gandhinagar.","[""Networking"", ""Telecommunications"", ""Fiber Optics"", ""Troubleshooting""]",Diploma / B.Tech,"[""Electronics"", ""Telecommunications"", ""Electrical Engineering"", ""Information Technology""]",Gandhinagar,Gujarat,Remote,23000,2027-04-23,4,22,2027-03-15,Remote,Diploma,No prior experience required
SIH2026-0070,Systems Administration,Internship,BharatSetu Projects Jamshedpur,IT,"Synthetic 6-month systems administration opportunity supporting it projects. The intern will assist the team with supervised assignments, documentation, and practical project work in Jamshedpur.","[""Linux"", ""Networking"", ""Troubleshooting""]",BCA / B.Sc. IT / B.Tech,"[""Computer Science"", ""Information Technology"", ""Electronics""]",Jamshedpur,Jharkhand,On-site,23750,2027-04-26,6,23,2027-03-17,In-office,Graduate,No prior experience required
SIH2026-0071,Software Development Intern,Internship,Pragati Services Guwahati,Software Development,"Synthetic 2-month software development intern opportunity supporting software development projects. The intern will assist the team with supervised assignments, documentation, and practical project work in Guwahati.","[""Python"", ""JavaScript"", ""React""]",B.Tech / BCA / MCA,"[""Computer Science"", ""Information Technology"", ""Software Engineering""]",Guwahati,Assam,Hybrid,24500,2027-04-29,2,24,2027-03-19,Hybrid,Graduate,No prior experience required
SIH2026-0072,Data Analytics Intern,Internship,Navbharat Enterprises Shimla,Data Science,"Synthetic 3-month data analytics intern opportunity supporting data science projects. The intern will assist the team with supervised assignments, documentation, and practical project work in Shimla.","[""Python"", ""SQL"", ""MS Excel""]",B.Sc. / BCA / B.Tech / MBA,"[""Data Science"", ""Computer Science"", ""Statistics"", ""Mathematics"", ""Commerce""]",Shimla,Himachal Pradesh,On-site,25250,2027-05-02,3,25,2027-03-21,In-office,Graduate,No prior experience required
SIH2026-0073,AI Research Intern,Internship,Sampurna Solutions Mysuru,AI/ML,"Synthetic 3-month ai research intern opportunity supporting ai/ml projects. The intern will assist the team with supervised assignments, documentation, and practical project work in Mysuru.","[""Python"", ""Machine Learning"", ""Data Analysis"", ""Pandas""]",B.Tech / M.Tech / M.Sc.,"[""Computer Science"", ""Data Science"", ""Artificial Intelligence"", ""Electronics""]",Mysuru,Karnataka,On-site,8000,2027-05-05,3,2,2027-03-23,In-office,Graduate,0-1 years preferred
SIH2026-0074,Cybersecurity Intern,Internship,Udaan Technologies Coimbatore,Cybersecurity,"Synthetic 4-month cybersecurity intern opportunity supporting cybersecurity projects. The intern will assist the team with supervised assignments, documentation, and practical project work in Coimbatore.","[""Cybersecurity"", ""Networking"", ""Linux""]",B.Tech / BCA / B.Sc. IT,"[""Computer Science"", ""Information Technology"", ""Cybersecurity"", ""Electronics""]",Coimbatore,Tamil Nadu,On-site,8750,2027-05-08,4,3,2027-03-25,In-office,Graduate,No prior experience required
SIH2026-0075,Electronics Design Intern,Internship,Saksham Networks Udaipur,Electronics,"Synthetic 6-month electronics design intern opportunity supporting electronics projects. The intern will assist the team with supervised assignments, documentation, and practical project work in Udaipur.","[""Embedded C"", ""Microcontrollers"", ""PCB Design""]",Diploma / B.Tech,"[""Electronics"", ""Electrical Engineering"", ""Instrumentation""]",Udaipur,Rajasthan,On-site,9500,2027-05-11,6,4,2027-03-27,In-office,Diploma,No prior experience required
SIH2026-0076,Quality Assurance Intern,Internship,Nayi Disha Industries Cuttack,Manufacturing,"Synthetic 2-month quality assurance intern opportunity supporting manufacturing projects. The intern will assist the team with supervised assignments, documentation, and practical project work in Cuttack.","[""MS Excel"", ""Quality Control"", ""Lean Manufacturing""]",Diploma / B.Tech / BBA,"[""Mechanical Engineering"", ""Industrial Engineering"", ""Production Engineering"", ""Business Administration""]",Cuttack,Odisha,Hybrid,10250,2027-05-14,2,5,2027-04-23,Hybrid,Diploma,No prior experience required
SIH2026-0077,Automobile Service Intern,Internship,JanMitra Initiatives Raipur,Automobile,"Synthetic 3-month automobile service intern opportunity supporting automobile projects. The intern will assist the team with supervised assignments, documentation, and practical project work in Raipur.","[""Automobile Engineering"", ""Diagnostics"", ""Testing"", ""MS Excel""]",Diploma / B.Tech,"[""Automobile Engineering"", ""Mechanical Engineering"", ""Electrical Engineering""]",Raipur,Chhattisgarh,On-site,11000,2027-05-17,3,6,2027-04-25,In-office,Diploma,No prior experience required
SIH2026-0078,Finance Operations Intern,Internship,Aarambh Projects Imphal,Finance,"Synthetic 3-month finance operations intern opportunity supporting finance projects. The intern will assist the team with supervised assignments, documentation, and practical project work in Imphal.","[""MS Excel"", ""Financial Analysis"", ""Accounting""]",B.Com / BBA / MBA,"[""Commerce"", ""Finance"", ""Business Administration"", ""Economics""]",Imphal,Manipur,On-site,9750,2027-05-20,3,7,2027-04-27,In-office,Graduate,No prior experience required
SIH2026-0079,Credit Operations Intern,Internship,Vikas Services Vijayawada,Banking,"Synthetic 4-month credit operations intern opportunity supporting banking projects. The intern will assist the team with supervised assignments, documentation, and practical project work in Vijayawada.","[""MS Excel"", ""Customer Service"", ""KYC""]",B.Com / BBA / BA,"[""Commerce"", ""Finance"", ""Business Administration"", ""Economics""]",Vijayawada,Andhra Pradesh,On-site,10500,2027-05-23,4,8,2027-04-29,In-office,Graduate,No prior experience required
SIH2026-0080,Healthcare Operations Intern,Internship,BharatSetu Enterprises Pune,Healthcare,"Synthetic 6-month healthcare operations intern opportunity supporting healthcare projects. The intern will assist the team with supervised assignments, documentation, and practical project work in Pune.","[""Communication"", ""MS Excel"", ""Documentation""]",B.Sc. / BPH / BBA,"[""Healthcare Management"", ""Public Health"", ""Nursing"", ""Life Sciences"", ""Business Administration""]",Pune,Maharashtra,On-site,11250,2027-05-26,6,9,2027-05-01,In-office,Graduate,No prior experience required
SIH2026-0081,Agriculture Extension Intern,Internship,Pragati Solutions Noida,Agriculture,"Synthetic 2-month agriculture extension intern opportunity supporting agriculture projects. The intern will assist the team with supervised assignments, documentation, and practical project work in Noida.","[""Agriculture"", ""Field Survey"", ""MS Excel"", ""Communication""]",Diploma / B.Sc. / B.Tech,"[""Agriculture"", ""Horticulture"", ""Food Technology"", ""Rural Development""]",Noida,Uttar Pradesh,Hybrid,12000,2027-05-29,2,10,2027-05-03,Hybrid,Diploma,0-1 years preferred
SIH2026-0082,Energy Audit Intern,Internship,Navbharat Technologies Gandhinagar,Renewable Energy,"Synthetic 3-month energy audit intern opportunity supporting renewable energy projects. The intern will assist the team with supervised assignments, documentation, and practical project work in Gandhinagar.","[""Solar Energy"", ""MS Excel"", ""AutoCAD""]",Diploma / B.Tech,"[""Electrical Engineering"", ""Mechanical Engineering"", ""Renewable Energy"", ""Civil Engineering""]",Gandhinagar,Gujarat,On-site,14750,2027-06-01,3,11,2027-05-05,In-office,Diploma,No prior experience required
SIH2026-0083,Education Programme Intern,Internship,Sampurna Networks Ranchi,Education,"Synthetic 3-month education programme intern opportunity supporting education projects. The intern will assist the team with supervised assignments, documentation, and practical project work in Ranchi.","[""Communication"", ""Content Writing"", ""MS Excel""]",BA / B.Sc. / B.Ed. / BBA,"[""Education"", ""Arts"", ""Science"", ""Social Work"", ""Business Administration""]",Ranchi,Jharkhand,On-site,13500,2027-06-04,3,12,2027-05-07,In-office,Graduate,No prior experience required
SIH2026-0084,Public Administration Intern,Internship,Udaan Industries Thiruvananthapuram,Government,"Synthetic 4-month public administration intern opportunity supporting government projects. The intern will assist the team with supervised assignments, documentation, and practical project work in Thiruvananthapuram.","[""MS Excel"", ""Communication"", ""Documentation""]",Graduate / Postgraduate,"[""Public Administration"", ""Political Science"", ""Economics"", ""Social Work"", ""Law""]",Thiruvananthapuram,Kerala,On-site,14250,2027-06-07,4,13,2027-05-09,In-office,Graduate,No prior experience required
SIH2026-0085,Digital Services Intern,Internship,Saksham Initiatives Dehradun,E-Governance,"Synthetic 6-month digital services intern opportunity supporting e-governance projects. The intern will assist the team with supervised assignments, documentation, and practical project work in Dehradun.","[""MS Excel"", ""Data Entry"", ""Documentation"", ""Communication""]",Diploma / Graduate,"[""Computer Science"", ""Information Technology"", ""Public Administration"", ""Business Administration""]",Dehradun,Uttarakhand,On-site,15000,2027-06-10,6,14,2027-05-11,In-office,Diploma,No prior experience required
SIH2026-0086,Tourism Operations Intern,Internship,Nayi Disha Projects Bengaluru,Tourism,"Synthetic 2-month tourism operations intern opportunity supporting tourism projects. The intern will assist the team with supervised assignments, documentation, and practical project work in Bengaluru.","[""Customer Service"", ""Communication"", ""MS Excel""]",Diploma / Graduate,"[""Tourism"", ""Hospitality"", ""Business Administration"", ""Arts""]",Bengaluru,Karnataka,Remote,15750,2027-06-13,2,15,2027-05-13,Remote,Diploma,No prior experience required
SIH2026-0087,Logistics Coordinator Intern,Internship,JanMitra Services Chennai,Logistics,"Synthetic 3-month logistics coordinator intern opportunity supporting logistics projects. The intern will assist the team with supervised assignments, documentation, and practical project work in Chennai.","[""MS Excel"", ""Inventory Management"", ""Communication""]",Diploma / BBA / B.Tech,"[""Logistics"", ""Supply Chain Management"", ""Business Administration"", ""Industrial Engineering""]",Chennai,Tamil Nadu,On-site,16500,2027-06-16,3,16,2027-05-15,In-office,Diploma,No prior experience required
SIH2026-0088,Social Media Intern,Internship,Aarambh Enterprises Jaipur,Marketing,"Synthetic 3-month social media intern opportunity supporting marketing projects. The intern will assist the team with supervised assignments, documentation, and practical project work in Jaipur.","[""Digital Marketing"", ""Content Writing"", ""Communication""]",Graduate / Diploma,"[""Marketing"", ""Business Administration"", ""Commerce"", ""Arts"", ""Mass Communication""]",Jaipur,Rajasthan,On-site,17250,2027-06-19,3,17,2027-05-17,In-office,Diploma,No prior experience required
SIH2026-0089,Human Resources Intern,Internship,Vikas Solutions Bhubaneswar,HR,"Synthetic 4-month human resources intern opportunity supporting hr projects. The intern will assist the team with supervised assignments, documentation, and practical project work in Bhubaneswar.","[""Communication"", ""MS Excel"", ""Recruitment"", ""Documentation""]",BBA / BA / MBA,"[""Human Resources"", ""Business Administration"", ""Psychology"", ""Arts"", ""Commerce""]",Bhubaneswar,Odisha,On-site,18000,2027-06-22,4,18,2027-05-19,In-office,Graduate,0-1 years preferred
SIH2026-0090,Rural Development Intern,Internship,BharatSetu Technologies Indore,Rural Development,"Synthetic 6-month rural development intern opportunity supporting rural development projects. The intern will assist the team with supervised assignments, documentation, and practical project work in Indore.","[""Field Survey"", ""Communication"", ""Data Collection""]",Diploma / Graduate,"[""Rural Development"", ""Social Work"", ""Agriculture"", ""Economics"", ""Public Administration""]",Indore,Madhya Pradesh,On-site,18750,2027-06-25,6,19,2027-05-21,In-office,Diploma,No prior experience required
SIH2026-0091,Site Coordination Intern,Internship,Pragati Networks Agartala,Infrastructure,"Synthetic 2-month site coordination intern opportunity supporting infrastructure projects. The intern will assist the team with supervised assignments, documentation, and practical project work in Agartala.","[""AutoCAD"", ""MS Excel"", ""Documentation""]",Diploma / B.Tech,"[""Civil Engineering"", ""Architecture"", ""Urban Planning"", ""Mechanical Engineering""]",Agartala,Tripura,Hybrid,21500,2027-06-28,2,20,2027-05-23,Hybrid,Diploma,No prior experience required
SIH2026-0092,Telecom Network Intern,Internship,Navbharat Industries Visakhapatnam,Telecommunications,"Synthetic 3-month telecom network intern opportunity supporting telecommunications projects. The intern will assist the team with supervised assignments, documentation, and practical project work in Visakhapatnam.","[""Networking"", ""Telecommunications"", ""Fiber Optics""]",Diploma / B.Tech,"[""Electronics"", ""Telecommunications"", ""Electrical Engineering"", ""Information Technology""]",Visakhapatnam,Andhra Pradesh,On-site,22250,2027-07-01,3,21,2027-05-25,In-office,Diploma,No prior experience required
SIH2026-0093,IT Support Intern,Internship,Sampurna Initiatives Pune,IT,"Synthetic 3-month it support intern opportunity supporting it projects. The intern will assist the team with supervised assignments, documentation, and practical project work in Pune.","[""Linux"", ""Networking"", ""Troubleshooting"", ""MS Excel""]",BCA / B.Sc. IT / B.Tech,"[""Computer Science"", ""Information Technology"", ""Electronics""]",Pune,Maharashtra,On-site,23000,2027-07-04,3,22,2027-05-27,In-office,Graduate,No prior experience required
SIH2026-0094,Frontend Development,Internship,Udaan Projects Noida,Software Development,"Synthetic 4-month frontend development opportunity supporting software development projects. The intern will assist the team with supervised assignments, documentation, and practical project work in Noida.","[""Python"", ""JavaScript"", ""React""]",B.Tech / BCA / MCA,"[""Computer Science"", ""Information Technology"", ""Software Engineering""]",Noida,Uttar Pradesh,On-site,23750,2027-07-07,4,23,2027-05-29,In-office,Graduate,No prior experience required
SIH2026-0095,Data Analytics Intern,Internship,Saksham Services Gandhinagar,Data Science,"Synthetic 6-month data analytics intern opportunity supporting data science projects. The intern will assist the team with supervised assignments, documentation, and practical project work in Gandhinagar.","[""Python"", ""SQL"", ""MS Excel""]",B.Sc. / BCA / B.Tech / MBA,"[""Data Science"", ""Computer Science"", ""Statistics"", ""Mathematics"", ""Commerce""]",Gandhinagar,Gujarat,On-site,24500,2027-07-10,6,24,2027-05-31,In-office,Graduate,No prior experience required
SIH2026-0096,Machine Learning Intern,Internship,Nayi Disha Enterprises Ranchi,AI/ML,"Synthetic 2-month machine learning intern opportunity supporting ai/ml projects. The intern will assist the team with supervised assignments, documentation, and practical project work in Ranchi.","[""Python"", ""Machine Learning"", ""Data Analysis""]",B.Tech / M.Tech / M.Sc.,"[""Computer Science"", ""Data Science"", ""Artificial Intelligence"", ""Electronics""]",Ranchi,Jharkhand,Hybrid,25250,2027-07-13,2,25,2027-06-02,Hybrid,Graduate,No prior experience required
SIH2026-0097,Information Security Intern,Internship,JanMitra Solutions Thiruvananthapuram,Cybersecurity,"Synthetic 3-month information security intern opportunity supporting cybersecurity projects. The intern will assist the team with supervised assignments, documentation, and practical project work in Thiruvananthapuram.","[""Cybersecurity"", ""Networking"", ""Linux"", ""Python""]",B.Tech / BCA / B.Sc. IT,"[""Computer Science"", ""Information Technology"", ""Cybersecurity"", ""Electronics""]",Thiruvananthapuram,Kerala,On-site,8000,2027-07-16,3,2,2027-06-04,In-office,Graduate,0-1 years preferred
SIH2026-0098,Electronics Design Intern,Internship,Aarambh Technologies Dehradun,Electronics,"Synthetic 3-month electronics design intern opportunity supporting electronics projects. The intern will assist the team with supervised assignments, documentation, and practical project work in Dehradun.","[""Embedded C"", ""Microcontrollers"", ""PCB Design""]",Diploma / B.Tech,"[""Electronics"", ""Electrical Engineering"", ""Instrumentation""]",Dehradun,Uttarakhand,On-site,8750,2027-07-19,3,3,2027-06-06,In-office,Diploma,No prior experience required
SIH2026-0099,Manufacturing Operations Intern,Internship,Vikas Networks Bengaluru,Manufacturing,"Synthetic 4-month manufacturing operations intern opportunity supporting manufacturing projects. The intern will assist the team with supervised assignments, documentation, and practical project work in Bengaluru.","[""MS Excel"", ""Quality Control"", ""Lean Manufacturing""]",Diploma / B.Tech / BBA,"[""Mechanical Engineering"", ""Industrial Engineering"", ""Production Engineering"", ""Business Administration""]",Bengaluru,Karnataka,On-site,9500,2027-07-22,4,4,2027-06-08,In-office,Diploma,No prior experience required
SIH2026-0100,Automotive Testing Intern,Internship,BharatSetu Industries Chennai,Automobile,"Synthetic 6-month automotive testing intern opportunity supporting automobile projects. The intern will assist the team with supervised assignments, documentation, and practical project work in Chennai.","[""Automobile Engineering"", ""Diagnostics"", ""Testing""]",Diploma / B.Tech,"[""Automobile Engineering"", ""Mechanical Engineering"", ""Electrical Engineering""]",Chennai,Tamil Nadu,On-site,10250,2027-07-25,6,5,2027-06-10,In-office,Diploma,No prior experience required
SIH2026-0101,Finance Operations Intern,Internship,Pragati Initiatives Jaipur,Finance,"Synthetic 2-month finance operations intern opportunity supporting finance projects. The intern will assist the team with supervised assignments, documentation, and practical project work in Jaipur.","[""MS Excel"", ""Financial Analysis"", ""Accounting"", ""Tally""]",B.Com / BBA / MBA,"[""Commerce"", ""Finance"", ""Business Administration"", ""Economics""]",Jaipur,Rajasthan,Hybrid,9000,2027-07-28,2,6,2027-07-07,Hybrid,Graduate,No prior experience required
SIH2026-0102,Banking Services Intern,Internship,Navbharat Projects Bhubaneswar,Banking,"Synthetic 3-month banking services intern opportunity supporting banking projects. The intern will assist the team with supervised assignments, documentation, and practical project work in Bhubaneswar.","[""MS Excel"", ""Customer Service"", ""KYC""]",B.Com / BBA / BA,"[""Commerce"", ""Finance"", ""Business Administration"", ""Economics""]",Bhubaneswar,Odisha,On-site,9750,2027-07-31,3,7,2027-07-09,In-office,Graduate,No prior experience required
SIH2026-0103,Public Health Intern,Internship,Sampurna Services Indore,Healthcare,"Synthetic 3-month public health intern opportunity supporting healthcare projects. The intern will assist the team with supervised assignments, documentation, and practical project work in Indore.","[""Communication"", ""MS Excel"", ""Documentation""]",B.Sc. / BPH / BBA,"[""Healthcare Management"", ""Public Health"", ""Nursing"", ""Life Sciences"", ""Business Administration""]",Indore,Madhya Pradesh,Remote,10500,2027-08-03,3,8,2027-07-11,Remote,Graduate,No prior experience required
SIH2026-0104,Agriculture Extension Intern,Internship,Udaan Enterprises Agartala,Agriculture,"Synthetic 4-month agriculture extension intern opportunity supporting agriculture projects. The intern will assist the team with supervised assignments, documentation, and practical project work in Agartala.","[""Agriculture"", ""Field Survey"", ""MS Excel""]",Diploma / B.Sc. / B.Tech,"[""Agriculture"", ""Horticulture"", ""Food Technology"", ""Rural Development""]",Agartala,Tripura,On-site,11250,2027-08-06,4,9,2027-07-13,In-office,Diploma,No prior experience required
SIH2026-0105,Renewable Energy Intern,Internship,Saksham Solutions Visakhapatnam,Renewable Energy,"Synthetic 6-month renewable energy intern opportunity supporting renewable energy projects. The intern will assist the team with supervised assignments, documentation, and practical project work in Visakhapatnam.","[""Solar Energy"", ""MS Excel"", ""AutoCAD"", ""Data Analysis""]",Diploma / B.Tech,"[""Electrical Engineering"", ""Mechanical Engineering"", ""Renewable Energy"", ""Civil Engineering""]",Visakhapatnam,Andhra Pradesh,On-site,14000,2027-08-09,6,10,2027-07-15,In-office,Diploma,0-1 years preferred
SIH2026-0106,Student Outreach Intern,Internship,Nayi Disha Technologies Warangal,Education,"Synthetic 2-month student outreach intern opportunity supporting education projects. The intern will assist the team with supervised assignments, documentation, and practical project work in Warangal.","[""Communication"", ""Content Writing"", ""MS Excel""]",BA / B.Sc. / B.Ed. / BBA,"[""Education"", ""Arts"", ""Science"", ""Social Work"", ""Business Administration""]",Warangal,Telangana,Hybrid,12750,2027-08-12,2,11,2027-07-17,Hybrid,Graduate,No prior experience required
SIH2026-0107,Public Administration Intern,Internship,JanMitra Networks New Delhi,Government,"Synthetic 3-month public administration intern opportunity supporting government projects. The intern will assist the team with supervised assignments, documentation, and practical project work in New Delhi.","[""MS Excel"", ""Communication"", ""Documentation""]",Graduate / Postgraduate,"[""Public Administration"", ""Political Science"", ""Economics"", ""Social Work"", ""Law""]",New Delhi,Delhi,On-site,13500,2027-08-15,3,12,2027-07-19,In-office,Graduate,No prior experience required
SIH2026-0108,E-Governance Support Intern,Internship,Aarambh Industries Surat,E-Governance,"Synthetic 3-month e-governance support intern opportunity supporting e-governance projects. The intern will assist the team with supervised assignments, documentation, and practical project work in Surat.","[""MS Excel"", ""Data Entry"", ""Documentation""]",Diploma / Graduate,"[""Computer Science"", ""Information Technology"", ""Public Administration"", ""Business Administration""]",Surat,Gujarat,On-site,14250,2027-08-18,3,13,2027-07-21,In-office,Diploma,No prior experience required
SIH2026-0109,Travel Desk Intern,Internship,Vikas Initiatives Gaya,Tourism,"Synthetic 4-month travel desk intern opportunity supporting tourism projects. The intern will assist the team with supervised assignments, documentation, and practical project work in Gaya.","[""Customer Service"", ""Communication"", ""MS Excel"", ""Tourism Operations""]",Diploma / Graduate,"[""Tourism"", ""Hospitality"", ""Business Administration"", ""Arts""]",Gaya,Bihar,On-site,15000,2027-08-21,4,14,2027-07-23,In-office,Diploma,No prior experience required
SIH2026-0110,Logistics Coordinator Intern,Internship,BharatSetu Projects Kochi,Logistics,"Synthetic 6-month logistics coordinator intern opportunity supporting logistics projects. The intern will assist the team with supervised assignments, documentation, and practical project work in Kochi.","[""MS Excel"", ""Inventory Management"", ""Communication""]",Diploma / BBA / B.Tech,"[""Logistics"", ""Supply Chain Management"", ""Business Administration"", ""Industrial Engineering""]",Kochi,Kerala,On-site,15750,2027-08-24,6,15,2027-07-25,In-office,Diploma,No prior experience required
SIH2026-0111,Digital Marketing Intern,Internship,Pragati Services Jammu,Marketing,"Synthetic 2-month digital marketing intern opportunity supporting marketing projects. The intern will assist the team with supervised assignments, documentation, and practical project work in Jammu.","[""Digital Marketing"", ""Content Writing"", ""Communication""]",Graduate / Diploma,"[""Marketing"", ""Business Administration"", ""Commerce"", ""Arts"", ""Mass Communication""]",Jammu,Jammu and Kashmir,Hybrid,16500,2027-08-27,2,16,2027-07-27,Hybrid,Diploma,No prior experience required
SIH2026-0112,HR Operations Intern,Internship,Navbharat Enterprises Port Blair,HR,"Synthetic 3-month hr operations intern opportunity supporting hr projects. The intern will assist the team with supervised assignments, documentation, and practical project work in Port Blair.","[""Communication"", ""MS Excel"", ""Recruitment""]",BBA / BA / MBA,"[""Human Resources"", ""Business Administration"", ""Psychology"", ""Arts"", ""Commerce""]",Port Blair,Andaman and Nicobar Islands,On-site,17250,2027-08-30,3,17,2027-07-29,In-office,Graduate,No prior experience required
SIH2026-0113,Rural Development Intern,Internship,Sampurna Solutions Nagpur,Rural Development,"Synthetic 3-month rural development intern opportunity supporting rural development projects. The intern will assist the team with supervised assignments, documentation, and practical project work in Nagpur.","[""Field Survey"", ""Communication"", ""Data Collection"", ""MS Excel""]",Diploma / Graduate,"[""Rural Development"", ""Social Work"", ""Agriculture"", ""Economics"", ""Public Administration""]",Nagpur,Maharashtra,On-site,18000,2027-09-02,3,18,2027-07-31,In-office,Diploma,0-1 years preferred
SIH2026-0114,Infrastructure Planning Intern,Internship,Udaan Technologies Varanasi,Infrastructure,"Synthetic 4-month infrastructure planning intern opportunity supporting infrastructure projects. The intern will assist the team with supervised assignments, documentation, and practical project work in Varanasi.","[""AutoCAD"", ""MS Excel"", ""Documentation""]",Diploma / B.Tech,"[""Civil Engineering"", ""Architecture"", ""Urban Planning"", ""Mechanical Engineering""]",Varanasi,Uttar Pradesh,On-site,20750,2027-09-05,4,19,2027-08-02,In-office,Diploma,No prior experience required
SIH2026-0115,Field Network Intern,Internship,Saksham Networks Siliguri,Telecommunications,"Synthetic 6-month field network intern opportunity supporting telecommunications projects. The intern will assist the team with supervised assignments, documentation, and practical project work in Siliguri.","[""Networking"", ""Telecommunications"", ""Fiber Optics""]",Diploma / B.Tech,"[""Electronics"", ""Telecommunications"", ""Electrical Engineering"", ""Information Technology""]",Siliguri,West Bengal,On-site,21500,2027-09-08,6,20,2027-08-04,In-office,Diploma,No prior experience required
SIH2026-0116,IT Support Intern,Internship,Nayi Disha Industries Indore,IT,"Synthetic 2-month it support intern opportunity supporting it projects. The intern will assist the team with supervised assignments, documentation, and practical project work in Indore.","[""Linux"", ""Networking"", ""Troubleshooting""]",BCA / B.Sc. IT / B.Tech,"[""Computer Science"", ""Information Technology"", ""Electronics""]",Indore,Madhya Pradesh,Hybrid,22250,2027-09-11,2,21,2027-08-06,Hybrid,Graduate,No prior experience required
SIH2026-0117,Software Development Intern,Internship,JanMitra Initiatives Agartala,Software Development,"Synthetic 3-month software development intern opportunity supporting software development projects. The intern will assist the team with supervised assignments, documentation, and practical project work in Agartala.","[""Python"", ""JavaScript"", ""React"", ""SQL""]",B.Tech / BCA / MCA,"[""Computer Science"", ""Information Technology"", ""Software Engineering""]",Agartala,Tripura,On-site,23000,2027-09-14,3,22,2027-08-08,In-office,Graduate,No prior experience required
SIH2026-0118,Business Intelligence Intern,Internship,Aarambh Projects Visakhapatnam,Data Science,"Synthetic 3-month business intelligence intern opportunity supporting data science projects. The intern will assist the team with supervised assignments, documentation, and practical project work in Visakhapatnam.","[""Python"", ""SQL"", ""MS Excel""]",B.Sc. / BCA / B.Tech / MBA,"[""Data Science"", ""Computer Science"", ""Statistics"", ""Mathematics"", ""Commerce""]",Visakhapatnam,Andhra Pradesh,On-site,23750,2027-09-17,3,23,2027-08-10,In-office,Graduate,No prior experience required
SIH2026-0119,Machine Learning Intern,Internship,Vikas Services Warangal,AI/ML,"Synthetic 4-month machine learning intern opportunity supporting ai/ml projects. The intern will assist the team with supervised assignments, documentation, and practical project work in Warangal.","[""Python"", ""Machine Learning"", ""Data Analysis""]",B.Tech / M.Tech / M.Sc.,"[""Computer Science"", ""Data Science"", ""Artificial Intelligence"", ""Electronics""]",Warangal,Telangana,On-site,24500,2027-09-20,4,24,2027-08-12,In-office,Graduate,No prior experience required
SIH2026-0120,Cybersecurity Intern,Internship,BharatSetu Enterprises New Delhi,Cybersecurity,"Synthetic 6-month cybersecurity intern opportunity supporting cybersecurity projects. The intern will assist the team with supervised assignments, documentation, and practical project work in New Delhi.","[""Cybersecurity"", ""Networking"", ""Linux""]",B.Tech / BCA / B.Sc. IT,"[""Computer Science"", ""Information Technology"", ""Cybersecurity"", ""Electronics""]",New Delhi,Delhi,Remote,25250,2027-09-23,6,25,2027-08-14,Remote,Graduate,No prior experience required
SIH2026-0121,Embedded Systems Intern,Internship,Pragati Solutions Surat,Electronics,"Synthetic 2-month embedded systems intern opportunity supporting electronics projects. The intern will assist the team with supervised assignments, documentation, and practical project work in Surat.","[""Embedded C"", ""Microcontrollers"", ""PCB Design"", ""Arduino""]",Diploma / B.Tech,"[""Electronics"", ""Electrical Engineering"", ""Instrumentation""]",Surat,Gujarat,Hybrid,8000,2026-10-01,2,2,2026-08-21,Hybrid,Diploma,0-1 years preferred
SIH2026-0122,Manufacturing Operations Intern,Internship,Navbharat Technologies Gaya,Manufacturing,"Synthetic 3-month manufacturing operations intern opportunity supporting manufacturing projects. The intern will assist the team with supervised assignments, documentation, and practical project work in Gaya.","[""MS Excel"", ""Quality Control"", ""Lean Manufacturing""]",Diploma / B.Tech / BBA,"[""Mechanical Engineering"", ""Industrial Engineering"", ""Production Engineering"", ""Business Administration""]",Gaya,Bihar,On-site,8750,2026-10-04,3,3,2026-08-23,In-office,Diploma,No prior experience required
SIH2026-0123,Automobile Service Intern,Internship,Sampurna Networks Kochi,Automobile,"Synthetic 3-month automobile service intern opportunity supporting automobile projects. The intern will assist the team with supervised assignments, documentation, and practical project work in Kochi.","[""Automobile Engineering"", ""Diagnostics"", ""Testing""]",Diploma / B.Tech,"[""Automobile Engineering"", ""Mechanical Engineering"", ""Electrical Engineering""]",Kochi,Kerala,On-site,9500,2026-10-07,3,4,2026-08-25,In-office,Diploma,No prior experience required
SIH2026-0124,Accounts Intern,Internship,Udaan Industries Jammu,Finance,"Synthetic 4-month accounts intern opportunity supporting finance projects. The intern will assist the team with supervised assignments, documentation, and practical project work in Jammu.","[""MS Excel"", ""Financial Analysis"", ""Accounting""]",B.Com / BBA / MBA,"[""Commerce"", ""Finance"", ""Business Administration"", ""Economics""]",Jammu,Jammu and Kashmir,On-site,8250,2026-10-10,4,5,2026-08-27,In-office,Graduate,No prior experience required
SIH2026-0125,Banking Services Intern,Internship,Saksham Initiatives Port Blair,Banking,"Synthetic 6-month banking services intern opportunity supporting banking projects. The intern will assist the team with supervised assignments, documentation, and practical project work in Port Blair.","[""MS Excel"", ""Customer Service"", ""KYC"", ""Communication""]",B.Com / BBA / BA,"[""Commerce"", ""Finance"", ""Business Administration"", ""Economics""]",Port Blair,Andaman and Nicobar Islands,On-site,9000,2026-10-13,6,6,2026-08-29,In-office,Graduate,No prior experience required
SIH2026-0126,Healthcare Operations Intern,Internship,Nayi Disha Projects Nagpur,Healthcare,"Synthetic 2-month healthcare operations intern opportunity supporting healthcare projects. The intern will assist the team with supervised assignments, documentation, and practical project work in Nagpur.","[""Communication"", ""MS Excel"", ""Documentation""]",B.Sc. / BPH / BBA,"[""Healthcare Management"", ""Public Health"", ""Nursing"", ""Life Sciences"", ""Business Administration""]",Nagpur,Maharashtra,Hybrid,9750,2026-10-16,2,7,2026-09-25,Hybrid,Graduate,No prior experience required
SIH2026-0127,Agri Supply Chain Intern,Internship,JanMitra Services Varanasi,Agriculture,"Synthetic 3-month agri supply chain intern opportunity supporting agriculture projects. The intern will assist the team with supervised assignments, documentation, and practical project work in Varanasi.","[""Agriculture"", ""Field Survey"", ""MS Excel""]",Diploma / B.Sc. / B.Tech,"[""Agriculture"", ""Horticulture"", ""Food Technology"", ""Rural Development""]",Varanasi,Uttar Pradesh,On-site,10500,2026-10-19,3,8,2026-09-27,In-office,Diploma,No prior experience required
SIH2026-0128,Renewable Energy Intern,Internship,Aarambh Enterprises Siliguri,Renewable Energy,"Synthetic 3-month renewable energy intern opportunity supporting renewable energy projects. The intern will assist the team with supervised assignments, documentation, and practical project work in Siliguri.","[""Solar Energy"", ""MS Excel"", ""AutoCAD""]",Diploma / B.Tech,"[""Electrical Engineering"", ""Mechanical Engineering"", ""Renewable Energy"", ""Civil Engineering""]",Siliguri,West Bengal,On-site,13250,2026-10-22,3,9,2026-09-29,In-office,Diploma,No prior experience required
SIH2026-0129,Education Programme Intern,Internship,Vikas Solutions Bhopal,Education,"Synthetic 4-month education programme intern opportunity supporting education projects. The intern will assist the team with supervised assignments, documentation, and practical project work in Bhopal.","[""Communication"", ""Content Writing"", ""MS Excel"", ""Teaching""]",BA / B.Sc. / B.Ed. / BBA,"[""Education"", ""Arts"", ""Science"", ""Social Work"", ""Business Administration""]",Bhopal,Madhya Pradesh,On-site,12000,2026-10-25,4,10,2026-10-01,In-office,Graduate,0-1 years preferred
SIH2026-0130,Citizen Services Intern,Internship,BharatSetu Technologies Shillong,Government,"Synthetic 6-month citizen services intern opportunity supporting government projects. The intern will assist the team with supervised assignments, documentation, and practical project work in Shillong.","[""MS Excel"", ""Communication"", ""Documentation""]",Graduate / Postgraduate,"[""Public Administration"", ""Political Science"", ""Economics"", ""Social Work"", ""Law""]",Shillong,Meghalaya,On-site,12750,2026-10-28,6,11,2026-10-03,In-office,Graduate,No prior experience required
SIH2026-0131,E-Governance Support Intern,Internship,Pragati Networks Chandigarh,E-Governance,"Synthetic 2-month e-governance support intern opportunity supporting e-governance projects. The intern will assist the team with supervised assignments, documentation, and practical project work in Chandigarh.","[""MS Excel"", ""Data Entry"", ""Documentation""]",Diploma / Graduate,"[""Computer Science"", ""Information Technology"", ""Public Administration"", ""Business Administration""]",Chandigarh,Chandigarh,Hybrid,13500,2026-10-31,2,12,2026-10-05,Hybrid,Diploma,No prior experience required
SIH2026-0132,Tourism Operations Intern,Internship,Navbharat Industries Hyderabad,Tourism,"Synthetic 3-month tourism operations intern opportunity supporting tourism projects. The intern will assist the team with supervised assignments, documentation, and practical project work in Hyderabad.","[""Customer Service"", ""Communication"", ""MS Excel""]",Diploma / Graduate,"[""Tourism"", ""Hospitality"", ""Business Administration"", ""Arts""]",Hyderabad,Telangana,On-site,14250,2026-11-03,3,13,2026-10-07,In-office,Diploma,No prior experience required
SIH2026-0133,Supply Chain Intern,Internship,Sampurna Initiatives Madurai,Logistics,"Synthetic 3-month supply chain intern opportunity supporting logistics projects. The intern will assist the team with supervised assignments, documentation, and practical project work in Madurai.","[""MS Excel"", ""Inventory Management"", ""Communication"", ""Data Analysis""]",Diploma / BBA / B.Tech,"[""Logistics"", ""Supply Chain Management"", ""Business Administration"", ""Industrial Engineering""]",Madurai,Tamil Nadu,On-site,15000,2026-11-06,3,14,2026-10-09,In-office,Diploma,No prior experience required
SIH2026-0134,Digital Marketing Intern,Internship,Udaan Projects Ahmedabad,Marketing,"Synthetic 4-month digital marketing intern opportunity supporting marketing projects. The intern will assist the team with supervised assignments, documentation, and practical project work in Ahmedabad.","[""Digital Marketing"", ""Content Writing"", ""Communication""]",Graduate / Diploma,"[""Marketing"", ""Business Administration"", ""Commerce"", ""Arts"", ""Mass Communication""]",Ahmedabad,Gujarat,On-site,15750,2026-11-09,4,15,2026-10-11,In-office,Diploma,No prior experience required
SIH2026-0135,Human Resources Intern,Internship,Saksham Services Patna,HR,"Synthetic 6-month human resources intern opportunity supporting hr projects. The intern will assist the team with supervised assignments, documentation, and practical project work in Patna.","[""Communication"", ""MS Excel"", ""Recruitment""]",BBA / BA / MBA,"[""Human Resources"", ""Business Administration"", ""Psychology"", ""Arts"", ""Commerce""]",Patna,Bihar,On-site,16500,2026-11-12,6,16,2026-10-13,In-office,Graduate,No prior experience required
SIH2026-0136,Livelihoods Intern,Internship,Nayi Disha Enterprises Bilaspur,Rural Development,"Synthetic 2-month livelihoods intern opportunity supporting rural development projects. The intern will assist the team with supervised assignments, documentation, and practical project work in Bilaspur.","[""Field Survey"", ""Communication"", ""Data Collection""]",Diploma / Graduate,"[""Rural Development"", ""Social Work"", ""Agriculture"", ""Economics"", ""Public Administration""]",Bilaspur,Chhattisgarh,Hybrid,17250,2026-11-15,2,17,2026-10-15,Hybrid,Diploma,No prior experience required
SIH2026-0137,Infrastructure Planning Intern,Internship,JanMitra Solutions Srinagar,Infrastructure,"Synthetic 3-month infrastructure planning intern opportunity supporting infrastructure projects. The intern will assist the team with supervised assignments, documentation, and practical project work in Srinagar.","[""AutoCAD"", ""MS Excel"", ""Documentation"", ""Site Survey""]",Diploma / B.Tech,"[""Civil Engineering"", ""Architecture"", ""Urban Planning"", ""Mechanical Engineering""]",Srinagar,Jammu and Kashmir,Remote,20000,2026-11-18,3,18,2026-10-17,Remote,Diploma,0-1 years preferred
SIH2026-0138,Telecom Network Intern,Internship,Aarambh Technologies Panaji,Telecommunications,"Synthetic 3-month telecom network intern opportunity supporting telecommunications projects. The intern will assist the team with supervised assignments, documentation, and practical project work in Panaji.","[""Networking"", ""Telecommunications"", ""Fiber Optics""]",Diploma / B.Tech,"[""Electronics"", ""Telecommunications"", ""Electrical Engineering"", ""Information Technology""]",Panaji,Goa,On-site,20750,2026-11-21,3,19,2026-10-19,In-office,Diploma,No prior experience required
SIH2026-0139,IT Support,Internship,Vikas Networks Nagpur,IT,"Synthetic 4-month it support opportunity supporting it projects. The intern will assist the team with supervised assignments, documentation, and practical project work in Nagpur.","[""Linux"", ""Networking"", ""Troubleshooting""]",BCA / B.Sc. IT / B.Tech,"[""Computer Science"", ""Information Technology"", ""Electronics""]",Nagpur,Maharashtra,On-site,21500,2026-11-24,4,20,2026-10-21,In-office,Graduate,No prior experience required
SIH2026-0140,Software Development Intern,Internship,BharatSetu Industries Varanasi,Software Development,"Synthetic 6-month software development intern opportunity supporting software development projects. The intern will assist the team with supervised assignments, documentation, and practical project work in Varanasi.","[""Python"", ""JavaScript"", ""React""]",B.Tech / BCA / MCA,"[""Computer Science"", ""Information Technology"", ""Software Engineering""]",Varanasi,Uttar Pradesh,On-site,22250,2026-11-27,6,21,2026-10-23,In-office,Graduate,No prior experience required
SIH2026-0141,Data Analytics Intern,Internship,Pragati Initiatives Siliguri,Data Science,"Synthetic 2-month data analytics intern opportunity supporting data science projects. The intern will assist the team with supervised assignments, documentation, and practical project work in Siliguri.","[""Python"", ""SQL"", ""MS Excel"", ""Data Analysis""]",B.Sc. / BCA / B.Tech / MBA,"[""Data Science"", ""Computer Science"", ""Statistics"", ""Mathematics"", ""Commerce""]",Siliguri,West Bengal,Hybrid,23000,2026-11-30,2,22,2026-10-25,Hybrid,Graduate,No prior experience required
SIH2026-0142,Computer Vision Intern,Internship,Navbharat Projects Bhopal,AI/ML,"Synthetic 3-month computer vision intern opportunity supporting ai/ml projects. The intern will assist the team with supervised assignments, documentation, and practical project work in Bhopal.","[""Python"", ""Machine Learning"", ""Data Analysis""]",B.Tech / M.Tech / M.Sc.,"[""Computer Science"", ""Data Science"", ""Artificial Intelligence"", ""Electronics""]",Bhopal,Madhya Pradesh,On-site,23750,2026-12-03,3,23,2026-10-27,In-office,Graduate,No prior experience required
SIH2026-0143,Cybersecurity Intern,Internship,Sampurna Services Shillong,Cybersecurity,"Synthetic 3-month cybersecurity intern opportunity supporting cybersecurity projects. The intern will assist the team with supervised assignments, documentation, and practical project work in Shillong.","[""Cybersecurity"", ""Networking"", ""Linux""]",B.Tech / BCA / B.Sc. IT,"[""Computer Science"", ""Information Technology"", ""Cybersecurity"", ""Electronics""]",Shillong,Meghalaya,On-site,24500,2026-12-06,3,24,2026-10-29,In-office,Graduate,No prior experience required
SIH2026-0144,Electronics Design Intern,Internship,Udaan Enterprises Chandigarh,Electronics,"Synthetic 4-month electronics design intern opportunity supporting electronics projects. The intern will assist the team with supervised assignments, documentation, and practical project work in Chandigarh.","[""Embedded C"", ""Microcontrollers"", ""PCB Design""]",Diploma / B.Tech,"[""Electronics"", ""Electrical Engineering"", ""Instrumentation""]",Chandigarh,Chandigarh,On-site,25250,2026-12-09,4,25,2026-10-31,In-office,Diploma,No prior experience required
SIH2026-0145,Production Planning Intern,Internship,Saksham Solutions Hyderabad,Manufacturing,"Synthetic 6-month production planning intern opportunity supporting manufacturing projects. The intern will assist the team with supervised assignments, documentation, and practical project work in Hyderabad.","[""MS Excel"", ""Quality Control"", ""Lean Manufacturing"", ""Documentation""]",Diploma / B.Tech / BBA,"[""Mechanical Engineering"", ""Industrial Engineering"", ""Production Engineering"", ""Business Administration""]",Hyderabad,Telangana,On-site,8000,2026-12-12,6,2,2026-11-02,In-office,Diploma,0-1 years preferred
SIH2026-0146,Automobile Service Intern,Internship,Nayi Disha Technologies Madurai,Automobile,"Synthetic 2-month automobile service intern opportunity supporting automobile projects. The intern will assist the team with supervised assignments, documentation, and practical project work in Madurai.","[""Automobile Engineering"", ""Diagnostics"", ""Testing""]",Diploma / B.Tech,"[""Automobile Engineering"", ""Mechanical Engineering"", ""Electrical Engineering""]",Madurai,Tamil Nadu,Hybrid,8750,2026-12-15,2,3,2026-11-04,Hybrid,Diploma,No prior experience required
SIH2026-0147,Finance Operations Intern,Internship,JanMitra Networks Ahmedabad,Finance,"Synthetic 3-month finance operations intern opportunity supporting finance projects. The intern will assist the team with supervised assignments, documentation, and practical project work in Ahmedabad.","[""MS Excel"", ""Financial Analysis"", ""Accounting""]",B.Com / BBA / MBA,"[""Commerce"", ""Finance"", ""Business Administration"", ""Economics""]",Ahmedabad,Gujarat,On-site,7500,2026-12-18,3,4,2026-11-06,In-office,Graduate,No prior experience required
SIH2026-0148,Branch Operations Intern,Internship,Aarambh Industries Patna,Banking,"Synthetic 3-month branch operations intern opportunity supporting banking projects. The intern will assist the team with supervised assignments, documentation, and practical project work in Patna.","[""MS Excel"", ""Customer Service"", ""KYC""]",B.Com / BBA / BA,"[""Commerce"", ""Finance"", ""Business Administration"", ""Economics""]",Patna,Bihar,On-site,8250,2026-12-21,3,5,2026-11-08,In-office,Graduate,No prior experience required
SIH2026-0149,Healthcare Operations Intern,Internship,Vikas Initiatives Bilaspur,Healthcare,"Synthetic 4-month healthcare operations intern opportunity supporting healthcare projects. The intern will assist the team with supervised assignments, documentation, and practical project work in Bilaspur.","[""Communication"", ""MS Excel"", ""Documentation"", ""Data Entry""]",B.Sc. / BPH / BBA,"[""Healthcare Management"", ""Public Health"", ""Nursing"", ""Life Sciences"", ""Business Administration""]",Bilaspur,Chhattisgarh,On-site,9000,2026-12-24,4,6,2026-11-10,In-office,Graduate,No prior experience required
SIH2026-0150,Agriculture Extension Intern,Internship,BharatSetu Projects Srinagar,Agriculture,"Synthetic 6-month agriculture extension intern opportunity supporting agriculture projects. The intern will assist the team with supervised assignments, documentation, and practical project work in Srinagar.","[""Agriculture"", ""Field Survey"", ""MS Excel""]",Diploma / B.Sc. / B.Tech,"[""Agriculture"", ""Horticulture"", ""Food Technology"", ""Rural Development""]",Srinagar,Jammu and Kashmir,On-site,9750,2026-12-27,6,7,2026-11-12,In-office,Diploma,No prior experience required
SIH2026-0151,Solar Project Intern,Internship,Pragati Services Panaji,Renewable Energy,"Synthetic 2-month solar project intern opportunity supporting renewable energy projects. The intern will assist the team with supervised assignments, documentation, and practical project work in Panaji.","[""Solar Energy"", ""MS Excel"", ""AutoCAD""]",Diploma / B.Tech,"[""Electrical Engineering"", ""Mechanical Engineering"", ""Renewable Energy"", ""Civil Engineering""]",Panaji,Goa,Hybrid,12500,2026-12-30,2,8,2026-12-09,Hybrid,Diploma,No prior experience required
SIH2026-0152,Education Programme Intern,Internship,Navbharat Enterprises Mumbai,Education,"Synthetic 3-month education programme intern opportunity supporting education projects. The intern will assist the team with supervised assignments, documentation, and practical project work in Mumbai.","[""Communication"", ""Content Writing"", ""MS Excel""]",BA / B.Sc. / B.Ed. / BBA,"[""Education"", ""Arts"", ""Science"", ""Social Work"", ""Business Administration""]",Mumbai,Maharashtra,On-site,11250,2027-01-02,3,9,2026-12-11,In-office,Graduate,No prior experience required
SIH2026-0153,Public Administration Intern,Internship,Sampurna Solutions Lucknow,Government,"Synthetic 3-month public administration intern opportunity supporting government projects. The intern will assist the team with supervised assignments, documentation, and practical project work in Lucknow.","[""MS Excel"", ""Communication"", ""Documentation"", ""Research""]",Graduate / Postgraduate,"[""Public Administration"", ""Political Science"", ""Economics"", ""Social Work"", ""Law""]",Lucknow,Uttar Pradesh,On-site,12000,2027-01-05,3,10,2026-12-13,In-office,Graduate,0-1 years preferred
SIH2026-0154,MIS Intern,Internship,Udaan Technologies Kolkata,E-Governance,"Synthetic 4-month mis intern opportunity supporting e-governance projects. The intern will assist the team with supervised assignments, documentation, and practical project work in Kolkata.","[""MS Excel"", ""Data Entry"", ""Documentation""]",Diploma / Graduate,"[""Computer Science"", ""Information Technology"", ""Public Administration"", ""Business Administration""]",Kolkata,West Bengal,Remote,12750,2027-01-08,4,11,2026-12-15,Remote,Diploma,No prior experience required
SIH2026-0155,Tourism Operations Intern,Internship,Saksham Networks Jamshedpur,Tourism,"Synthetic 6-month tourism operations intern opportunity supporting tourism projects. The intern will assist the team with supervised assignments, documentation, and practical project work in Jamshedpur.","[""Customer Service"", ""Communication"", ""MS Excel""]",Diploma / Graduate,"[""Tourism"", ""Hospitality"", ""Business Administration"", ""Arts""]",Jamshedpur,Jharkhand,On-site,13500,2027-01-11,6,12,2026-12-17,In-office,Diploma,No prior experience required
SIH2026-0156,Logistics Coordinator Intern,Internship,Nayi Disha Industries Guwahati,Logistics,"Synthetic 2-month logistics coordinator intern opportunity supporting logistics projects. The intern will assist the team with supervised assignments, documentation, and practical project work in Guwahati.","[""MS Excel"", ""Inventory Management"", ""Communication""]",Diploma / BBA / B.Tech,"[""Logistics"", ""Supply Chain Management"", ""Business Administration"", ""Industrial Engineering""]",Guwahati,Assam,Hybrid,14250,2027-01-14,2,13,2026-12-19,Hybrid,Diploma,No prior experience required
SIH2026-0157,Market Research Intern,Internship,JanMitra Initiatives Shimla,Marketing,"Synthetic 3-month market research intern opportunity supporting marketing projects. The intern will assist the team with supervised assignments, documentation, and practical project work in Shimla.","[""Digital Marketing"", ""Content Writing"", ""Communication"", ""MS Excel""]",Graduate / Diploma,"[""Marketing"", ""Business Administration"", ""Commerce"", ""Arts"", ""Mass Communication""]",Shimla,Himachal Pradesh,On-site,15000,2027-01-17,3,14,2026-12-21,In-office,Diploma,No prior experience required
SIH2026-0158,Human Resources Intern,Internship,Aarambh Projects Mysuru,HR,"Synthetic 3-month human resources intern opportunity supporting hr projects. The intern will assist the team with supervised assignments, documentation, and practical project work in Mysuru.","[""Communication"", ""MS Excel"", ""Recruitment""]",BBA / BA / MBA,"[""Human Resources"", ""Business Administration"", ""Psychology"", ""Arts"", ""Commerce""]",Mysuru,Karnataka,On-site,15750,2027-01-20,3,15,2026-12-23,In-office,Graduate,No prior experience required
SIH2026-0159,Rural Development Intern,Internship,Vikas Services Coimbatore,Rural Development,"Synthetic 4-month rural development intern opportunity supporting rural development projects. The intern will assist the team with supervised assignments, documentation, and practical project work in Coimbatore.","[""Field Survey"", ""Communication"", ""Data Collection""]",Diploma / Graduate,"[""Rural Development"", ""Social Work"", ""Agriculture"", ""Economics"", ""Public Administration""]",Coimbatore,Tamil Nadu,On-site,16500,2027-01-23,4,16,2026-12-25,In-office,Diploma,No prior experience required
SIH2026-0160,Urban Planning Intern,Internship,BharatSetu Enterprises Udaipur,Infrastructure,"Synthetic 6-month urban planning intern opportunity supporting infrastructure projects. The intern will assist the team with supervised assignments, documentation, and practical project work in Udaipur.","[""AutoCAD"", ""MS Excel"", ""Documentation""]",Diploma / B.Tech,"[""Civil Engineering"", ""Architecture"", ""Urban Planning"", ""Mechanical Engineering""]",Udaipur,Rajasthan,On-site,19250,2027-01-26,6,17,2026-12-27,In-office,Diploma,No prior experience required
SIH2026-0161,Telecom Network Intern,Internship,Pragati Solutions Cuttack,Telecommunications,"Synthetic 2-month telecom network intern opportunity supporting telecommunications projects. The intern will assist the team with supervised assignments, documentation, and practical project work in Cuttack.","[""Networking"", ""Telecommunications"", ""Fiber Optics"", ""Troubleshooting""]",Diploma / B.Tech,"[""Electronics"", ""Telecommunications"", ""Electrical Engineering"", ""Information Technology""]",Cuttack,Odisha,Hybrid,20000,2027-01-29,2,18,2026-12-29,Hybrid,Diploma,0-1 years preferred
SIH2026-0162,IT Support Intern,Internship,Navbharat Technologies Bilaspur,IT,"Synthetic 3-month it support intern opportunity supporting it projects. The intern will assist the team with supervised assignments, documentation, and practical project work in Bilaspur.","[""Linux"", ""Networking"", ""Troubleshooting""]",BCA / B.Sc. IT / B.Tech,"[""Computer Science"", ""Information Technology"", ""Electronics""]",Bilaspur,Chhattisgarh,On-site,20750,2027-02-01,3,19,2026-12-31,In-office,Graduate,No prior experience required
SIH2026-0163,Frontend Development,Internship,Sampurna Networks Srinagar,Software Development,"Synthetic 3-month frontend development opportunity supporting software development projects. The intern will assist the team with supervised assignments, documentation, and practical project work in Srinagar.","[""Python"", ""JavaScript"", ""React""]",B.Tech / BCA / MCA,"[""Computer Science"", ""Information Technology"", ""Software Engineering""]",Srinagar,Jammu and Kashmir,On-site,21500,2027-02-04,3,20,2027-01-02,In-office,Graduate,No prior experience required
SIH2026-0164,Data Analytics Intern,Internship,Udaan Industries Panaji,Data Science,"Synthetic 4-month data analytics intern opportunity supporting data science projects. The intern will assist the team with supervised assignments, documentation, and practical project work in Panaji.","[""Python"", ""SQL"", ""MS Excel""]",B.Sc. / BCA / B.Tech / MBA,"[""Data Science"", ""Computer Science"", ""Statistics"", ""Mathematics"", ""Commerce""]",Panaji,Goa,On-site,22250,2027-02-07,4,21,2027-01-04,In-office,Graduate,No prior experience required
SIH2026-0165,Machine Learning Intern,Internship,Saksham Initiatives Mumbai,AI/ML,"Synthetic 6-month machine learning intern opportunity supporting ai/ml projects. The intern will assist the team with supervised assignments, documentation, and practical project work in Mumbai.","[""Python"", ""Machine Learning"", ""Data Analysis"", ""Pandas""]",B.Tech / M.Tech / M.Sc.,"[""Computer Science"", ""Data Science"", ""Artificial Intelligence"", ""Electronics""]",Mumbai,Maharashtra,On-site,23000,2027-02-10,6,22,2027-01-06,In-office,Graduate,No prior experience required
SIH2026-0166,SOC Analyst Intern,Internship,Nayi Disha Projects Lucknow,Cybersecurity,"Synthetic 2-month soc analyst intern opportunity supporting cybersecurity projects. The intern will assist the team with supervised assignments, documentation, and practical project work in Lucknow.","[""Cybersecurity"", ""Networking"", ""Linux""]",B.Tech / BCA / B.Sc. IT,"[""Computer Science"", ""Information Technology"", ""Cybersecurity"", ""Electronics""]",Lucknow,Uttar Pradesh,Hybrid,23750,2027-02-13,2,23,2027-01-08,Hybrid,Graduate,No prior experience required
SIH2026-0167,Electronics Design Intern,Internship,JanMitra Services Kolkata,Electronics,"Synthetic 3-month electronics design intern opportunity supporting electronics projects. The intern will assist the team with supervised assignments, documentation, and practical project work in Kolkata.","[""Embedded C"", ""Microcontrollers"", ""PCB Design""]",Diploma / B.Tech,"[""Electronics"", ""Electrical Engineering"", ""Instrumentation""]",Kolkata,West Bengal,On-site,24500,2027-02-16,3,24,2027-01-10,In-office,Diploma,No prior experience required
SIH2026-0168,Manufacturing Operations Intern,Internship,Aarambh Enterprises Jamshedpur,Manufacturing,"Synthetic 3-month manufacturing operations intern opportunity supporting manufacturing projects. The intern will assist the team with supervised assignments, documentation, and practical project work in Jamshedpur.","[""MS Excel"", ""Quality Control"", ""Lean Manufacturing""]",Diploma / B.Tech / BBA,"[""Mechanical Engineering"", ""Industrial Engineering"", ""Production Engineering"", ""Business Administration""]",Jamshedpur,Jharkhand,On-site,25250,2027-02-19,3,25,2027-01-12,In-office,Diploma,No prior experience required
SIH2026-0169,EV Systems Intern,Internship,Vikas Solutions Guwahati,Automobile,"Synthetic 4-month ev systems intern opportunity supporting automobile projects. The intern will assist the team with supervised assignments, documentation, and practical project work in Guwahati.","[""Automobile Engineering"", ""Diagnostics"", ""Testing"", ""MS Excel""]",Diploma / B.Tech,"[""Automobile Engineering"", ""Mechanical Engineering"", ""Electrical Engineering""]",Guwahati,Assam,On-site,8000,2027-02-22,4,2,2027-01-14,In-office,Diploma,0-1 years preferred
SIH2026-0170,Finance Operations Intern,Internship,BharatSetu Technologies Shimla,Finance,"Synthetic 6-month finance operations intern opportunity supporting finance projects. The intern will assist the team with supervised assignments, documentation, and practical project work in Shimla.","[""MS Excel"", ""Financial Analysis"", ""Accounting""]",B.Com / BBA / MBA,"[""Commerce"", ""Finance"", ""Business Administration"", ""Economics""]",Shimla,Himachal Pradesh,On-site,6750,2027-02-25,6,3,2027-01-16,In-office,Graduate,No prior experience required
SIH2026-0171,Banking Services Intern,Internship,Pragati Networks Mysuru,Banking,"Synthetic 2-month banking services intern opportunity supporting banking projects. The intern will assist the team with supervised assignments, documentation, and practical project work in Mysuru.","[""MS Excel"", ""Customer Service"", ""KYC""]",B.Com / BBA / BA,"[""Commerce"", ""Finance"", ""Business Administration"", ""Economics""]",Mysuru,Karnataka,Remote,7500,2027-02-28,2,4,2027-01-18,Remote,Graduate,No prior experience required
SIH2026-0172,Hospital Administration Intern,Internship,Navbharat Industries Coimbatore,Healthcare,"Synthetic 3-month hospital administration intern opportunity supporting healthcare projects. The intern will assist the team with supervised assignments, documentation, and practical project work in Coimbatore.","[""Communication"", ""MS Excel"", ""Documentation""]",B.Sc. / BPH / BBA,"[""Healthcare Management"", ""Public Health"", ""Nursing"", ""Life Sciences"", ""Business Administration""]",Coimbatore,Tamil Nadu,On-site,8250,2027-03-03,3,5,2027-01-20,In-office,Graduate,No prior experience required
SIH2026-0173,Agriculture Extension Intern,Internship,Sampurna Initiatives Udaipur,Agriculture,"Synthetic 3-month agriculture extension intern opportunity supporting agriculture projects. The intern will assist the team with supervised assignments, documentation, and practical project work in Udaipur.","[""Agriculture"", ""Field Survey"", ""MS Excel"", ""Communication""]",Diploma / B.Sc. / B.Tech,"[""Agriculture"", ""Horticulture"", ""Food Technology"", ""Rural Development""]",Udaipur,Rajasthan,On-site,9000,2027-03-06,3,6,2027-01-22,In-office,Diploma,No prior experience required
SIH2026-0174,Renewable Energy Intern,Internship,Udaan Projects Cuttack,Renewable Energy,"Synthetic 4-month renewable energy intern opportunity supporting renewable energy projects. The intern will assist the team with supervised assignments, documentation, and practical project work in Cuttack.","[""Solar Energy"", ""MS Excel"", ""AutoCAD""]",Diploma / B.Tech,"[""Electrical Engineering"", ""Mechanical Engineering"", ""Renewable Energy"", ""Civil Engineering""]",Cuttack,Odisha,On-site,11750,2027-03-09,4,7,2027-01-24,In-office,Diploma,No prior experience required
SIH2026-0175,Curriculum Support Intern,Internship,Saksham Services Raipur,Education,"Synthetic 6-month curriculum support intern opportunity supporting education projects. The intern will assist the team with supervised assignments, documentation, and practical project work in Raipur.","[""Communication"", ""Content Writing"", ""MS Excel""]",BA / B.Sc. / B.Ed. / BBA,"[""Education"", ""Arts"", ""Science"", ""Social Work"", ""Business Administration""]",Raipur,Chhattisgarh,On-site,10500,2027-03-12,6,8,2027-01-26,In-office,Graduate,No prior experience required
SIH2026-0176,Public Administration Intern,Internship,Nayi Disha Enterprises Imphal,Government,"Synthetic 2-month public administration intern opportunity supporting government projects. The intern will assist the team with supervised assignments, documentation, and practical project work in Imphal.","[""MS Excel"", ""Communication"", ""Documentation""]",Graduate / Postgraduate,"[""Public Administration"", ""Political Science"", ""Economics"", ""Social Work"", ""Law""]",Imphal,Manipur,Hybrid,11250,2027-03-15,2,9,2027-02-22,Hybrid,Graduate,No prior experience required
SIH2026-0177,E-Governance Support Intern,Internship,JanMitra Solutions Vijayawada,E-Governance,"Synthetic 3-month e-governance support intern opportunity supporting e-governance projects. The intern will assist the team with supervised assignments, documentation, and practical project work in Vijayawada.","[""MS Excel"", ""Data Entry"", ""Documentation"", ""Communication""]",Diploma / Graduate,"[""Computer Science"", ""Information Technology"", ""Public Administration"", ""Business Administration""]",Vijayawada,Andhra Pradesh,On-site,12000,2027-03-18,3,10,2027-02-24,In-office,Diploma,0-1 years preferred
SIH2026-0178,Heritage Tourism Intern,Internship,Aarambh Technologies Pune,Tourism,"Synthetic 3-month heritage tourism intern opportunity supporting tourism projects. The intern will assist the team with supervised assignments, documentation, and practical project work in Pune.","[""Customer Service"", ""Communication"", ""MS Excel""]",Diploma / Graduate,"[""Tourism"", ""Hospitality"", ""Business Administration"", ""Arts""]",Pune,Maharashtra,On-site,12750,2027-03-21,3,11,2027-02-26,In-office,Diploma,No prior experience required
SIH2026-0179,Logistics Coordinator Intern,Internship,Vikas Networks Noida,Logistics,"Synthetic 4-month logistics coordinator intern opportunity supporting logistics projects. The intern will assist the team with supervised assignments, documentation, and practical project work in Noida.","[""MS Excel"", ""Inventory Management"", ""Communication""]",Diploma / BBA / B.Tech,"[""Logistics"", ""Supply Chain Management"", ""Business Administration"", ""Industrial Engineering""]",Noida,Uttar Pradesh,On-site,13500,2027-03-24,4,12,2027-02-28,In-office,Diploma,No prior experience required
SIH2026-0180,Digital Marketing Intern,Internship,BharatSetu Industries Gandhinagar,Marketing,"Synthetic 6-month digital marketing intern opportunity supporting marketing projects. The intern will assist the team with supervised assignments, documentation, and practical project work in Gandhinagar.","[""Digital Marketing"", ""Content Writing"", ""Communication""]",Graduate / Diploma,"[""Marketing"", ""Business Administration"", ""Commerce"", ""Arts"", ""Mass Communication""]",Gandhinagar,Gujarat,On-site,14250,2027-03-27,6,13,2027-03-02,In-office,Diploma,No prior experience required
SIH2026-0181,Talent Acquisition Intern,Internship,Pragati Initiatives Ranchi,HR,"Synthetic 2-month talent acquisition intern opportunity supporting hr projects. The intern will assist the team with supervised assignments, documentation, and practical project work in Ranchi.","[""Communication"", ""MS Excel"", ""Recruitment"", ""Documentation""]",BBA / BA / MBA,"[""Human Resources"", ""Business Administration"", ""Psychology"", ""Arts"", ""Commerce""]",Ranchi,Jharkhand,Hybrid,15000,2027-03-30,2,14,2027-03-04,Hybrid,Graduate,No prior experience required
SIH2026-0182,Rural Development Intern,Internship,Navbharat Projects Thiruvananthapuram,Rural Development,"Synthetic 3-month rural development intern opportunity supporting rural development projects. The intern will assist the team with supervised assignments, documentation, and practical project work in Thiruvananthapuram.","[""Field Survey"", ""Communication"", ""Data Collection""]",Diploma / Graduate,"[""Rural Development"", ""Social Work"", ""Agriculture"", ""Economics"", ""Public Administration""]",Thiruvananthapuram,Kerala,On-site,15750,2027-04-02,3,15,2027-03-06,In-office,Diploma,No prior experience required
SIH2026-0183,Infrastructure Planning Intern,Internship,Sampurna Services Dehradun,Infrastructure,"Synthetic 3-month infrastructure planning intern opportunity supporting infrastructure projects. The intern will assist the team with supervised assignments, documentation, and practical project work in Dehradun.","[""AutoCAD"", ""MS Excel"", ""Documentation""]",Diploma / B.Tech,"[""Civil Engineering"", ""Architecture"", ""Urban Planning"", ""Mechanical Engineering""]",Dehradun,Uttarakhand,On-site,18500,2027-04-05,3,16,2027-03-08,In-office,Diploma,No prior experience required
SIH2026-0184,Network Operations Intern,Internship,Udaan Enterprises Bengaluru,Telecommunications,"Synthetic 4-month network operations intern opportunity supporting telecommunications projects. The intern will assist the team with supervised assignments, documentation, and practical project work in Bengaluru.","[""Networking"", ""Telecommunications"", ""Fiber Optics""]",Diploma / B.Tech,"[""Electronics"", ""Telecommunications"", ""Electrical Engineering"", ""Information Technology""]",Bengaluru,Karnataka,On-site,19250,2027-04-08,4,17,2027-03-10,In-office,Diploma,No prior experience required
SIH2026-0185,IT Support Intern,Internship,Saksham Solutions Coimbatore,IT,"Synthetic 6-month it support intern opportunity supporting it projects. The intern will assist the team with supervised assignments, documentation, and practical project work in Coimbatore.","[""Linux"", ""Networking"", ""Troubleshooting"", ""MS Excel""]",BCA / B.Sc. IT / B.Tech,"[""Computer Science"", ""Information Technology"", ""Electronics""]",Coimbatore,Tamil Nadu,On-site,20000,2027-04-11,6,18,2027-03-12,In-office,Graduate,0-1 years preferred
SIH2026-0186,Software Development Intern,Internship,Nayi Disha Technologies Udaipur,Software Development,"Synthetic 2-month software development intern opportunity supporting software development projects. The intern will assist the team with supervised assignments, documentation, and practical project work in Udaipur.","[""Python"", ""JavaScript"", ""React""]",B.Tech / BCA / MCA,"[""Computer Science"", ""Information Technology"", ""Software Engineering""]",Udaipur,Rajasthan,Hybrid,20750,2027-04-14,2,19,2027-03-14,Hybrid,Graduate,No prior experience required
SIH2026-0187,Data Analyst,Internship,JanMitra Networks Cuttack,Data Science,"Synthetic 3-month data analyst opportunity supporting data science projects. The intern will assist the team with supervised assignments, documentation, and practical project work in Cuttack.","[""Python"", ""SQL"", ""MS Excel""]",B.Sc. / BCA / B.Tech / MBA,"[""Data Science"", ""Computer Science"", ""Statistics"", ""Mathematics"", ""Commerce""]",Cuttack,Odisha,On-site,21500,2027-04-17,3,20,2027-03-16,In-office,Graduate,No prior experience required
SIH2026-0188,Machine Learning Intern,Internship,Aarambh Industries Raipur,AI/ML,"Synthetic 3-month machine learning intern opportunity supporting ai/ml projects. The intern will assist the team with supervised assignments, documentation, and practical project work in Raipur.","[""Python"", ""Machine Learning"", ""Data Analysis""]",B.Tech / M.Tech / M.Sc.,"[""Computer Science"", ""Data Science"", ""Artificial Intelligence"", ""Electronics""]",Raipur,Chhattisgarh,Remote,22250,2027-04-20,3,21,2027-03-18,Remote,Graduate,No prior experience required
SIH2026-0189,Cybersecurity Intern,Internship,Vikas Initiatives Imphal,Cybersecurity,"Synthetic 4-month cybersecurity intern opportunity supporting cybersecurity projects. The intern will assist the team with supervised assignments, documentation, and practical project work in Imphal.","[""Cybersecurity"", ""Networking"", ""Linux"", ""Python""]",B.Tech / BCA / B.Sc. IT,"[""Computer Science"", ""Information Technology"", ""Cybersecurity"", ""Electronics""]",Imphal,Manipur,On-site,23000,2027-04-23,4,22,2027-03-20,In-office,Graduate,No prior experience required
SIH2026-0190,PCB Design Intern,Internship,BharatSetu Projects Vijayawada,Electronics,"Synthetic 6-month pcb design intern opportunity supporting electronics projects. The intern will assist the team with supervised assignments, documentation, and practical project work in Vijayawada.","[""Embedded C"", ""Microcontrollers"", ""PCB Design""]",Diploma / B.Tech,"[""Electronics"", ""Electrical Engineering"", ""Instrumentation""]",Vijayawada,Andhra Pradesh,On-site,23750,2027-04-26,6,23,2027-03-22,In-office,Diploma,No prior experience required
SIH2026-0191,Manufacturing Operations Intern,Internship,Pragati Services Pune,Manufacturing,"Synthetic 2-month manufacturing operations intern opportunity supporting manufacturing projects. The intern will assist the team with supervised assignments, documentation, and practical project work in Pune.","[""MS Excel"", ""Quality Control"", ""Lean Manufacturing""]",Diploma / B.Tech / BBA,"[""Mechanical Engineering"", ""Industrial Engineering"", ""Production Engineering"", ""Business Administration""]",Pune,Maharashtra,Hybrid,24500,2027-04-29,2,24,2027-03-24,Hybrid,Diploma,No prior experience required
SIH2026-0192,Automobile Service Intern,Internship,Navbharat Enterprises Noida,Automobile,"Synthetic 3-month automobile service intern opportunity supporting automobile projects. The intern will assist the team with supervised assignments, documentation, and practical project work in Noida.","[""Automobile Engineering"", ""Diagnostics"", ""Testing""]",Diploma / B.Tech,"[""Automobile Engineering"", ""Mechanical Engineering"", ""Electrical Engineering""]",Noida,Uttar Pradesh,On-site,25250,2027-05-02,3,25,2027-03-26,In-office,Diploma,No prior experience required
SIH2026-0193,Financial Analysis Intern,Internship,Sampurna Solutions Gandhinagar,Finance,"Synthetic 3-month financial analysis intern opportunity supporting finance projects. The intern will assist the team with supervised assignments, documentation, and practical project work in Gandhinagar.","[""MS Excel"", ""Financial Analysis"", ""Accounting"", ""Tally""]",B.Com / BBA / MBA,"[""Commerce"", ""Finance"", ""Business Administration"", ""Economics""]",Gandhinagar,Gujarat,On-site,6000,2027-05-05,3,2,2027-03-28,In-office,Graduate,0-1 years preferred
SIH2026-0194,Banking Services Intern,Internship,Udaan Technologies Ranchi,Banking,"Synthetic 4-month banking services intern opportunity supporting banking projects. The intern will assist the team with supervised assignments, documentation, and practical project work in Ranchi.","[""MS Excel"", ""Customer Service"", ""KYC""]",B.Com / BBA / BA,"[""Commerce"", ""Finance"", ""Business Administration"", ""Economics""]",Ranchi,Jharkhand,On-site,6750,2027-05-08,4,3,2027-03-30,In-office,Graduate,No prior experience required
SIH2026-0195,Healthcare Operations Intern,Internship,Saksham Networks Thiruvananthapuram,Healthcare,"Synthetic 6-month healthcare operations intern opportunity supporting healthcare projects. The intern will assist the team with supervised assignments, documentation, and practical project work in Thiruvananthapuram.","[""Communication"", ""MS Excel"", ""Documentation""]",B.Sc. / BPH / BBA,"[""Healthcare Management"", ""Public Health"", ""Nursing"", ""Life Sciences"", ""Business Administration""]",Thiruvananthapuram,Kerala,On-site,7500,2027-05-11,6,4,2027-04-01,In-office,Graduate,No prior experience required
SIH2026-0196,Farm Data Intern,Internship,Nayi Disha Industries Dehradun,Agriculture,"Synthetic 2-month farm data intern opportunity supporting agriculture projects. The intern will assist the team with supervised assignments, documentation, and practical project work in Dehradun.","[""Agriculture"", ""Field Survey"", ""MS Excel""]",Diploma / B.Sc. / B.Tech,"[""Agriculture"", ""Horticulture"", ""Food Technology"", ""Rural Development""]",Dehradun,Uttarakhand,Hybrid,8250,2027-05-14,2,5,2027-04-03,Hybrid,Diploma,No prior experience required
SIH2026-0197,Renewable Energy Intern,Internship,JanMitra Initiatives Bengaluru,Renewable Energy,"Synthetic 3-month renewable energy intern opportunity supporting renewable energy projects. The intern will assist the team with supervised assignments, documentation, and practical project work in Bengaluru.","[""Solar Energy"", ""MS Excel"", ""AutoCAD"", ""Data Analysis""]",Diploma / B.Tech,"[""Electrical Engineering"", ""Mechanical Engineering"", ""Renewable Energy"", ""Civil Engineering""]",Bengaluru,Karnataka,On-site,11000,2027-05-17,3,6,2027-04-05,In-office,Diploma,No prior experience required
SIH2026-0198,Education Programme Intern,Internship,Aarambh Projects Chennai,Education,"Synthetic 3-month education programme intern opportunity supporting education projects. The intern will assist the team with supervised assignments, documentation, and practical project work in Chennai.","[""Communication"", ""Content Writing"", ""MS Excel""]",BA / B.Sc. / B.Ed. / BBA,"[""Education"", ""Arts"", ""Science"", ""Social Work"", ""Business Administration""]",Chennai,Tamil Nadu,On-site,9750,2027-05-20,3,7,2027-04-07,In-office,Graduate,No prior experience required
SIH2026-0199,Policy Research Intern,Internship,Vikas Services Jaipur,Government,"Synthetic 4-month policy research intern opportunity supporting government projects. The intern will assist the team with supervised assignments, documentation, and practical project work in Jaipur.","[""MS Excel"", ""Communication"", ""Documentation""]",Graduate / Postgraduate,"[""Public Administration"", ""Political Science"", ""Economics"", ""Social Work"", ""Law""]",Jaipur,Rajasthan,On-site,10500,2027-05-23,4,8,2027-04-09,In-office,Graduate,No prior experience required
SIH2026-0200,E-Governance Support Intern,Internship,BharatSetu Enterprises Bhubaneswar,E-Governance,"Synthetic 6-month e-governance support intern opportunity supporting e-governance projects. The intern will assist the team with supervised assignments, documentation, and practical project work in Bhubaneswar.","[""MS Excel"", ""Data Entry"", ""Documentation""]",Diploma / Graduate,"[""Computer Science"", ""Information Technology"", ""Public Administration"", ""Business Administration""]",Bhubaneswar,Odisha,On-site,11250,2027-05-26,6,9,2027-04-11,In-office,Diploma,No prior experience required
SIH2026-0201,Tourism Operations Intern,Internship,Pragati Solutions Indore,Tourism,"Synthetic 2-month tourism operations intern opportunity supporting tourism projects. The intern will assist the team with supervised assignments, documentation, and practical project work in Indore.","[""Customer Service"", ""Communication"", ""MS Excel"", ""Tourism Operations""]",Diploma / Graduate,"[""Tourism"", ""Hospitality"", ""Business Administration"", ""Arts""]",Indore,Madhya Pradesh,Hybrid,12000,2027-05-29,2,10,2027-05-08,Hybrid,Diploma,0-1 years preferred
SIH2026-0202,Warehouse Operations Intern,Internship,Navbharat Technologies Agartala,Logistics,"Synthetic 3-month warehouse operations intern opportunity supporting logistics projects. The intern will assist the team with supervised assignments, documentation, and practical project work in Agartala.","[""MS Excel"", ""Inventory Management"", ""Communication""]",Diploma / BBA / B.Tech,"[""Logistics"", ""Supply Chain Management"", ""Business Administration"", ""Industrial Engineering""]",Agartala,Tripura,On-site,12750,2027-06-01,3,11,2027-05-10,In-office,Diploma,No prior experience required
SIH2026-0203,Digital Marketing Intern,Internship,Sampurna Networks Visakhapatnam,Marketing,"Synthetic 3-month digital marketing intern opportunity supporting marketing projects. The intern will assist the team with supervised assignments, documentation, and practical project work in Visakhapatnam.","[""Digital Marketing"", ""Content Writing"", ""Communication""]",Graduate / Diploma,"[""Marketing"", ""Business Administration"", ""Commerce"", ""Arts"", ""Mass Communication""]",Visakhapatnam,Andhra Pradesh,On-site,13500,2027-06-04,3,12,2027-05-12,In-office,Diploma,No prior experience required
SIH2026-0204,Human Resources Intern,Internship,Udaan Industries Warangal,HR,"Synthetic 4-month human resources intern opportunity supporting hr projects. The intern will assist the team with supervised assignments, documentation, and practical project work in Warangal.","[""Communication"", ""MS Excel"", ""Recruitment""]",BBA / BA / MBA,"[""Human Resources"", ""Business Administration"", ""Psychology"", ""Arts"", ""Commerce""]",Warangal,Telangana,On-site,14250,2027-06-07,4,13,2027-05-14,In-office,Graduate,No prior experience required
SIH2026-0205,Community Outreach Intern,Internship,Saksham Initiatives New Delhi,Rural Development,"Synthetic 6-month community outreach intern opportunity supporting rural development projects. The intern will assist the team with supervised assignments, documentation, and practical project work in New Delhi.","[""Field Survey"", ""Communication"", ""Data Collection"", ""MS Excel""]",Diploma / Graduate,"[""Rural Development"", ""Social Work"", ""Agriculture"", ""Economics"", ""Public Administration""]",New Delhi,Delhi,Remote,15000,2027-06-10,6,14,2027-05-16,Remote,Diploma,No prior experience required
SIH2026-0206,Infrastructure Planning Intern,Internship,Nayi Disha Projects Surat,Infrastructure,"Synthetic 2-month infrastructure planning intern opportunity supporting infrastructure projects. The intern will assist the team with supervised assignments, documentation, and practical project work in Surat.","[""AutoCAD"", ""MS Excel"", ""Documentation""]",Diploma / B.Tech,"[""Civil Engineering"", ""Architecture"", ""Urban Planning"", ""Mechanical Engineering""]",Surat,Gujarat,Hybrid,17750,2027-06-13,2,15,2027-05-18,Hybrid,Diploma,No prior experience required
SIH2026-0207,Telecom Network Intern,Internship,JanMitra Services Gaya,Telecommunications,"Synthetic 3-month telecom network intern opportunity supporting telecommunications projects. The intern will assist the team with supervised assignments, documentation, and practical project work in Gaya.","[""Networking"", ""Telecommunications"", ""Fiber Optics""]",Diploma / B.Tech,"[""Electronics"", ""Telecommunications"", ""Electrical Engineering"", ""Information Technology""]",Gaya,Bihar,On-site,18500,2027-06-16,3,16,2027-05-20,In-office,Diploma,No prior experience required
SIH2026-0208,Systems Administration,Internship,Aarambh Enterprises Thiruvananthapuram,IT,"Synthetic 3-month systems administration opportunity supporting it projects. The intern will assist the team with supervised assignments, documentation, and practical project work in Thiruvananthapuram.","[""Linux"", ""Networking"", ""Troubleshooting""]",BCA / B.Sc. IT / B.Tech,"[""Computer Science"", ""Information Technology"", ""Electronics""]",Thiruvananthapuram,Kerala,On-site,19250,2027-06-19,3,17,2027-05-22,In-office,Graduate,No prior experience required
SIH2026-0209,Software Development Intern,Internship,Vikas Solutions Dehradun,Software Development,"Synthetic 4-month software development intern opportunity supporting software development projects. The intern will assist the team with supervised assignments, documentation, and practical project work in Dehradun.","[""Python"", ""JavaScript"", ""React"", ""SQL""]",B.Tech / BCA / MCA,"[""Computer Science"", ""Information Technology"", ""Software Engineering""]",Dehradun,Uttarakhand,On-site,20000,2027-06-22,4,18,2027-05-24,In-office,Graduate,0-1 years preferred
SIH2026-0210,Data Analytics Intern,Internship,BharatSetu Technologies Bengaluru,Data Science,"Synthetic 6-month data analytics intern opportunity supporting data science projects. The intern will assist the team with supervised assignments, documentation, and practical project work in Bengaluru.","[""Python"", ""SQL"", ""MS Excel""]",B.Sc. / BCA / B.Tech / MBA,"[""Data Science"", ""Computer Science"", ""Statistics"", ""Mathematics"", ""Commerce""]",Bengaluru,Karnataka,On-site,20750,2027-06-25,6,19,2027-05-26,In-office,Graduate,No prior experience required
SIH2026-0211,AI Research Intern,Internship,Pragati Networks Chennai,AI/ML,"Synthetic 2-month ai research intern opportunity supporting ai/ml projects. The intern will assist the team with supervised assignments, documentation, and practical project work in Chennai.","[""Python"", ""Machine Learning"", ""Data Analysis""]",B.Tech / M.Tech / M.Sc.,"[""Computer Science"", ""Data Science"", ""Artificial Intelligence"", ""Electronics""]",Chennai,Tamil Nadu,Hybrid,21500,2027-06-28,2,20,2027-05-28,Hybrid,Graduate,No prior experience required
SIH2026-0212,Cybersecurity Intern,Internship,Navbharat Industries Jaipur,Cybersecurity,"Synthetic 3-month cybersecurity intern opportunity supporting cybersecurity projects. The intern will assist the team with supervised assignments, documentation, and practical project work in Jaipur.","[""Cybersecurity"", ""Networking"", ""Linux""]",B.Tech / BCA / B.Sc. IT,"[""Computer Science"", ""Information Technology"", ""Cybersecurity"", ""Electronics""]",Jaipur,Rajasthan,On-site,22250,2027-07-01,3,21,2027-05-30,In-office,Graduate,No prior experience required
SIH2026-0213,Electronics Design Intern,Internship,Sampurna Initiatives Bhubaneswar,Electronics,"Synthetic 3-month electronics design intern opportunity supporting electronics projects. The intern will assist the team with supervised assignments, documentation, and practical project work in Bhubaneswar.","[""Embedded C"", ""Microcontrollers"", ""PCB Design"", ""Arduino""]",Diploma / B.Tech,"[""Electronics"", ""Electrical Engineering"", ""Instrumentation""]",Bhubaneswar,Odisha,On-site,23000,2027-07-04,3,22,2027-06-01,In-office,Diploma,No prior experience required
SIH2026-0214,Quality Assurance Intern,Internship,Udaan Projects Indore,Manufacturing,"Synthetic 4-month quality assurance intern opportunity supporting manufacturing projects. The intern will assist the team with supervised assignments, documentation, and practical project work in Indore.","[""MS Excel"", ""Quality Control"", ""Lean Manufacturing""]",Diploma / B.Tech / BBA,"[""Mechanical Engineering"", ""Industrial Engineering"", ""Production Engineering"", ""Business Administration""]",Indore,Madhya Pradesh,On-site,23750,2027-07-07,4,23,2027-06-03,In-office,Diploma,No prior experience required
SIH2026-0215,Automobile Service Intern,Internship,Saksham Services Agartala,Automobile,"Synthetic 6-month automobile service intern opportunity supporting automobile projects. The intern will assist the team with supervised assignments, documentation, and practical project work in Agartala.","[""Automobile Engineering"", ""Diagnostics"", ""Testing""]",Diploma / B.Tech,"[""Automobile Engineering"", ""Mechanical Engineering"", ""Electrical Engineering""]",Agartala,Tripura,On-site,24500,2027-07-10,6,24,2027-06-05,In-office,Diploma,No prior experience required
SIH2026-0216,Finance Operations Intern,Internship,Nayi Disha Enterprises Visakhapatnam,Finance,"Synthetic 2-month finance operations intern opportunity supporting finance projects. The intern will assist the team with supervised assignments, documentation, and practical project work in Visakhapatnam.","[""MS Excel"", ""Financial Analysis"", ""Accounting""]",B.Com / BBA / MBA,"[""Commerce"", ""Finance"", ""Business Administration"", ""Economics""]",Visakhapatnam,Andhra Pradesh,Hybrid,23250,2027-07-13,2,25,2027-06-07,Hybrid,Graduate,No prior experience required
SIH2026-0217,Credit Operations Intern,Internship,JanMitra Solutions Warangal,Banking,"Synthetic 3-month credit operations intern opportunity supporting banking projects. The intern will assist the team with supervised assignments, documentation, and practical project work in Warangal.","[""MS Excel"", ""Customer Service"", ""KYC"", ""Communication""]",B.Com / BBA / BA,"[""Commerce"", ""Finance"", ""Business Administration"", ""Economics""]",Warangal,Telangana,On-site,6000,2027-07-16,3,2,2027-06-09,In-office,Graduate,0-1 years preferred
SIH2026-0218,Healthcare Operations Intern,Internship,Aarambh Technologies New Delhi,Healthcare,"Synthetic 3-month healthcare operations intern opportunity supporting healthcare projects. The intern will assist the team with supervised assignments, documentation, and practical project work in New Delhi.","[""Communication"", ""MS Excel"", ""Documentation""]",B.Sc. / BPH / BBA,"[""Healthcare Management"", ""Public Health"", ""Nursing"", ""Life Sciences"", ""Business Administration""]",New Delhi,Delhi,On-site,6750,2027-07-19,3,3,2027-06-11,In-office,Graduate,No prior experience required
SIH2026-0219,Agriculture Extension Intern,Internship,Vikas Networks Surat,Agriculture,"Synthetic 4-month agriculture extension intern opportunity supporting agriculture projects. The intern will assist the team with supervised assignments, documentation, and practical project work in Surat.","[""Agriculture"", ""Field Survey"", ""MS Excel""]",Diploma / B.Sc. / B.Tech,"[""Agriculture"", ""Horticulture"", ""Food Technology"", ""Rural Development""]",Surat,Gujarat,On-site,7500,2027-07-22,4,4,2027-06-13,In-office,Diploma,No prior experience required
SIH2026-0220,Energy Audit Intern,Internship,BharatSetu Industries Gaya,Renewable Energy,"Synthetic 6-month energy audit intern opportunity supporting renewable energy projects. The intern will assist the team with supervised assignments, documentation, and practical project work in Gaya.","[""Solar Energy"", ""MS Excel"", ""AutoCAD""]",Diploma / B.Tech,"[""Electrical Engineering"", ""Mechanical Engineering"", ""Renewable Energy"", ""Civil Engineering""]",Gaya,Bihar,On-site,10250,2027-07-25,6,5,2027-06-15,In-office,Diploma,No prior experience required
SIH2026-0221,Education Programme Intern,Internship,Pragati Initiatives Kochi,Education,"Synthetic 2-month education programme intern opportunity supporting education projects. The intern will assist the team with supervised assignments, documentation, and practical project work in Kochi.","[""Communication"", ""Content Writing"", ""MS Excel"", ""Teaching""]",BA / B.Sc. / B.Ed. / BBA,"[""Education"", ""Arts"", ""Science"", ""Social Work"", ""Business Administration""]",Kochi,Kerala,Hybrid,9000,2027-07-28,2,6,2027-06-17,Hybrid,Graduate,No prior experience required
SIH2026-0222,Public Administration Intern,Internship,Navbharat Projects Jammu,Government,"Synthetic 3-month public administration intern opportunity supporting government projects. The intern will assist the team with supervised assignments, documentation, and practical project work in Jammu.","[""MS Excel"", ""Communication"", ""Documentation""]",Graduate / Postgraduate,"[""Public Administration"", ""Political Science"", ""Economics"", ""Social Work"", ""Law""]",Jammu,Jammu and Kashmir,Remote,9750,2027-07-31,3,7,2027-06-19,Remote,Graduate,No prior experience required
SIH2026-0223,Digital Services Intern,Internship,Sampurna Services Port Blair,E-Governance,"Synthetic 3-month digital services intern opportunity supporting e-governance projects. The intern will assist the team with supervised assignments, documentation, and practical project work in Port Blair.","[""MS Excel"", ""Data Entry"", ""Documentation""]",Diploma / Graduate,"[""Computer Science"", ""Information Technology"", ""Public Administration"", ""Business Administration""]",Port Blair,Andaman and Nicobar Islands,On-site,10500,2027-08-03,3,8,2027-06-21,In-office,Diploma,No prior experience required
SIH2026-0224,Tourism Operations Intern,Internship,Udaan Enterprises Nagpur,Tourism,"Synthetic 4-month tourism operations intern opportunity supporting tourism projects. The intern will assist the team with supervised assignments, documentation, and practical project work in Nagpur.","[""Customer Service"", ""Communication"", ""MS Excel""]",Diploma / Graduate,"[""Tourism"", ""Hospitality"", ""Business Administration"", ""Arts""]",Nagpur,Maharashtra,On-site,11250,2027-08-06,4,9,2027-06-23,In-office,Diploma,No prior experience required
SIH2026-0225,Logistics Coordinator Intern,Internship,Saksham Solutions Varanasi,Logistics,"Synthetic 6-month logistics coordinator intern opportunity supporting logistics projects. The intern will assist the team with supervised assignments, documentation, and practical project work in Varanasi.","[""MS Excel"", ""Inventory Management"", ""Communication"", ""Data Analysis""]",Diploma / BBA / B.Tech,"[""Logistics"", ""Supply Chain Management"", ""Business Administration"", ""Industrial Engineering""]",Varanasi,Uttar Pradesh,On-site,12000,2027-08-09,6,10,2027-06-25,In-office,Diploma,0-1 years preferred
SIH2026-0226,Social Media Intern,Internship,Nayi Disha Technologies Siliguri,Marketing,"Synthetic 2-month social media intern opportunity supporting marketing projects. The intern will assist the team with supervised assignments, documentation, and practical project work in Siliguri.","[""Digital Marketing"", ""Content Writing"", ""Communication""]",Graduate / Diploma,"[""Marketing"", ""Business Administration"", ""Commerce"", ""Arts"", ""Mass Communication""]",Siliguri,West Bengal,Hybrid,12750,2027-08-12,2,11,2027-07-22,Hybrid,Diploma,No prior experience required
SIH2026-0227,Human Resources Intern,Internship,JanMitra Networks Bhopal,HR,"Synthetic 3-month human resources intern opportunity supporting hr projects. The intern will assist the team with supervised assignments, documentation, and practical project work in Bhopal.","[""Communication"", ""MS Excel"", ""Recruitment""]",BBA / BA / MBA,"[""Human Resources"", ""Business Administration"", ""Psychology"", ""Arts"", ""Commerce""]",Bhopal,Madhya Pradesh,On-site,13500,2027-08-15,3,12,2027-07-24,In-office,Graduate,No prior experience required
SIH2026-0228,Rural Development Intern,Internship,Aarambh Industries Shillong,Rural Development,"Synthetic 3-month rural development intern opportunity supporting rural development projects. The intern will assist the team with supervised assignments, documentation, and practical project work in Shillong.","[""Field Survey"", ""Communication"", ""Data Collection""]",Diploma / Graduate,"[""Rural Development"", ""Social Work"", ""Agriculture"", ""Economics"", ""Public Administration""]",Shillong,Meghalaya,On-site,14250,2027-08-18,3,13,2027-07-26,In-office,Diploma,No prior experience required
SIH2026-0229,Site Coordination Intern,Internship,Vikas Initiatives Chandigarh,Infrastructure,"Synthetic 4-month site coordination intern opportunity supporting infrastructure projects. The intern will assist the team with supervised assignments, documentation, and practical project work in Chandigarh.","[""AutoCAD"", ""MS Excel"", ""Documentation"", ""Site Survey""]",Diploma / B.Tech,"[""Civil Engineering"", ""Architecture"", ""Urban Planning"", ""Mechanical Engineering""]",Chandigarh,Chandigarh,On-site,17000,2027-08-21,4,14,2027-07-28,In-office,Diploma,No prior experience required
SIH2026-0230,Telecom Network Intern,Internship,BharatSetu Projects Hyderabad,Telecommunications,"Synthetic 6-month telecom network intern opportunity supporting telecommunications projects. The intern will assist the team with supervised assignments, documentation, and practical project work in Hyderabad.","[""Networking"", ""Telecommunications"", ""Fiber Optics""]",Diploma / B.Tech,"[""Electronics"", ""Telecommunications"", ""Electrical Engineering"", ""Information Technology""]",Hyderabad,Telangana,On-site,17750,2027-08-24,6,15,2027-07-30,In-office,Diploma,No prior experience required
SIH2026-0231,IT Support Intern,Internship,Pragati Services New Delhi,IT,"Synthetic 2-month it support intern opportunity supporting it projects. The intern will assist the team with supervised assignments, documentation, and practical project work in New Delhi.","[""Linux"", ""Networking"", ""Troubleshooting""]",BCA / B.Sc. IT / B.Tech,"[""Computer Science"", ""Information Technology"", ""Electronics""]",New Delhi,Delhi,Hybrid,18500,2027-08-27,2,16,2027-08-01,Hybrid,Graduate,No prior experience required
SIH2026-0232,Frontend Development,Internship,Navbharat Enterprises Surat,Software Development,"Synthetic 3-month frontend development opportunity supporting software development projects. The intern will assist the team with supervised assignments, documentation, and practical project work in Surat.","[""Python"", ""JavaScript"", ""React""]",B.Tech / BCA / MCA,"[""Computer Science"", ""Information Technology"", ""Software Engineering""]",Surat,Gujarat,On-site,19250,2027-08-30,3,17,2027-08-03,In-office,Graduate,No prior experience required
SIH2026-0233,Data Analytics Intern,Internship,Sampurna Solutions Gaya,Data Science,"Synthetic 3-month data analytics intern opportunity supporting data science projects. The intern will assist the team with supervised assignments, documentation, and practical project work in Gaya.","[""Python"", ""SQL"", ""MS Excel"", ""Data Analysis""]",B.Sc. / BCA / B.Tech / MBA,"[""Data Science"", ""Computer Science"", ""Statistics"", ""Mathematics"", ""Commerce""]",Gaya,Bihar,On-site,20000,2027-09-02,3,18,2027-08-05,In-office,Graduate,0-1 years preferred
SIH2026-0234,Machine Learning Intern,Internship,Udaan Technologies Kochi,AI/ML,"Synthetic 4-month machine learning intern opportunity supporting ai/ml projects. The intern will assist the team with supervised assignments, documentation, and practical project work in Kochi.","[""Python"", ""Machine Learning"", ""Data Analysis""]",B.Tech / M.Tech / M.Sc.,"[""Computer Science"", ""Data Science"", ""Artificial Intelligence"", ""Electronics""]",Kochi,Kerala,On-site,20750,2027-09-05,4,19,2027-08-07,In-office,Graduate,No prior experience required
SIH2026-0235,Information Security Intern,Internship,Saksham Networks Jammu,Cybersecurity,"Synthetic 6-month information security intern opportunity supporting cybersecurity projects. The intern will assist the team with supervised assignments, documentation, and practical project work in Jammu.","[""Cybersecurity"", ""Networking"", ""Linux""]",B.Tech / BCA / B.Sc. IT,"[""Computer Science"", ""Information Technology"", ""Cybersecurity"", ""Electronics""]",Jammu,Jammu and Kashmir,On-site,21500,2027-09-08,6,20,2027-08-09,In-office,Graduate,No prior experience required
SIH2026-0236,Electronics Design Intern,Internship,Nayi Disha Industries Port Blair,Electronics,"Synthetic 2-month electronics design intern opportunity supporting electronics projects. The intern will assist the team with supervised assignments, documentation, and practical project work in Port Blair.","[""Embedded C"", ""Microcontrollers"", ""PCB Design""]",Diploma / B.Tech,"[""Electronics"", ""Electrical Engineering"", ""Instrumentation""]",Port Blair,Andaman and Nicobar Islands,Hybrid,22250,2027-09-11,2,21,2027-08-11,Hybrid,Diploma,No prior experience required
SIH2026-0237,Manufacturing Operations Intern,Internship,JanMitra Initiatives Nagpur,Manufacturing,"Synthetic 3-month manufacturing operations intern opportunity supporting manufacturing projects. The intern will assist the team with supervised assignments, documentation, and practical project work in Nagpur.","[""MS Excel"", ""Quality Control"", ""Lean Manufacturing"", ""Documentation""]",Diploma / B.Tech / BBA,"[""Mechanical Engineering"", ""Industrial Engineering"", ""Production Engineering"", ""Business Administration""]",Nagpur,Maharashtra,On-site,23000,2027-09-14,3,22,2027-08-13,In-office,Diploma,No prior experience required
SIH2026-0238,Automotive Testing Intern,Internship,Aarambh Projects Varanasi,Automobile,"Synthetic 3-month automotive testing intern opportunity supporting automobile projects. The intern will assist the team with supervised assignments, documentation, and practical project work in Varanasi.","[""Automobile Engineering"", ""Diagnostics"", ""Testing""]",Diploma / B.Tech,"[""Automobile Engineering"", ""Mechanical Engineering"", ""Electrical Engineering""]",Varanasi,Uttar Pradesh,On-site,23750,2027-09-17,3,23,2027-08-15,In-office,Diploma,No prior experience required
SIH2026-0239,Finance Operations Intern,Internship,Vikas Services Siliguri,Finance,"Synthetic 4-month finance operations intern opportunity supporting finance projects. The intern will assist the team with supervised assignments, documentation, and practical project work in Siliguri.","[""MS Excel"", ""Financial Analysis"", ""Accounting""]",B.Com / BBA / MBA,"[""Commerce"", ""Finance"", ""Business Administration"", ""Economics""]",Siliguri,West Bengal,Remote,22500,2027-09-20,4,24,2027-08-17,Remote,Graduate,No prior experience required
SIH2026-0240,Banking Services Intern,Internship,BharatSetu Enterprises Bhopal,Banking,"Synthetic 6-month banking services intern opportunity supporting banking projects. The intern will assist the team with supervised assignments, documentation, and practical project work in Bhopal.","[""MS Excel"", ""Customer Service"", ""KYC""]",B.Com / BBA / BA,"[""Commerce"", ""Finance"", ""Business Administration"", ""Economics""]",Bhopal,Madhya Pradesh,On-site,23250,2027-09-23,6,25,2027-08-19,In-office,Graduate,No prior experience required
SIH2026-0241,Public Health Intern,Internship,Pragati Solutions Shillong,Healthcare,"Synthetic 2-month public health intern opportunity supporting healthcare projects. The intern will assist the team with supervised assignments, documentation, and practical project work in Shillong.","[""Communication"", ""MS Excel"", ""Documentation"", ""Data Entry""]",B.Sc. / BPH / BBA,"[""Healthcare Management"", ""Public Health"", ""Nursing"", ""Life Sciences"", ""Business Administration""]",Shillong,Meghalaya,Hybrid,6000,2026-10-01,2,2,2026-08-26,Hybrid,Graduate,0-1 years preferred
SIH2026-0242,Agriculture Extension Intern,Internship,Navbharat Technologies Chandigarh,Agriculture,"Synthetic 3-month agriculture extension intern opportunity supporting agriculture projects. The intern will assist the team with supervised assignments, documentation, and practical project work in Chandigarh.","[""Agriculture"", ""Field Survey"", ""MS Excel""]",Diploma / B.Sc. / B.Tech,"[""Agriculture"", ""Horticulture"", ""Food Technology"", ""Rural Development""]",Chandigarh,Chandigarh,On-site,6750,2026-10-04,3,3,2026-08-28,In-office,Diploma,No prior experience required
SIH2026-0243,Renewable Energy Intern,Internship,Sampurna Networks Hyderabad,Renewable Energy,"Synthetic 3-month renewable energy intern opportunity supporting renewable energy projects. The intern will assist the team with supervised assignments, documentation, and practical project work in Hyderabad.","[""Solar Energy"", ""MS Excel"", ""AutoCAD""]",Diploma / B.Tech,"[""Electrical Engineering"", ""Mechanical Engineering"", ""Renewable Energy"", ""Civil Engineering""]",Hyderabad,Telangana,On-site,9500,2026-10-07,3,4,2026-08-30,In-office,Diploma,No prior experience required
SIH2026-0244,Student Outreach Intern,Internship,Udaan Industries Madurai,Education,"Synthetic 4-month student outreach intern opportunity supporting education projects. The intern will assist the team with supervised assignments, documentation, and practical project work in Madurai.","[""Communication"", ""Content Writing"", ""MS Excel""]",BA / B.Sc. / B.Ed. / BBA,"[""Education"", ""Arts"", ""Science"", ""Social Work"", ""Business Administration""]",Madurai,Tamil Nadu,On-site,8250,2026-10-10,4,5,2026-09-01,In-office,Graduate,No prior experience required
SIH2026-0245,Public Administration Intern,Internship,Saksham Initiatives Ahmedabad,Government,"Synthetic 6-month public administration intern opportunity supporting government projects. The intern will assist the team with supervised assignments, documentation, and practical project work in Ahmedabad.","[""MS Excel"", ""Communication"", ""Documentation"", ""Research""]",Graduate / Postgraduate,"[""Public Administration"", ""Political Science"", ""Economics"", ""Social Work"", ""Law""]",Ahmedabad,Gujarat,On-site,9000,2026-10-13,6,6,2026-09-03,In-office,Graduate,No prior experience required
SIH2026-0246,E-Governance Support Intern,Internship,Nayi Disha Projects Patna,E-Governance,"Synthetic 2-month e-governance support intern opportunity supporting e-governance projects. The intern will assist the team with supervised assignments, documentation, and practical project work in Patna.","[""MS Excel"", ""Data Entry"", ""Documentation""]",Diploma / Graduate,"[""Computer Science"", ""Information Technology"", ""Public Administration"", ""Business Administration""]",Patna,Bihar,Hybrid,9750,2026-10-16,2,7,2026-09-05,Hybrid,Diploma,No prior experience required
SIH2026-0247,Travel Desk Intern,Internship,JanMitra Services Bilaspur,Tourism,"Synthetic 3-month travel desk intern opportunity supporting tourism projects. The intern will assist the team with supervised assignments, documentation, and practical project work in Bilaspur.","[""Customer Service"", ""Communication"", ""MS Excel""]",Diploma / Graduate,"[""Tourism"", ""Hospitality"", ""Business Administration"", ""Arts""]",Bilaspur,Chhattisgarh,On-site,10500,2026-10-19,3,8,2026-09-07,In-office,Diploma,No prior experience required
SIH2026-0248,Logistics Coordinator Intern,Internship,Aarambh Enterprises Srinagar,Logistics,"Synthetic 3-month logistics coordinator intern opportunity supporting logistics projects. The intern will assist the team with supervised assignments, documentation, and practical project work in Srinagar.","[""MS Excel"", ""Inventory Management"", ""Communication""]",Diploma / BBA / B.Tech,"[""Logistics"", ""Supply Chain Management"", ""Business Administration"", ""Industrial Engineering""]",Srinagar,Jammu and Kashmir,On-site,11250,2026-10-22,3,9,2026-09-09,In-office,Diploma,No prior experience required
SIH2026-0249,Digital Marketing Intern,Internship,Vikas Solutions Panaji,Marketing,"Synthetic 4-month digital marketing intern opportunity supporting marketing projects. The intern will assist the team with supervised assignments, documentation, and practical project work in Panaji.","[""Digital Marketing"", ""Content Writing"", ""Communication"", ""MS Excel""]",Graduate / Diploma,"[""Marketing"", ""Business Administration"", ""Commerce"", ""Arts"", ""Mass Communication""]",Panaji,Goa,On-site,12000,2026-10-25,4,10,2026-09-11,In-office,Diploma,0-1 years preferred
SIH2026-0250,HR Operations Intern,Internship,BharatSetu Technologies Mumbai,HR,"Synthetic 6-month hr operations intern opportunity supporting hr projects. The intern will assist the team with supervised assignments, documentation, and practical project work in Mumbai.","[""Communication"", ""MS Excel"", ""Recruitment""]",BBA / BA / MBA,"[""Human Resources"", ""Business Administration"", ""Psychology"", ""Arts"", ""Commerce""]",Mumbai,Maharashtra,On-site,12750,2026-10-28,6,11,2026-09-13,In-office,Graduate,No prior experience required
SIH2026-0251,Rural Development Intern,Internship,Pragati Networks Lucknow,Rural Development,"Synthetic 2-month rural development intern opportunity supporting rural development projects. The intern will assist the team with supervised assignments, documentation, and practical project work in Lucknow.","[""Field Survey"", ""Communication"", ""Data Collection""]",Diploma / Graduate,"[""Rural Development"", ""Social Work"", ""Agriculture"", ""Economics"", ""Public Administration""]",Lucknow,Uttar Pradesh,Hybrid,13500,2026-10-31,2,12,2026-10-10,Hybrid,Diploma,No prior experience required
SIH2026-0252,Infrastructure Planning Intern,Internship,Navbharat Industries Kolkata,Infrastructure,"Synthetic 3-month infrastructure planning intern opportunity supporting infrastructure projects. The intern will assist the team with supervised assignments, documentation, and practical project work in Kolkata.","[""AutoCAD"", ""MS Excel"", ""Documentation""]",Diploma / B.Tech,"[""Civil Engineering"", ""Architecture"", ""Urban Planning"", ""Mechanical Engineering""]",Kolkata,West Bengal,On-site,16250,2026-11-03,3,13,2026-10-12,In-office,Diploma,No prior experience required
SIH2026-0253,Field Network Intern,Internship,Sampurna Initiatives Jamshedpur,Telecommunications,"Synthetic 3-month field network intern opportunity supporting telecommunications projects. The intern will assist the team with supervised assignments, documentation, and practical project work in Jamshedpur.","[""Networking"", ""Telecommunications"", ""Fiber Optics"", ""Troubleshooting""]",Diploma / B.Tech,"[""Electronics"", ""Telecommunications"", ""Electrical Engineering"", ""Information Technology""]",Jamshedpur,Jharkhand,On-site,17000,2026-11-06,3,14,2026-10-14,In-office,Diploma,No prior experience required
SIH2026-0254,IT Support Intern,Internship,Udaan Projects Shillong,IT,"Synthetic 4-month it support intern opportunity supporting it projects. The intern will assist the team with supervised assignments, documentation, and practical project work in Shillong.","[""Linux"", ""Networking"", ""Troubleshooting""]",BCA / B.Sc. IT / B.Tech,"[""Computer Science"", ""Information Technology"", ""Electronics""]",Shillong,Meghalaya,On-site,17750,2026-11-09,4,15,2026-10-16,In-office,Graduate,No prior experience required
SIH2026-0255,Software Development Intern,Internship,Saksham Services Chandigarh,Software Development,"Synthetic 6-month software development intern opportunity supporting software development projects. The intern will assist the team with supervised assignments, documentation, and practical project work in Chandigarh.","[""Python"", ""JavaScript"", ""React""]",B.Tech / BCA / MCA,"[""Computer Science"", ""Information Technology"", ""Software Engineering""]",Chandigarh,Chandigarh,On-site,18500,2026-11-12,6,16,2026-10-18,In-office,Graduate,No prior experience required
SIH2026-0256,Business Intelligence Intern,Internship,Nayi Disha Enterprises Hyderabad,Data Science,"Synthetic 2-month business intelligence intern opportunity supporting data science projects. The intern will assist the team with supervised assignments, documentation, and practical project work in Hyderabad.","[""Python"", ""SQL"", ""MS Excel""]",B.Sc. / BCA / B.Tech / MBA,"[""Data Science"", ""Computer Science"", ""Statistics"", ""Mathematics"", ""Commerce""]",Hyderabad,Telangana,Remote,19250,2026-11-15,2,17,2026-10-20,Remote,Graduate,No prior experience required
SIH2026-0257,Machine Learning Intern,Internship,JanMitra Solutions Madurai,AI/ML,"Synthetic 3-month machine learning intern opportunity supporting ai/ml projects. The intern will assist the team with supervised assignments, documentation, and practical project work in Madurai.","[""Python"", ""Machine Learning"", ""Data Analysis"", ""Pandas""]",B.Tech / M.Tech / M.Sc.,"[""Computer Science"", ""Data Science"", ""Artificial Intelligence"", ""Electronics""]",Madurai,Tamil Nadu,On-site,20000,2026-11-18,3,18,2026-10-22,In-office,Graduate,0-1 years preferred
SIH2026-0258,Cybersecurity Intern,Internship,Aarambh Technologies Ahmedabad,Cybersecurity,"Synthetic 3-month cybersecurity intern opportunity supporting cybersecurity projects. The intern will assist the team with supervised assignments, documentation, and practical project work in Ahmedabad.","[""Cybersecurity"", ""Networking"", ""Linux""]",B.Tech / BCA / B.Sc. IT,"[""Computer Science"", ""Information Technology"", ""Cybersecurity"", ""Electronics""]",Ahmedabad,Gujarat,On-site,20750,2026-11-21,3,19,2026-10-24,In-office,Graduate,No prior experience required
SIH2026-0259,Embedded Systems Intern,Internship,Vikas Networks Patna,Electronics,"Synthetic 4-month embedded systems intern opportunity supporting electronics projects. The intern will assist the team with supervised assignments, documentation, and practical project work in Patna.","[""Embedded C"", ""Microcontrollers"", ""PCB Design""]",Diploma / B.Tech,"[""Electronics"", ""Electrical Engineering"", ""Instrumentation""]",Patna,Bihar,On-site,21500,2026-11-24,4,20,2026-10-26,In-office,Diploma,No prior experience required
SIH2026-0260,Manufacturing Operations Intern,Internship,BharatSetu Industries Bilaspur,Manufacturing,"Synthetic 6-month manufacturing operations intern opportunity supporting manufacturing projects. The intern will assist the team with supervised assignments, documentation, and practical project work in Bilaspur.","[""MS Excel"", ""Quality Control"", ""Lean Manufacturing""]",Diploma / B.Tech / BBA,"[""Mechanical Engineering"", ""Industrial Engineering"", ""Production Engineering"", ""Business Administration""]",Bilaspur,Chhattisgarh,On-site,22250,2026-11-27,6,21,2026-10-28,In-office,Diploma,No prior experience required
SIH2026-0261,Automobile Service Intern,Internship,Pragati Initiatives Srinagar,Automobile,"Synthetic 2-month automobile service intern opportunity supporting automobile projects. The intern will assist the team with supervised assignments, documentation, and practical project work in Srinagar.","[""Automobile Engineering"", ""Diagnostics"", ""Testing"", ""MS Excel""]",Diploma / B.Tech,"[""Automobile Engineering"", ""Mechanical Engineering"", ""Electrical Engineering""]",Srinagar,Jammu and Kashmir,Hybrid,23000,2026-11-30,2,22,2026-10-30,Hybrid,Diploma,No prior experience required
SIH2026-0262,Accounts Intern,Internship,Navbharat Projects Panaji,Finance,"Synthetic 3-month accounts intern opportunity supporting finance projects. The intern will assist the team with supervised assignments, documentation, and practical project work in Panaji.","[""MS Excel"", ""Financial Analysis"", ""Accounting""]",B.Com / BBA / MBA,"[""Commerce"", ""Finance"", ""Business Administration"", ""Economics""]",Panaji,Goa,On-site,21750,2026-12-03,3,23,2026-11-01,In-office,Graduate,No prior experience required
SIH2026-0263,Banking Services Intern,Internship,Sampurna Services Mumbai,Banking,"Synthetic 3-month banking services intern opportunity supporting banking projects. The intern will assist the team with supervised assignments, documentation, and practical project work in Mumbai.","[""MS Excel"", ""Customer Service"", ""KYC""]",B.Com / BBA / BA,"[""Commerce"", ""Finance"", ""Business Administration"", ""Economics""]",Mumbai,Maharashtra,On-site,22500,2026-12-06,3,24,2026-11-03,In-office,Graduate,No prior experience required
SIH2026-0264,Healthcare Operations Intern,Internship,Udaan Enterprises Lucknow,Healthcare,"Synthetic 4-month healthcare operations intern opportunity supporting healthcare projects. The intern will assist the team with supervised assignments, documentation, and practical project work in Lucknow.","[""Communication"", ""MS Excel"", ""Documentation""]",B.Sc. / BPH / BBA,"[""Healthcare Management"", ""Public Health"", ""Nursing"", ""Life Sciences"", ""Business Administration""]",Lucknow,Uttar Pradesh,On-site,23250,2026-12-09,4,25,2026-11-05,In-office,Graduate,No prior experience required
SIH2026-0265,Agri Supply Chain Intern,Internship,Saksham Solutions Kolkata,Agriculture,"Synthetic 6-month agri supply chain intern opportunity supporting agriculture projects. The intern will assist the team with supervised assignments, documentation, and practical project work in Kolkata.","[""Agriculture"", ""Field Survey"", ""MS Excel"", ""Communication""]",Diploma / B.Sc. / B.Tech,"[""Agriculture"", ""Horticulture"", ""Food Technology"", ""Rural Development""]",Kolkata,West Bengal,On-site,6000,2026-12-12,6,2,2026-11-07,In-office,Diploma,0-1 years preferred
SIH2026-0266,Renewable Energy Intern,Internship,Nayi Disha Technologies Jamshedpur,Renewable Energy,"Synthetic 2-month renewable energy intern opportunity supporting renewable energy projects. The intern will assist the team with supervised assignments, documentation, and practical project work in Jamshedpur.","[""Solar Energy"", ""MS Excel"", ""AutoCAD""]",Diploma / B.Tech,"[""Electrical Engineering"", ""Mechanical Engineering"", ""Renewable Energy"", ""Civil Engineering""]",Jamshedpur,Jharkhand,Hybrid,8750,2026-12-15,2,3,2026-11-09,Hybrid,Diploma,No prior experience required
SIH2026-0267,Education Programme Intern,Internship,JanMitra Networks Guwahati,Education,"Synthetic 3-month education programme intern opportunity supporting education projects. The intern will assist the team with supervised assignments, documentation, and practical project work in Guwahati.","[""Communication"", ""Content Writing"", ""MS Excel""]",BA / B.Sc. / B.Ed. / BBA,"[""Education"", ""Arts"", ""Science"", ""Social Work"", ""Business Administration""]",Guwahati,Assam,On-site,7500,2026-12-18,3,4,2026-11-11,In-office,Graduate,No prior experience required
SIH2026-0268,Citizen Services Intern,Internship,Aarambh Industries Shimla,Government,"Synthetic 3-month citizen services intern opportunity supporting government projects. The intern will assist the team with supervised assignments, documentation, and practical project work in Shimla.","[""MS Excel"", ""Communication"", ""Documentation""]",Graduate / Postgraduate,"[""Public Administration"", ""Political Science"", ""Economics"", ""Social Work"", ""Law""]",Shimla,Himachal Pradesh,On-site,8250,2026-12-21,3,5,2026-11-13,In-office,Graduate,No prior experience required
SIH2026-0269,E-Governance Support Intern,Internship,Vikas Initiatives Mysuru,E-Governance,"Synthetic 4-month e-governance support intern opportunity supporting e-governance projects. The intern will assist the team with supervised assignments, documentation, and practical project work in Mysuru.","[""MS Excel"", ""Data Entry"", ""Documentation"", ""Communication""]",Diploma / Graduate,"[""Computer Science"", ""Information Technology"", ""Public Administration"", ""Business Administration""]",Mysuru,Karnataka,On-site,9000,2026-12-24,4,6,2026-11-15,In-office,Diploma,No prior experience required
SIH2026-0270,Tourism Operations Intern,Internship,BharatSetu Projects Coimbatore,Tourism,"Synthetic 6-month tourism operations intern opportunity supporting tourism projects. The intern will assist the team with supervised assignments, documentation, and practical project work in Coimbatore.","[""Customer Service"", ""Communication"", ""MS Excel""]",Diploma / Graduate,"[""Tourism"", ""Hospitality"", ""Business Administration"", ""Arts""]",Coimbatore,Tamil Nadu,On-site,9750,2026-12-27,6,7,2026-11-17,In-office,Diploma,No prior experience required
SIH2026-0271,Supply Chain Intern,Internship,Pragati Services Udaipur,Logistics,"Synthetic 2-month supply chain intern opportunity supporting logistics projects. The intern will assist the team with supervised assignments, documentation, and practical project work in Udaipur.","[""MS Excel"", ""Inventory Management"", ""Communication""]",Diploma / BBA / B.Tech,"[""Logistics"", ""Supply Chain Management"", ""Business Administration"", ""Industrial Engineering""]",Udaipur,Rajasthan,Hybrid,10500,2026-12-30,2,8,2026-11-19,Hybrid,Diploma,No prior experience required
SIH2026-0272,Digital Marketing Intern,Internship,Navbharat Enterprises Cuttack,Marketing,"Synthetic 3-month digital marketing intern opportunity supporting marketing projects. The intern will assist the team with supervised assignments, documentation, and practical project work in Cuttack.","[""Digital Marketing"", ""Content Writing"", ""Communication""]",Graduate / Diploma,"[""Marketing"", ""Business Administration"", ""Commerce"", ""Arts"", ""Mass Communication""]",Cuttack,Odisha,On-site,11250,2027-01-02,3,9,2026-11-21,In-office,Diploma,No prior experience required
SIH2026-0273,Human Resources Intern,Internship,Sampurna Solutions Raipur,HR,"Synthetic 3-month human resources intern opportunity supporting hr projects. The intern will assist the team with supervised assignments, documentation, and practical project work in Raipur.","[""Communication"", ""MS Excel"", ""Recruitment"", ""Documentation""]",BBA / BA / MBA,"[""Human Resources"", ""Business Administration"", ""Psychology"", ""Arts"", ""Commerce""]",Raipur,Chhattisgarh,Remote,12000,2027-01-05,3,10,2026-11-23,Remote,Graduate,0-1 years preferred
SIH2026-0274,Livelihoods Intern,Internship,Udaan Technologies Imphal,Rural Development,"Synthetic 4-month livelihoods intern opportunity supporting rural development projects. The intern will assist the team with supervised assignments, documentation, and practical project work in Imphal.","[""Field Survey"", ""Communication"", ""Data Collection""]",Diploma / Graduate,"[""Rural Development"", ""Social Work"", ""Agriculture"", ""Economics"", ""Public Administration""]",Imphal,Manipur,On-site,12750,2027-01-08,4,11,2026-11-25,In-office,Diploma,No prior experience required
SIH2026-0275,Infrastructure Planning Intern,Internship,Saksham Networks Vijayawada,Infrastructure,"Synthetic 6-month infrastructure planning intern opportunity supporting infrastructure projects. The intern will assist the team with supervised assignments, documentation, and practical project work in Vijayawada.","[""AutoCAD"", ""MS Excel"", ""Documentation""]",Diploma / B.Tech,"[""Civil Engineering"", ""Architecture"", ""Urban Planning"", ""Mechanical Engineering""]",Vijayawada,Andhra Pradesh,On-site,15500,2027-01-11,6,12,2026-11-27,In-office,Diploma,No prior experience required
SIH2026-0276,Telecom Network Intern,Internship,Nayi Disha Industries Pune,Telecommunications,"Synthetic 2-month telecom network intern opportunity supporting telecommunications projects. The intern will assist the team with supervised assignments, documentation, and practical project work in Pune.","[""Networking"", ""Telecommunications"", ""Fiber Optics""]",Diploma / B.Tech,"[""Electronics"", ""Telecommunications"", ""Electrical Engineering"", ""Information Technology""]",Pune,Maharashtra,Hybrid,16250,2027-01-14,2,13,2026-12-24,Hybrid,Diploma,No prior experience required
SIH2026-0277,IT Support,Internship,JanMitra Initiatives Lucknow,IT,"Synthetic 3-month it support opportunity supporting it projects. The intern will assist the team with supervised assignments, documentation, and practical project work in Lucknow.","[""Linux"", ""Networking"", ""Troubleshooting"", ""MS Excel""]",BCA / B.Sc. IT / B.Tech,"[""Computer Science"", ""Information Technology"", ""Electronics""]",Lucknow,Uttar Pradesh,On-site,17000,2027-01-17,3,14,2026-12-26,In-office,Graduate,No prior experience required
SIH2026-0278,Software Development Intern,Internship,Aarambh Projects Kolkata,Software Development,"Synthetic 3-month software development intern opportunity supporting software development projects. The intern will assist the team with supervised assignments, documentation, and practical project work in Kolkata.","[""Python"", ""JavaScript"", ""React""]",B.Tech / BCA / MCA,"[""Computer Science"", ""Information Technology"", ""Software Engineering""]",Kolkata,West Bengal,On-site,17750,2027-01-20,3,15,2026-12-28,In-office,Graduate,No prior experience required
SIH2026-0279,Data Analytics Intern,Internship,Vikas Services Jamshedpur,Data Science,"Synthetic 4-month data analytics intern opportunity supporting data science projects. The intern will assist the team with supervised assignments, documentation, and practical project work in Jamshedpur.","[""Python"", ""SQL"", ""MS Excel""]",B.Sc. / BCA / B.Tech / MBA,"[""Data Science"", ""Computer Science"", ""Statistics"", ""Mathematics"", ""Commerce""]",Jamshedpur,Jharkhand,On-site,18500,2027-01-23,4,16,2026-12-30,In-office,Graduate,No prior experience required
SIH2026-0280,Computer Vision Intern,Internship,BharatSetu Enterprises Guwahati,AI/ML,"Synthetic 6-month computer vision intern opportunity supporting ai/ml projects. The intern will assist the team with supervised assignments, documentation, and practical project work in Guwahati.","[""Python"", ""Machine Learning"", ""Data Analysis""]",B.Tech / M.Tech / M.Sc.,"[""Computer Science"", ""Data Science"", ""Artificial Intelligence"", ""Electronics""]",Guwahati,Assam,On-site,19250,2027-01-26,6,17,2027-01-01,In-office,Graduate,No prior experience required
SIH2026-0281,Cybersecurity Intern,Internship,Pragati Solutions Shimla,Cybersecurity,"Synthetic 2-month cybersecurity intern opportunity supporting cybersecurity projects. The intern will assist the team with supervised assignments, documentation, and practical project work in Shimla.","[""Cybersecurity"", ""Networking"", ""Linux"", ""Python""]",B.Tech / BCA / B.Sc. IT,"[""Computer Science"", ""Information Technology"", ""Cybersecurity"", ""Electronics""]",Shimla,Himachal Pradesh,Hybrid,20000,2027-01-29,2,18,2027-01-03,Hybrid,Graduate,0-1 years preferred
SIH2026-0282,Electronics Design Intern,Internship,Navbharat Technologies Mysuru,Electronics,"Synthetic 3-month electronics design intern opportunity supporting electronics projects. The intern will assist the team with supervised assignments, documentation, and practical project work in Mysuru.","[""Embedded C"", ""Microcontrollers"", ""PCB Design""]",Diploma / B.Tech,"[""Electronics"", ""Electrical Engineering"", ""Instrumentation""]",Mysuru,Karnataka,On-site,20750,2027-02-01,3,19,2027-01-05,In-office,Diploma,No prior experience required
SIH2026-0283,Production Planning Intern,Internship,Sampurna Networks Coimbatore,Manufacturing,"Synthetic 3-month production planning intern opportunity supporting manufacturing projects. The intern will assist the team with supervised assignments, documentation, and practical project work in Coimbatore.","[""MS Excel"", ""Quality Control"", ""Lean Manufacturing""]",Diploma / B.Tech / BBA,"[""Mechanical Engineering"", ""Industrial Engineering"", ""Production Engineering"", ""Business Administration""]",Coimbatore,Tamil Nadu,On-site,21500,2027-02-04,3,20,2027-01-07,In-office,Diploma,No prior experience required
SIH2026-0284,Automobile Service Intern,Internship,Udaan Industries Udaipur,Automobile,"Synthetic 4-month automobile service intern opportunity supporting automobile projects. The intern will assist the team with supervised assignments, documentation, and practical project work in Udaipur.","[""Automobile Engineering"", ""Diagnostics"", ""Testing""]",Diploma / B.Tech,"[""Automobile Engineering"", ""Mechanical Engineering"", ""Electrical Engineering""]",Udaipur,Rajasthan,On-site,22250,2027-02-07,4,21,2027-01-09,In-office,Diploma,No prior experience required
SIH2026-0285,Finance Operations Intern,Internship,Saksham Initiatives Cuttack,Finance,"Synthetic 6-month finance operations intern opportunity supporting finance projects. The intern will assist the team with supervised assignments, documentation, and practical project work in Cuttack.","[""MS Excel"", ""Financial Analysis"", ""Accounting"", ""Tally""]",B.Com / BBA / MBA,"[""Commerce"", ""Finance"", ""Business Administration"", ""Economics""]",Cuttack,Odisha,On-site,21000,2027-02-10,6,22,2027-01-11,In-office,Graduate,No prior experience required
SIH2026-0286,Branch Operations Intern,Internship,Nayi Disha Projects Raipur,Banking,"Synthetic 2-month branch operations intern opportunity supporting banking projects. The intern will assist the team with supervised assignments, documentation, and practical project work in Raipur.","[""MS Excel"", ""Customer Service"", ""KYC""]",B.Com / BBA / BA,"[""Commerce"", ""Finance"", ""Business Administration"", ""Economics""]",Raipur,Chhattisgarh,Hybrid,21750,2027-02-13,2,23,2027-01-13,Hybrid,Graduate,No prior experience required
SIH2026-0287,Healthcare Operations Intern,Internship,JanMitra Services Imphal,Healthcare,"Synthetic 3-month healthcare operations intern opportunity supporting healthcare projects. The intern will assist the team with supervised assignments, documentation, and practical project work in Imphal.","[""Communication"", ""MS Excel"", ""Documentation""]",B.Sc. / BPH / BBA,"[""Healthcare Management"", ""Public Health"", ""Nursing"", ""Life Sciences"", ""Business Administration""]",Imphal,Manipur,On-site,22500,2027-02-16,3,24,2027-01-15,In-office,Graduate,No prior experience required
SIH2026-0288,Agriculture Extension Intern,Internship,Aarambh Enterprises Vijayawada,Agriculture,"Synthetic 3-month agriculture extension intern opportunity supporting agriculture projects. The intern will assist the team with supervised assignments, documentation, and practical project work in Vijayawada.","[""Agriculture"", ""Field Survey"", ""MS Excel""]",Diploma / B.Sc. / B.Tech,"[""Agriculture"", ""Horticulture"", ""Food Technology"", ""Rural Development""]",Vijayawada,Andhra Pradesh,On-site,23250,2027-02-19,3,25,2027-01-17,In-office,Diploma,No prior experience required
SIH2026-0289,Solar Project Intern,Internship,Vikas Solutions Pune,Renewable Energy,"Synthetic 4-month solar project intern opportunity supporting renewable energy projects. The intern will assist the team with supervised assignments, documentation, and practical project work in Pune.","[""Solar Energy"", ""MS Excel"", ""AutoCAD"", ""Data Analysis""]",Diploma / B.Tech,"[""Electrical Engineering"", ""Mechanical Engineering"", ""Renewable Energy"", ""Civil Engineering""]",Pune,Maharashtra,On-site,8000,2027-02-22,4,2,2027-01-19,In-office,Diploma,0-1 years preferred
SIH2026-0290,Education Programme Intern,Internship,BharatSetu Technologies Noida,Education,"Synthetic 6-month education programme intern opportunity supporting education projects. The intern will assist the team with supervised assignments, documentation, and practical project work in Noida.","[""Communication"", ""Content Writing"", ""MS Excel""]",BA / B.Sc. / B.Ed. / BBA,"[""Education"", ""Arts"", ""Science"", ""Social Work"", ""Business Administration""]",Noida,Uttar Pradesh,Remote,6750,2027-02-25,6,3,2027-01-21,Remote,Graduate,No prior experience required
SIH2026-0291,Public Administration Intern,Internship,Pragati Networks Gandhinagar,Government,"Synthetic 2-month public administration intern opportunity supporting government projects. The intern will assist the team with supervised assignments, documentation, and practical project work in Gandhinagar.","[""MS Excel"", ""Communication"", ""Documentation""]",Graduate / Postgraduate,"[""Public Administration"", ""Political Science"", ""Economics"", ""Social Work"", ""Law""]",Gandhinagar,Gujarat,Hybrid,7500,2027-02-28,2,4,2027-01-23,Hybrid,Graduate,No prior experience required
SIH2026-0292,MIS Intern,Internship,Navbharat Industries Ranchi,E-Governance,"Synthetic 3-month mis intern opportunity supporting e-governance projects. The intern will assist the team with supervised assignments, documentation, and practical project work in Ranchi.","[""MS Excel"", ""Data Entry"", ""Documentation""]",Diploma / Graduate,"[""Computer Science"", ""Information Technology"", ""Public Administration"", ""Business Administration""]",Ranchi,Jharkhand,On-site,8250,2027-03-03,3,5,2027-01-25,In-office,Diploma,No prior experience required
SIH2026-0293,Tourism Operations Intern,Internship,Sampurna Initiatives Thiruvananthapuram,Tourism,"Synthetic 3-month tourism operations intern opportunity supporting tourism projects. The intern will assist the team with supervised assignments, documentation, and practical project work in Thiruvananthapuram.","[""Customer Service"", ""Communication"", ""MS Excel"", ""Tourism Operations""]",Diploma / Graduate,"[""Tourism"", ""Hospitality"", ""Business Administration"", ""Arts""]",Thiruvananthapuram,Kerala,On-site,9000,2027-03-06,3,6,2027-01-27,In-office,Diploma,No prior experience required
SIH2026-0294,Logistics Coordinator Intern,Internship,Udaan Projects Dehradun,Logistics,"Synthetic 4-month logistics coordinator intern opportunity supporting logistics projects. The intern will assist the team with supervised assignments, documentation, and practical project work in Dehradun.","[""MS Excel"", ""Inventory Management"", ""Communication""]",Diploma / BBA / B.Tech,"[""Logistics"", ""Supply Chain Management"", ""Business Administration"", ""Industrial Engineering""]",Dehradun,Uttarakhand,On-site,9750,2027-03-09,4,7,2027-01-29,In-office,Diploma,No prior experience required
SIH2026-0295,Market Research Intern,Internship,Saksham Services Bengaluru,Marketing,"Synthetic 6-month market research intern opportunity supporting marketing projects. The intern will assist the team with supervised assignments, documentation, and practical project work in Bengaluru.","[""Digital Marketing"", ""Content Writing"", ""Communication""]",Graduate / Diploma,"[""Marketing"", ""Business Administration"", ""Commerce"", ""Arts"", ""Mass Communication""]",Bengaluru,Karnataka,On-site,10500,2027-03-12,6,8,2027-01-31,In-office,Diploma,No prior experience required
SIH2026-0296,Human Resources Intern,Internship,Nayi Disha Enterprises Chennai,HR,"Synthetic 2-month human resources intern opportunity supporting hr projects. The intern will assist the team with supervised assignments, documentation, and practical project work in Chennai.","[""Communication"", ""MS Excel"", ""Recruitment""]",BBA / BA / MBA,"[""Human Resources"", ""Business Administration"", ""Psychology"", ""Arts"", ""Commerce""]",Chennai,Tamil Nadu,Hybrid,11250,2027-03-15,2,9,2027-02-02,Hybrid,Graduate,No prior experience required
SIH2026-0297,Rural Development Intern,Internship,JanMitra Solutions Jaipur,Rural Development,"Synthetic 3-month rural development intern opportunity supporting rural development projects. The intern will assist the team with supervised assignments, documentation, and practical project work in Jaipur.","[""Field Survey"", ""Communication"", ""Data Collection"", ""MS Excel""]",Diploma / Graduate,"[""Rural Development"", ""Social Work"", ""Agriculture"", ""Economics"", ""Public Administration""]",Jaipur,Rajasthan,On-site,12000,2027-03-18,3,10,2027-02-04,In-office,Diploma,0-1 years preferred
SIH2026-0298,Urban Planning Intern,Internship,Aarambh Technologies Bhubaneswar,Infrastructure,"Synthetic 3-month urban planning intern opportunity supporting infrastructure projects. The intern will assist the team with supervised assignments, documentation, and practical project work in Bhubaneswar.","[""AutoCAD"", ""MS Excel"", ""Documentation""]",Diploma / B.Tech,"[""Civil Engineering"", ""Architecture"", ""Urban Planning"", ""Mechanical Engineering""]",Bhubaneswar,Odisha,On-site,14750,2027-03-21,3,11,2027-02-06,In-office,Diploma,No prior experience required
SIH2026-0299,Telecom Network Intern,Internship,Vikas Networks Indore,Telecommunications,"Synthetic 4-month telecom network intern opportunity supporting telecommunications projects. The intern will assist the team with supervised assignments, documentation, and practical project work in Indore.","[""Networking"", ""Telecommunications"", ""Fiber Optics""]",Diploma / B.Tech,"[""Electronics"", ""Telecommunications"", ""Electrical Engineering"", ""Information Technology""]",Indore,Madhya Pradesh,On-site,15500,2027-03-24,4,12,2027-02-08,In-office,Diploma,No prior experience required
SIH2026-0300,IT Support Intern,Internship,BharatSetu Industries Imphal,IT,"Synthetic 6-month it support intern opportunity supporting it projects. The intern will assist the team with supervised assignments, documentation, and practical project work in Imphal.","[""Linux"", ""Networking"", ""Troubleshooting""]",BCA / B.Sc. IT / B.Tech,"[""Computer Science"", ""Information Technology"", ""Electronics""]",Imphal,Manipur,On-site,16250,2027-03-27,6,13,2027-02-10,In-office,Graduate,No prior experience required
SIH2026-0301,Frontend Development,Internship,Pragati Initiatives Vijayawada,Software Development,"Synthetic 2-month frontend development opportunity supporting software development projects. The intern will assist the team with supervised assignments, documentation, and practical project work in Vijayawada.","[""Python"", ""JavaScript"", ""React"", ""SQL""]",B.Tech / BCA / MCA,"[""Computer Science"", ""Information Technology"", ""Software Engineering""]",Vijayawada,Andhra Pradesh,Hybrid,17000,2027-03-30,2,14,2027-03-09,Hybrid,Graduate,No prior experience required
SIH2026-0302,Data Analytics Intern,Internship,Navbharat Projects Pune,Data Science,"Synthetic 3-month data analytics intern opportunity supporting data science projects. The intern will assist the team with supervised assignments, documentation, and practical project work in Pune.","[""Python"", ""SQL"", ""MS Excel""]",B.Sc. / BCA / B.Tech / MBA,"[""Data Science"", ""Computer Science"", ""Statistics"", ""Mathematics"", ""Commerce""]",Pune,Maharashtra,On-site,17750,2027-04-02,3,15,2027-03-11,In-office,Graduate,No prior experience required
SIH2026-0303,Machine Learning Intern,Internship,Sampurna Services Noida,AI/ML,"Synthetic 3-month machine learning intern opportunity supporting ai/ml projects. The intern will assist the team with supervised assignments, documentation, and practical project work in Noida.","[""Python"", ""Machine Learning"", ""Data Analysis""]",B.Tech / M.Tech / M.Sc.,"[""Computer Science"", ""Data Science"", ""Artificial Intelligence"", ""Electronics""]",Noida,Uttar Pradesh,On-site,18500,2027-04-05,3,16,2027-03-13,In-office,Graduate,No prior experience required
SIH2026-0304,SOC Analyst Intern,Internship,Udaan Enterprises Gandhinagar,Cybersecurity,"Synthetic 4-month soc analyst intern opportunity supporting cybersecurity projects. The intern will assist the team with supervised assignments, documentation, and practical project work in Gandhinagar.","[""Cybersecurity"", ""Networking"", ""Linux""]",B.Tech / BCA / B.Sc. IT,"[""Computer Science"", ""Information Technology"", ""Cybersecurity"", ""Electronics""]",Gandhinagar,Gujarat,On-site,19250,2027-04-08,4,17,2027-03-15,In-office,Graduate,No prior experience required
SIH2026-0305,Electronics Design Intern,Internship,Saksham Solutions Ranchi,Electronics,"Synthetic 6-month electronics design intern opportunity supporting electronics projects. The intern will assist the team with supervised assignments, documentation, and practical project work in Ranchi.","[""Embedded C"", ""Microcontrollers"", ""PCB Design"", ""Arduino""]",Diploma / B.Tech,"[""Electronics"", ""Electrical Engineering"", ""Instrumentation""]",Ranchi,Jharkhand,On-site,20000,2027-04-11,6,18,2027-03-17,In-office,Diploma,0-1 years preferred
SIH2026-0306,Manufacturing Operations Intern,Internship,Nayi Disha Technologies Thiruvananthapuram,Manufacturing,"Synthetic 2-month manufacturing operations intern opportunity supporting manufacturing projects. The intern will assist the team with supervised assignments, documentation, and practical project work in Thiruvananthapuram.","[""MS Excel"", ""Quality Control"", ""Lean Manufacturing""]",Diploma / B.Tech / BBA,"[""Mechanical Engineering"", ""Industrial Engineering"", ""Production Engineering"", ""Business Administration""]",Thiruvananthapuram,Kerala,Hybrid,20750,2027-04-14,2,19,2027-03-19,Hybrid,Diploma,No prior experience required
SIH2026-0307,EV Systems Intern,Internship,JanMitra Networks Dehradun,Automobile,"Synthetic 3-month ev systems intern opportunity supporting automobile projects. The intern will assist the team with supervised assignments, documentation, and practical project work in Dehradun.","[""Automobile Engineering"", ""Diagnostics"", ""Testing""]",Diploma / B.Tech,"[""Automobile Engineering"", ""Mechanical Engineering"", ""Electrical Engineering""]",Dehradun,Uttarakhand,Remote,21500,2027-04-17,3,20,2027-03-21,Remote,Diploma,No prior experience required
SIH2026-0308,Finance Operations Intern,Internship,Aarambh Industries Bengaluru,Finance,"Synthetic 3-month finance operations intern opportunity supporting finance projects. The intern will assist the team with supervised assignments, documentation, and practical project work in Bengaluru.","[""MS Excel"", ""Financial Analysis"", ""Accounting""]",B.Com / BBA / MBA,"[""Commerce"", ""Finance"", ""Business Administration"", ""Economics""]",Bengaluru,Karnataka,On-site,20250,2027-04-20,3,21,2027-03-23,In-office,Graduate,No prior experience required
SIH2026-0309,Banking Services Intern,Internship,Vikas Initiatives Chennai,Banking,"Synthetic 4-month banking services intern opportunity supporting banking projects. The intern will assist the team with supervised assignments, documentation, and practical project work in Chennai.","[""MS Excel"", ""Customer Service"", ""KYC"", ""Communication""]",B.Com / BBA / BA,"[""Commerce"", ""Finance"", ""Business Administration"", ""Economics""]",Chennai,Tamil Nadu,On-site,21000,2027-04-23,4,22,2027-03-25,In-office,Graduate,No prior experience required
SIH2026-0310,Hospital Administration Intern,Internship,BharatSetu Projects Jaipur,Healthcare,"Synthetic 6-month hospital administration intern opportunity supporting healthcare projects. The intern will assist the team with supervised assignments, documentation, and practical project work in Jaipur.","[""Communication"", ""MS Excel"", ""Documentation""]",B.Sc. / BPH / BBA,"[""Healthcare Management"", ""Public Health"", ""Nursing"", ""Life Sciences"", ""Business Administration""]",Jaipur,Rajasthan,On-site,21750,2027-04-26,6,23,2027-03-27,In-office,Graduate,No prior experience required
SIH2026-0311,Agriculture Extension Intern,Internship,Pragati Services Bhubaneswar,Agriculture,"Synthetic 2-month agriculture extension intern opportunity supporting agriculture projects. The intern will assist the team with supervised assignments, documentation, and practical project work in Bhubaneswar.","[""Agriculture"", ""Field Survey"", ""MS Excel""]",Diploma / B.Sc. / B.Tech,"[""Agriculture"", ""Horticulture"", ""Food Technology"", ""Rural Development""]",Bhubaneswar,Odisha,Hybrid,22500,2027-04-29,2,24,2027-03-29,Hybrid,Diploma,No prior experience required
SIH2026-0312,Renewable Energy Intern,Internship,Navbharat Enterprises Indore,Renewable Energy,"Synthetic 3-month renewable energy intern opportunity supporting renewable energy projects. The intern will assist the team with supervised assignments, documentation, and practical project work in Indore.","[""Solar Energy"", ""MS Excel"", ""AutoCAD""]",Diploma / B.Tech,"[""Electrical Engineering"", ""Mechanical Engineering"", ""Renewable Energy"", ""Civil Engineering""]",Indore,Madhya Pradesh,On-site,25250,2027-05-02,3,25,2027-03-31,In-office,Diploma,No prior experience required
SIH2026-0313,Curriculum Support Intern,Internship,Sampurna Solutions Agartala,Education,"Synthetic 3-month curriculum support intern opportunity supporting education projects. The intern will assist the team with supervised assignments, documentation, and practical project work in Agartala.","[""Communication"", ""Content Writing"", ""MS Excel"", ""Teaching""]",BA / B.Sc. / B.Ed. / BBA,"[""Education"", ""Arts"", ""Science"", ""Social Work"", ""Business Administration""]",Agartala,Tripura,On-site,6000,2027-05-05,3,2,2027-04-02,In-office,Graduate,0-1 years preferred
SIH2026-0314,Public Administration Intern,Internship,Udaan Technologies Visakhapatnam,Government,"Synthetic 4-month public administration intern opportunity supporting government projects. The intern will assist the team with supervised assignments, documentation, and practical project work in Visakhapatnam.","[""MS Excel"", ""Communication"", ""Documentation""]",Graduate / Postgraduate,"[""Public Administration"", ""Political Science"", ""Economics"", ""Social Work"", ""Law""]",Visakhapatnam,Andhra Pradesh,On-site,6750,2027-05-08,4,3,2027-04-04,In-office,Graduate,No prior experience required
SIH2026-0315,E-Governance Support Intern,Internship,Saksham Networks Warangal,E-Governance,"Synthetic 6-month e-governance support intern opportunity supporting e-governance projects. The intern will assist the team with supervised assignments, documentation, and practical project work in Warangal.","[""MS Excel"", ""Data Entry"", ""Documentation""]",Diploma / Graduate,"[""Computer Science"", ""Information Technology"", ""Public Administration"", ""Business Administration""]",Warangal,Telangana,On-site,7500,2027-05-11,6,4,2027-04-06,In-office,Diploma,No prior experience required
SIH2026-0316,Heritage Tourism Intern,Internship,Nayi Disha Industries New Delhi,Tourism,"Synthetic 2-month heritage tourism intern opportunity supporting tourism projects. The intern will assist the team with supervised assignments, documentation, and practical project work in New Delhi.","[""Customer Service"", ""Communication"", ""MS Excel""]",Diploma / Graduate,"[""Tourism"", ""Hospitality"", ""Business Administration"", ""Arts""]",New Delhi,Delhi,Hybrid,8250,2027-05-14,2,5,2027-04-08,Hybrid,Diploma,No prior experience required
SIH2026-0317,Logistics Coordinator Intern,Internship,JanMitra Initiatives Surat,Logistics,"Synthetic 3-month logistics coordinator intern opportunity supporting logistics projects. The intern will assist the team with supervised assignments, documentation, and practical project work in Surat.","[""MS Excel"", ""Inventory Management"", ""Communication"", ""Data Analysis""]",Diploma / BBA / B.Tech,"[""Logistics"", ""Supply Chain Management"", ""Business Administration"", ""Industrial Engineering""]",Surat,Gujarat,On-site,9000,2027-05-17,3,6,2027-04-10,In-office,Diploma,No prior experience required
SIH2026-0318,Digital Marketing Intern,Internship,Aarambh Projects Gaya,Marketing,"Synthetic 3-month digital marketing intern opportunity supporting marketing projects. The intern will assist the team with supervised assignments, documentation, and practical project work in Gaya.","[""Digital Marketing"", ""Content Writing"", ""Communication""]",Graduate / Diploma,"[""Marketing"", ""Business Administration"", ""Commerce"", ""Arts"", ""Mass Communication""]",Gaya,Bihar,On-site,9750,2027-05-20,3,7,2027-04-12,In-office,Diploma,No prior experience required
SIH2026-0319,Talent Acquisition Intern,Internship,Vikas Services Kochi,HR,"Synthetic 4-month talent acquisition intern opportunity supporting hr projects. The intern will assist the team with supervised assignments, documentation, and practical project work in Kochi.","[""Communication"", ""MS Excel"", ""Recruitment""]",BBA / BA / MBA,"[""Human Resources"", ""Business Administration"", ""Psychology"", ""Arts"", ""Commerce""]",Kochi,Kerala,On-site,10500,2027-05-23,4,8,2027-04-14,In-office,Graduate,No prior experience required
SIH2026-0320,Rural Development Intern,Internship,BharatSetu Enterprises Jammu,Rural Development,"Synthetic 6-month rural development intern opportunity supporting rural development projects. The intern will assist the team with supervised assignments, documentation, and practical project work in Jammu.","[""Field Survey"", ""Communication"", ""Data Collection""]",Diploma / Graduate,"[""Rural Development"", ""Social Work"", ""Agriculture"", ""Economics"", ""Public Administration""]",Jammu,Jammu and Kashmir,On-site,11250,2027-05-26,6,9,2027-04-16,In-office,Diploma,No prior experience required
SIH2026-0321,Infrastructure Planning Intern,Internship,Pragati Solutions Port Blair,Infrastructure,"Synthetic 2-month infrastructure planning intern opportunity supporting infrastructure projects. The intern will assist the team with supervised assignments, documentation, and practical project work in Port Blair.","[""AutoCAD"", ""MS Excel"", ""Documentation"", ""Site Survey""]",Diploma / B.Tech,"[""Civil Engineering"", ""Architecture"", ""Urban Planning"", ""Mechanical Engineering""]",Port Blair,Andaman and Nicobar Islands,Hybrid,14000,2027-05-29,2,10,2027-04-18,Hybrid,Diploma,0-1 years preferred
SIH2026-0322,Network Operations Intern,Internship,Navbharat Technologies Nagpur,Telecommunications,"Synthetic 3-month network operations intern opportunity supporting telecommunications projects. The intern will assist the team with supervised assignments, documentation, and practical project work in Nagpur.","[""Networking"", ""Telecommunications"", ""Fiber Optics""]",Diploma / B.Tech,"[""Electronics"", ""Telecommunications"", ""Electrical Engineering"", ""Information Technology""]",Nagpur,Maharashtra,On-site,14750,2027-06-01,3,11,2027-04-20,In-office,Diploma,No prior experience required
SIH2026-0323,IT Support Intern,Internship,Sampurna Networks Jaipur,IT,"Synthetic 3-month it support intern opportunity supporting it projects. The intern will assist the team with supervised assignments, documentation, and practical project work in Jaipur.","[""Linux"", ""Networking"", ""Troubleshooting""]",BCA / B.Sc. IT / B.Tech,"[""Computer Science"", ""Information Technology"", ""Electronics""]",Jaipur,Rajasthan,On-site,15500,2027-06-04,3,12,2027-04-22,In-office,Graduate,No prior experience required
SIH2026-0324,Software Development Intern,Internship,Udaan Industries Bhubaneswar,Software Development,"Synthetic 4-month software development intern opportunity supporting software development projects. The intern will assist the team with supervised assignments, documentation, and practical project work in Bhubaneswar.","[""Python"", ""JavaScript"", ""React""]",B.Tech / BCA / MCA,"[""Computer Science"", ""Information Technology"", ""Software Engineering""]",Bhubaneswar,Odisha,Remote,16250,2027-06-07,4,13,2027-04-24,Remote,Graduate,No prior experience required
SIH2026-0325,Data Analyst,Internship,Saksham Initiatives Indore,Data Science,"Synthetic 6-month data analyst opportunity supporting data science projects. The intern will assist the team with supervised assignments, documentation, and practical project work in Indore.","[""Python"", ""SQL"", ""MS Excel"", ""Data Analysis""]",B.Sc. / BCA / B.Tech / MBA,"[""Data Science"", ""Computer Science"", ""Statistics"", ""Mathematics"", ""Commerce""]",Indore,Madhya Pradesh,On-site,17000,2027-06-10,6,14,2027-04-26,In-office,Graduate,No prior experience required
SIH2026-0326,Machine Learning Intern,Internship,Nayi Disha Projects Agartala,AI/ML,"Synthetic 2-month machine learning intern opportunity supporting ai/ml projects. The intern will assist the team with supervised assignments, documentation, and practical project work in Agartala.","[""Python"", ""Machine Learning"", ""Data Analysis""]",B.Tech / M.Tech / M.Sc.,"[""Computer Science"", ""Data Science"", ""Artificial Intelligence"", ""Electronics""]",Agartala,Tripura,Hybrid,17750,2027-06-13,2,15,2027-05-23,Hybrid,Graduate,No prior experience required
SIH2026-0327,Cybersecurity Intern,Internship,JanMitra Services Visakhapatnam,Cybersecurity,"Synthetic 3-month cybersecurity intern opportunity supporting cybersecurity projects. The intern will assist the team with supervised assignments, documentation, and practical project work in Visakhapatnam.","[""Cybersecurity"", ""Networking"", ""Linux""]",B.Tech / BCA / B.Sc. IT,"[""Computer Science"", ""Information Technology"", ""Cybersecurity"", ""Electronics""]",Visakhapatnam,Andhra Pradesh,On-site,18500,2027-06-16,3,16,2027-05-25,In-office,Graduate,No prior experience required
SIH2026-0328,PCB Design Intern,Internship,Aarambh Enterprises Warangal,Electronics,"Synthetic 3-month pcb design intern opportunity supporting electronics projects. The intern will assist the team with supervised assignments, documentation, and practical project work in Warangal.","[""Embedded C"", ""Microcontrollers"", ""PCB Design""]",Diploma / B.Tech,"[""Electronics"", ""Electrical Engineering"", ""Instrumentation""]",Warangal,Telangana,On-site,19250,2027-06-19,3,17,2027-05-27,In-office,Diploma,No prior experience required
SIH2026-0329,Manufacturing Operations Intern,Internship,Vikas Solutions New Delhi,Manufacturing,"Synthetic 4-month manufacturing operations intern opportunity supporting manufacturing projects. The intern will assist the team with supervised assignments, documentation, and practical project work in New Delhi.","[""MS Excel"", ""Quality Control"", ""Lean Manufacturing"", ""Documentation""]",Diploma / B.Tech / BBA,"[""Mechanical Engineering"", ""Industrial Engineering"", ""Production Engineering"", ""Business Administration""]",New Delhi,Delhi,On-site,20000,2027-06-22,4,18,2027-05-29,In-office,Diploma,0-1 years preferred
SIH2026-0330,Automobile Service Intern,Internship,BharatSetu Technologies Surat,Automobile,"Synthetic 6-month automobile service intern opportunity supporting automobile projects. The intern will assist the team with supervised assignments, documentation, and practical project work in Surat.","[""Automobile Engineering"", ""Diagnostics"", ""Testing""]",Diploma / B.Tech,"[""Automobile Engineering"", ""Mechanical Engineering"", ""Electrical Engineering""]",Surat,Gujarat,On-site,20750,2027-06-25,6,19,2027-05-31,In-office,Diploma,No prior experience required
SIH2026-0331,Financial Analysis Intern,Internship,Pragati Networks Gaya,Finance,"Synthetic 2-month financial analysis intern opportunity supporting finance projects. The intern will assist the team with supervised assignments, documentation, and practical project work in Gaya.","[""MS Excel"", ""Financial Analysis"", ""Accounting""]",B.Com / BBA / MBA,"[""Commerce"", ""Finance"", ""Business Administration"", ""Economics""]",Gaya,Bihar,Hybrid,19500,2027-06-28,2,20,2027-06-02,Hybrid,Graduate,No prior experience required
SIH2026-0332,Banking Services Intern,Internship,Navbharat Industries Kochi,Banking,"Synthetic 3-month banking services intern opportunity supporting banking projects. The intern will assist the team with supervised assignments, documentation, and practical project work in Kochi.","[""MS Excel"", ""Customer Service"", ""KYC""]",B.Com / BBA / BA,"[""Commerce"", ""Finance"", ""Business Administration"", ""Economics""]",Kochi,Kerala,On-site,20250,2027-07-01,3,21,2027-06-04,In-office,Graduate,No prior experience required
SIH2026-0333,Healthcare Operations Intern,Internship,Sampurna Initiatives Jammu,Healthcare,"Synthetic 3-month healthcare operations intern opportunity supporting healthcare projects. The intern will assist the team with supervised assignments, documentation, and practical project work in Jammu.","[""Communication"", ""MS Excel"", ""Documentation"", ""Data Entry""]",B.Sc. / BPH / BBA,"[""Healthcare Management"", ""Public Health"", ""Nursing"", ""Life Sciences"", ""Business Administration""]",Jammu,Jammu and Kashmir,On-site,21000,2027-07-04,3,22,2027-06-06,In-office,Graduate,No prior experience required
SIH2026-0334,Farm Data Intern,Internship,Udaan Projects Port Blair,Agriculture,"Synthetic 4-month farm data intern opportunity supporting agriculture projects. The intern will assist the team with supervised assignments, documentation, and practical project work in Port Blair.","[""Agriculture"", ""Field Survey"", ""MS Excel""]",Diploma / B.Sc. / B.Tech,"[""Agriculture"", ""Horticulture"", ""Food Technology"", ""Rural Development""]",Port Blair,Andaman and Nicobar Islands,On-site,21750,2027-07-07,4,23,2027-06-08,In-office,Diploma,No prior experience required
SIH2026-0335,Renewable Energy Intern,Internship,Saksham Services Nagpur,Renewable Energy,"Synthetic 6-month renewable energy intern opportunity supporting renewable energy projects. The intern will assist the team with supervised assignments, documentation, and practical project work in Nagpur.","[""Solar Energy"", ""MS Excel"", ""AutoCAD""]",Diploma / B.Tech,"[""Electrical Engineering"", ""Mechanical Engineering"", ""Renewable Energy"", ""Civil Engineering""]",Nagpur,Maharashtra,On-site,24500,2027-07-10,6,24,2027-06-10,In-office,Diploma,No prior experience required
SIH2026-0336,Education Programme Intern,Internship,Nayi Disha Enterprises Varanasi,Education,"Synthetic 2-month education programme intern opportunity supporting education projects. The intern will assist the team with supervised assignments, documentation, and practical project work in Varanasi.","[""Communication"", ""Content Writing"", ""MS Excel""]",BA / B.Sc. / B.Ed. / BBA,"[""Education"", ""Arts"", ""Science"", ""Social Work"", ""Business Administration""]",Varanasi,Uttar Pradesh,Hybrid,23250,2027-07-13,2,25,2027-06-12,Hybrid,Graduate,No prior experience required
SIH2026-0337,Policy Research Intern,Internship,JanMitra Solutions Siliguri,Government,"Synthetic 3-month policy research intern opportunity supporting government projects. The intern will assist the team with supervised assignments, documentation, and practical project work in Siliguri.","[""MS Excel"", ""Communication"", ""Documentation"", ""Research""]",Graduate / Postgraduate,"[""Public Administration"", ""Political Science"", ""Economics"", ""Social Work"", ""Law""]",Siliguri,West Bengal,On-site,6000,2027-07-16,3,2,2027-06-14,In-office,Graduate,0-1 years preferred
SIH2026-0338,E-Governance Support Intern,Internship,Aarambh Technologies Bhopal,E-Governance,"Synthetic 3-month e-governance support intern opportunity supporting e-governance projects. The intern will assist the team with supervised assignments, documentation, and practical project work in Bhopal.","[""MS Excel"", ""Data Entry"", ""Documentation""]",Diploma / Graduate,"[""Computer Science"", ""Information Technology"", ""Public Administration"", ""Business Administration""]",Bhopal,Madhya Pradesh,On-site,6750,2027-07-19,3,3,2027-06-16,In-office,Diploma,No prior experience required
SIH2026-0339,Tourism Operations Intern,Internship,Vikas Networks Shillong,Tourism,"Synthetic 4-month tourism operations intern opportunity supporting tourism projects. The intern will assist the team with supervised assignments, documentation, and practical project work in Shillong.","[""Customer Service"", ""Communication"", ""MS Excel""]",Diploma / Graduate,"[""Tourism"", ""Hospitality"", ""Business Administration"", ""Arts""]",Shillong,Meghalaya,On-site,7500,2027-07-22,4,4,2027-06-18,In-office,Diploma,No prior experience required
SIH2026-0340,Warehouse Operations Intern,Internship,BharatSetu Industries Chandigarh,Logistics,"Synthetic 6-month warehouse operations intern opportunity supporting logistics projects. The intern will assist the team with supervised assignments, documentation, and practical project work in Chandigarh.","[""MS Excel"", ""Inventory Management"", ""Communication""]",Diploma / BBA / B.Tech,"[""Logistics"", ""Supply Chain Management"", ""Business Administration"", ""Industrial Engineering""]",Chandigarh,Chandigarh,On-site,8250,2027-07-25,6,5,2027-06-20,In-office,Diploma,No prior experience required
SIH2026-0341,Digital Marketing Intern,Internship,Pragati Initiatives Hyderabad,Marketing,"Synthetic 2-month digital marketing intern opportunity supporting marketing projects. The intern will assist the team with supervised assignments, documentation, and practical project work in Hyderabad.","[""Digital Marketing"", ""Content Writing"", ""Communication"", ""MS Excel""]",Graduate / Diploma,"[""Marketing"", ""Business Administration"", ""Commerce"", ""Arts"", ""Mass Communication""]",Hyderabad,Telangana,Remote,9000,2027-07-28,2,6,2027-06-22,Remote,Diploma,No prior experience required
SIH2026-0342,Human Resources Intern,Internship,Navbharat Projects Madurai,HR,"Synthetic 3-month human resources intern opportunity supporting hr projects. The intern will assist the team with supervised assignments, documentation, and practical project work in Madurai.","[""Communication"", ""MS Excel"", ""Recruitment""]",BBA / BA / MBA,"[""Human Resources"", ""Business Administration"", ""Psychology"", ""Arts"", ""Commerce""]",Madurai,Tamil Nadu,On-site,9750,2027-07-31,3,7,2027-06-24,In-office,Graduate,No prior experience required
SIH2026-0343,Community Outreach Intern,Internship,Sampurna Services Ahmedabad,Rural Development,"Synthetic 3-month community outreach intern opportunity supporting rural development projects. The intern will assist the team with supervised assignments, documentation, and practical project work in Ahmedabad.","[""Field Survey"", ""Communication"", ""Data Collection""]",Diploma / Graduate,"[""Rural Development"", ""Social Work"", ""Agriculture"", ""Economics"", ""Public Administration""]",Ahmedabad,Gujarat,On-site,10500,2027-08-03,3,8,2027-06-26,In-office,Diploma,No prior experience required
SIH2026-0344,Infrastructure Planning Intern,Internship,Udaan Enterprises Patna,Infrastructure,"Synthetic 4-month infrastructure planning intern opportunity supporting infrastructure projects. The intern will assist the team with supervised assignments, documentation, and practical project work in Patna.","[""AutoCAD"", ""MS Excel"", ""Documentation""]",Diploma / B.Tech,"[""Civil Engineering"", ""Architecture"", ""Urban Planning"", ""Mechanical Engineering""]",Patna,Bihar,On-site,13250,2027-08-06,4,9,2027-06-28,In-office,Diploma,No prior experience required
SIH2026-0345,Telecom Network Intern,Internship,Saksham Solutions Bilaspur,Telecommunications,"Synthetic 6-month telecom network intern opportunity supporting telecommunications projects. The intern will assist the team with supervised assignments, documentation, and practical project work in Bilaspur.","[""Networking"", ""Telecommunications"", ""Fiber Optics"", ""Troubleshooting""]",Diploma / B.Tech,"[""Electronics"", ""Telecommunications"", ""Electrical Engineering"", ""Information Technology""]",Bilaspur,Chhattisgarh,On-site,14000,2027-08-09,6,10,2027-06-30,In-office,Diploma,0-1 years preferred
SIH2026-0346,Systems Administration,Internship,Nayi Disha Technologies Jammu,IT,"Synthetic 2-month systems administration opportunity supporting it projects. The intern will assist the team with supervised assignments, documentation, and practical project work in Jammu.","[""Linux"", ""Networking"", ""Troubleshooting""]",BCA / B.Sc. IT / B.Tech,"[""Computer Science"", ""Information Technology"", ""Electronics""]",Jammu,Jammu and Kashmir,Hybrid,14750,2027-08-12,2,11,2027-07-02,Hybrid,Graduate,No prior experience required
SIH2026-0347,Software Development Intern,Internship,JanMitra Networks Port Blair,Software Development,"Synthetic 3-month software development intern opportunity supporting software development projects. The intern will assist the team with supervised assignments, documentation, and practical project work in Port Blair.","[""Python"", ""JavaScript"", ""React""]",B.Tech / BCA / MCA,"[""Computer Science"", ""Information Technology"", ""Software Engineering""]",Port Blair,Andaman and Nicobar Islands,On-site,15500,2027-08-15,3,12,2027-07-04,In-office,Graduate,No prior experience required
SIH2026-0348,Data Analytics Intern,Internship,Aarambh Industries Nagpur,Data Science,"Synthetic 3-month data analytics intern opportunity supporting data science projects. The intern will assist the team with supervised assignments, documentation, and practical project work in Nagpur.","[""Python"", ""SQL"", ""MS Excel""]",B.Sc. / BCA / B.Tech / MBA,"[""Data Science"", ""Computer Science"", ""Statistics"", ""Mathematics"", ""Commerce""]",Nagpur,Maharashtra,On-site,16250,2027-08-18,3,13,2027-07-06,In-office,Graduate,No prior experience required
SIH2026-0349,AI Research Intern,Internship,Vikas Initiatives Varanasi,AI/ML,"Synthetic 4-month ai research intern opportunity supporting ai/ml projects. The intern will assist the team with supervised assignments, documentation, and practical project work in Varanasi.","[""Python"", ""Machine Learning"", ""Data Analysis"", ""Pandas""]",B.Tech / M.Tech / M.Sc.,"[""Computer Science"", ""Data Science"", ""Artificial Intelligence"", ""Electronics""]",Varanasi,Uttar Pradesh,On-site,17000,2027-08-21,4,14,2027-07-08,In-office,Graduate,No prior experience required
SIH2026-0350,Cybersecurity Intern,Internship,BharatSetu Projects Siliguri,Cybersecurity,"Synthetic 6-month cybersecurity intern opportunity supporting cybersecurity projects. The intern will assist the team with supervised assignments, documentation, and practical project work in Siliguri.","[""Cybersecurity"", ""Networking"", ""Linux""]",B.Tech / BCA / B.Sc. IT,"[""Computer Science"", ""Information Technology"", ""Cybersecurity"", ""Electronics""]",Siliguri,West Bengal,On-site,17750,2027-08-24,6,15,2027-07-10,In-office,Graduate,No prior experience required
SIH2026-0351,Electronics Design Intern,Internship,Pragati Services Bhopal,Electronics,"Synthetic 2-month electronics design intern opportunity supporting electronics projects. The intern will assist the team with supervised assignments, documentation, and practical project work in Bhopal.","[""Embedded C"", ""Microcontrollers"", ""PCB Design""]",Diploma / B.Tech,"[""Electronics"", ""Electrical Engineering"", ""Instrumentation""]",Bhopal,Madhya Pradesh,Hybrid,18500,2027-08-27,2,16,2027-08-06,Hybrid,Diploma,No prior experience required
SIH2026-0352,Quality Assurance Intern,Internship,Navbharat Enterprises Shillong,Manufacturing,"Synthetic 3-month quality assurance intern opportunity supporting manufacturing projects. The intern will assist the team with supervised assignments, documentation, and practical project work in Shillong.","[""MS Excel"", ""Quality Control"", ""Lean Manufacturing""]",Diploma / B.Tech / BBA,"[""Mechanical Engineering"", ""Industrial Engineering"", ""Production Engineering"", ""Business Administration""]",Shillong,Meghalaya,On-site,19250,2027-08-30,3,17,2027-08-08,In-office,Diploma,No prior experience required
SIH2026-0353,Automobile Service Intern,Internship,Sampurna Solutions Chandigarh,Automobile,"Synthetic 3-month automobile service intern opportunity supporting automobile projects. The intern will assist the team with supervised assignments, documentation, and practical project work in Chandigarh.","[""Automobile Engineering"", ""Diagnostics"", ""Testing"", ""MS Excel""]",Diploma / B.Tech,"[""Automobile Engineering"", ""Mechanical Engineering"", ""Electrical Engineering""]",Chandigarh,Chandigarh,On-site,20000,2027-09-02,3,18,2027-08-10,In-office,Diploma,0-1 years preferred
SIH2026-0354,Finance Operations Intern,Internship,Udaan Technologies Hyderabad,Finance,"Synthetic 4-month finance operations intern opportunity supporting finance projects. The intern will assist the team with supervised assignments, documentation, and practical project work in Hyderabad.","[""MS Excel"", ""Financial Analysis"", ""Accounting""]",B.Com / BBA / MBA,"[""Commerce"", ""Finance"", ""Business Administration"", ""Economics""]",Hyderabad,Telangana,On-site,18750,2027-09-05,4,19,2027-08-12,In-office,Graduate,No prior experience required
SIH2026-0355,Credit Operations Intern,Internship,Saksham Networks Madurai,Banking,"Synthetic 6-month credit operations intern opportunity supporting banking projects. The intern will assist the team with supervised assignments, documentation, and practical project work in Madurai.","[""MS Excel"", ""Customer Service"", ""KYC""]",B.Com / BBA / BA,"[""Commerce"", ""Finance"", ""Business Administration"", ""Economics""]",Madurai,Tamil Nadu,On-site,19500,2027-09-08,6,20,2027-08-14,In-office,Graduate,No prior experience required
SIH2026-0356,Healthcare Operations Intern,Internship,Nayi Disha Industries Ahmedabad,Healthcare,"Synthetic 2-month healthcare operations intern opportunity supporting healthcare projects. The intern will assist the team with supervised assignments, documentation, and practical project work in Ahmedabad.","[""Communication"", ""MS Excel"", ""Documentation""]",B.Sc. / BPH / BBA,"[""Healthcare Management"", ""Public Health"", ""Nursing"", ""Life Sciences"", ""Business Administration""]",Ahmedabad,Gujarat,Hybrid,20250,2027-09-11,2,21,2027-08-16,Hybrid,Graduate,No prior experience required
SIH2026-0357,Agriculture Extension Intern,Internship,JanMitra Initiatives Patna,Agriculture,"Synthetic 3-month agriculture extension intern opportunity supporting agriculture projects. The intern will assist the team with supervised assignments, documentation, and practical project work in Patna.","[""Agriculture"", ""Field Survey"", ""MS Excel"", ""Communication""]",Diploma / B.Sc. / B.Tech,"[""Agriculture"", ""Horticulture"", ""Food Technology"", ""Rural Development""]",Patna,Bihar,On-site,21000,2027-09-14,3,22,2027-08-18,In-office,Diploma,No prior experience required
SIH2026-0358,Energy Audit Intern,Internship,Aarambh Projects Bilaspur,Renewable Energy,"Synthetic 3-month energy audit intern opportunity supporting renewable energy projects. The intern will assist the team with supervised assignments, documentation, and practical project work in Bilaspur.","[""Solar Energy"", ""MS Excel"", ""AutoCAD""]",Diploma / B.Tech,"[""Electrical Engineering"", ""Mechanical Engineering"", ""Renewable Energy"", ""Civil Engineering""]",Bilaspur,Chhattisgarh,Remote,23750,2027-09-17,3,23,2027-08-20,Remote,Diploma,No prior experience required
SIH2026-0359,Education Programme Intern,Internship,Vikas Services Srinagar,Education,"Synthetic 4-month education programme intern opportunity supporting education projects. The intern will assist the team with supervised assignments, documentation, and practical project work in Srinagar.","[""Communication"", ""Content Writing"", ""MS Excel""]",BA / B.Sc. / B.Ed. / BBA,"[""Education"", ""Arts"", ""Science"", ""Social Work"", ""Business Administration""]",Srinagar,Jammu and Kashmir,On-site,22500,2027-09-20,4,24,2027-08-22,In-office,Graduate,No prior experience required
SIH2026-0360,Public Administration Intern,Internship,BharatSetu Enterprises Panaji,Government,"Synthetic 6-month public administration intern opportunity supporting government projects. The intern will assist the team with supervised assignments, documentation, and practical project work in Panaji.","[""MS Excel"", ""Communication"", ""Documentation""]",Graduate / Postgraduate,"[""Public Administration"", ""Political Science"", ""Economics"", ""Social Work"", ""Law""]",Panaji,Goa,On-site,23250,2027-09-23,6,25,2027-08-24,In-office,Graduate,No prior experience required
SIH2026-0361,Digital Services Intern,Internship,Pragati Solutions Mumbai,E-Governance,"Synthetic 2-month digital services intern opportunity supporting e-governance projects. The intern will assist the team with supervised assignments, documentation, and practical project work in Mumbai.","[""MS Excel"", ""Data Entry"", ""Documentation"", ""Communication""]",Diploma / Graduate,"[""Computer Science"", ""Information Technology"", ""Public Administration"", ""Business Administration""]",Mumbai,Maharashtra,Hybrid,6000,2026-10-01,2,2,2026-08-31,Hybrid,Diploma,0-1 years preferred
SIH2026-0362,Tourism Operations Intern,Internship,Navbharat Technologies Lucknow,Tourism,"Synthetic 3-month tourism operations intern opportunity supporting tourism projects. The intern will assist the team with supervised assignments, documentation, and practical project work in Lucknow.","[""Customer Service"", ""Communication"", ""MS Excel""]",Diploma / Graduate,"[""Tourism"", ""Hospitality"", ""Business Administration"", ""Arts""]",Lucknow,Uttar Pradesh,On-site,6750,2026-10-04,3,3,2026-09-02,In-office,Diploma,No prior experience required
SIH2026-0363,Logistics Coordinator Intern,Internship,Sampurna Networks Kolkata,Logistics,"Synthetic 3-month logistics coordinator intern opportunity supporting logistics projects. The intern will assist the team with supervised assignments, documentation, and practical project work in Kolkata.","[""MS Excel"", ""Inventory Management"", ""Communication""]",Diploma / BBA / B.Tech,"[""Logistics"", ""Supply Chain Management"", ""Business Administration"", ""Industrial Engineering""]",Kolkata,West Bengal,On-site,7500,2026-10-07,3,4,2026-09-04,In-office,Diploma,No prior experience required
SIH2026-0364,Social Media Intern,Internship,Udaan Industries Jamshedpur,Marketing,"Synthetic 4-month social media intern opportunity supporting marketing projects. The intern will assist the team with supervised assignments, documentation, and practical project work in Jamshedpur.","[""Digital Marketing"", ""Content Writing"", ""Communication""]",Graduate / Diploma,"[""Marketing"", ""Business Administration"", ""Commerce"", ""Arts"", ""Mass Communication""]",Jamshedpur,Jharkhand,On-site,8250,2026-10-10,4,5,2026-09-06,In-office,Diploma,No prior experience required
SIH2026-0365,Human Resources Intern,Internship,Saksham Initiatives Guwahati,HR,"Synthetic 6-month human resources intern opportunity supporting hr projects. The intern will assist the team with supervised assignments, documentation, and practical project work in Guwahati.","[""Communication"", ""MS Excel"", ""Recruitment"", ""Documentation""]",BBA / BA / MBA,"[""Human Resources"", ""Business Administration"", ""Psychology"", ""Arts"", ""Commerce""]",Guwahati,Assam,On-site,9000,2026-10-13,6,6,2026-09-08,In-office,Graduate,No prior experience required
SIH2026-0366,Rural Development Intern,Internship,Nayi Disha Projects Shimla,Rural Development,"Synthetic 2-month rural development intern opportunity supporting rural development projects. The intern will assist the team with supervised assignments, documentation, and practical project work in Shimla.","[""Field Survey"", ""Communication"", ""Data Collection""]",Diploma / Graduate,"[""Rural Development"", ""Social Work"", ""Agriculture"", ""Economics"", ""Public Administration""]",Shimla,Himachal Pradesh,Hybrid,9750,2026-10-16,2,7,2026-09-10,Hybrid,Diploma,No prior experience required
SIH2026-0367,Site Coordination Intern,Internship,JanMitra Services Mysuru,Infrastructure,"Synthetic 3-month site coordination intern opportunity supporting infrastructure projects. The intern will assist the team with supervised assignments, documentation, and practical project work in Mysuru.","[""AutoCAD"", ""MS Excel"", ""Documentation""]",Diploma / B.Tech,"[""Civil Engineering"", ""Architecture"", ""Urban Planning"", ""Mechanical Engineering""]",Mysuru,Karnataka,On-site,12500,2026-10-19,3,8,2026-09-12,In-office,Diploma,No prior experience required
SIH2026-0368,Telecom Network Intern,Internship,Aarambh Enterprises Coimbatore,Telecommunications,"Synthetic 3-month telecom network intern opportunity supporting telecommunications projects. The intern will assist the team with supervised assignments, documentation, and practical project work in Coimbatore.","[""Networking"", ""Telecommunications"", ""Fiber Optics""]",Diploma / B.Tech,"[""Electronics"", ""Telecommunications"", ""Electrical Engineering"", ""Information Technology""]",Coimbatore,Tamil Nadu,On-site,13250,2026-10-22,3,9,2026-09-14,In-office,Diploma,No prior experience required
SIH2026-0369,IT Support Intern,Internship,Vikas Solutions Ahmedabad,IT,"Synthetic 4-month it support intern opportunity supporting it projects. The intern will assist the team with supervised assignments, documentation, and practical project work in Ahmedabad.","[""Linux"", ""Networking"", ""Troubleshooting"", ""MS Excel""]",BCA / B.Sc. IT / B.Tech,"[""Computer Science"", ""Information Technology"", ""Electronics""]",Ahmedabad,Gujarat,On-site,14000,2026-10-25,4,10,2026-09-16,In-office,Graduate,0-1 years preferred
SIH2026-0370,Frontend Development,Internship,BharatSetu Technologies Patna,Software Development,"Synthetic 6-month frontend development opportunity supporting software development projects. The intern will assist the team with supervised assignments, documentation, and practical project work in Patna.","[""Python"", ""JavaScript"", ""React""]",B.Tech / BCA / MCA,"[""Computer Science"", ""Information Technology"", ""Software Engineering""]",Patna,Bihar,On-site,14750,2026-10-28,6,11,2026-09-18,In-office,Graduate,No prior experience required
SIH2026-0371,Data Analytics Intern,Internship,Pragati Networks Bilaspur,Data Science,"Synthetic 2-month data analytics intern opportunity supporting data science projects. The intern will assist the team with supervised assignments, documentation, and practical project work in Bilaspur.","[""Python"", ""SQL"", ""MS Excel""]",B.Sc. / BCA / B.Tech / MBA,"[""Data Science"", ""Computer Science"", ""Statistics"", ""Mathematics"", ""Commerce""]",Bilaspur,Chhattisgarh,Hybrid,15500,2026-10-31,2,12,2026-09-20,Hybrid,Graduate,No prior experience required
SIH2026-0372,Machine Learning Intern,Internship,Navbharat Industries Srinagar,AI/ML,"Synthetic 3-month machine learning intern opportunity supporting ai/ml projects. The intern will assist the team with supervised assignments, documentation, and practical project work in Srinagar.","[""Python"", ""Machine Learning"", ""Data Analysis""]",B.Tech / M.Tech / M.Sc.,"[""Computer Science"", ""Data Science"", ""Artificial Intelligence"", ""Electronics""]",Srinagar,Jammu and Kashmir,On-site,16250,2026-11-03,3,13,2026-09-22,In-office,Graduate,No prior experience required
SIH2026-0373,Information Security Intern,Internship,Sampurna Initiatives Panaji,Cybersecurity,"Synthetic 3-month information security intern opportunity supporting cybersecurity projects. The intern will assist the team with supervised assignments, documentation, and practical project work in Panaji.","[""Cybersecurity"", ""Networking"", ""Linux"", ""Python""]",B.Tech / BCA / B.Sc. IT,"[""Computer Science"", ""Information Technology"", ""Cybersecurity"", ""Electronics""]",Panaji,Goa,On-site,17000,2026-11-06,3,14,2026-09-24,In-office,Graduate,No prior experience required
SIH2026-0374,Electronics Design Intern,Internship,Udaan Projects Mumbai,Electronics,"Synthetic 4-month electronics design intern opportunity supporting electronics projects. The intern will assist the team with supervised assignments, documentation, and practical project work in Mumbai.","[""Embedded C"", ""Microcontrollers"", ""PCB Design""]",Diploma / B.Tech,"[""Electronics"", ""Electrical Engineering"", ""Instrumentation""]",Mumbai,Maharashtra,On-site,17750,2026-11-09,4,15,2026-09-26,In-office,Diploma,No prior experience required
SIH2026-0375,Manufacturing Operations Intern,Internship,Saksham Services Lucknow,Manufacturing,"Synthetic 6-month manufacturing operations intern opportunity supporting manufacturing projects. The intern will assist the team with supervised assignments, documentation, and practical project work in Lucknow.","[""MS Excel"", ""Quality Control"", ""Lean Manufacturing""]",Diploma / B.Tech / BBA,"[""Mechanical Engineering"", ""Industrial Engineering"", ""Production Engineering"", ""Business Administration""]",Lucknow,Uttar Pradesh,Remote,18500,2026-11-12,6,16,2026-09-28,Remote,Diploma,No prior experience required
SIH2026-0376,Automotive Testing Intern,Internship,Nayi Disha Enterprises Kolkata,Automobile,"Synthetic 2-month automotive testing intern opportunity supporting automobile projects. The intern will assist the team with supervised assignments, documentation, and practical project work in Kolkata.","[""Automobile Engineering"", ""Diagnostics"", ""Testing""]",Diploma / B.Tech,"[""Automobile Engineering"", ""Mechanical Engineering"", ""Electrical Engineering""]",Kolkata,West Bengal,Hybrid,19250,2026-11-15,2,17,2026-10-25,Hybrid,Diploma,No prior experience required
SIH2026-0377,Finance Operations Intern,Internship,JanMitra Solutions Jamshedpur,Finance,"Synthetic 3-month finance operations intern opportunity supporting finance projects. The intern will assist the team with supervised assignments, documentation, and practical project work in Jamshedpur.","[""MS Excel"", ""Financial Analysis"", ""Accounting"", ""Tally""]",B.Com / BBA / MBA,"[""Commerce"", ""Finance"", ""Business Administration"", ""Economics""]",Jamshedpur,Jharkhand,On-site,18000,2026-11-18,3,18,2026-10-27,In-office,Graduate,0-1 years preferred
SIH2026-0378,Banking Services Intern,Internship,Aarambh Technologies Guwahati,Banking,"Synthetic 3-month banking services intern opportunity supporting banking projects. The intern will assist the team with supervised assignments, documentation, and practical project work in Guwahati.","[""MS Excel"", ""Customer Service"", ""KYC""]",B.Com / BBA / BA,"[""Commerce"", ""Finance"", ""Business Administration"", ""Economics""]",Guwahati,Assam,On-site,18750,2026-11-21,3,19,2026-10-29,In-office,Graduate,No prior experience required
SIH2026-0379,Public Health Intern,Internship,Vikas Networks Shimla,Healthcare,"Synthetic 4-month public health intern opportunity supporting healthcare projects. The intern will assist the team with supervised assignments, documentation, and practical project work in Shimla.","[""Communication"", ""MS Excel"", ""Documentation""]",B.Sc. / BPH / BBA,"[""Healthcare Management"", ""Public Health"", ""Nursing"", ""Life Sciences"", ""Business Administration""]",Shimla,Himachal Pradesh,On-site,19500,2026-11-24,4,20,2026-10-31,In-office,Graduate,No prior experience required
SIH2026-0380,Agriculture Extension Intern,Internship,BharatSetu Industries Mysuru,Agriculture,"Synthetic 6-month agriculture extension intern opportunity supporting agriculture projects. The intern will assist the team with supervised assignments, documentation, and practical project work in Mysuru.","[""Agriculture"", ""Field Survey"", ""MS Excel""]",Diploma / B.Sc. / B.Tech,"[""Agriculture"", ""Horticulture"", ""Food Technology"", ""Rural Development""]",Mysuru,Karnataka,On-site,20250,2026-11-27,6,21,2026-11-02,In-office,Diploma,No prior experience required
SIH2026-0381,Renewable Energy Intern,Internship,Pragati Initiatives Coimbatore,Renewable Energy,"Synthetic 2-month renewable energy intern opportunity supporting renewable energy projects. The intern will assist the team with supervised assignments, documentation, and practical project work in Coimbatore.","[""Solar Energy"", ""MS Excel"", ""AutoCAD"", ""Data Analysis""]",Diploma / B.Tech,"[""Electrical Engineering"", ""Mechanical Engineering"", ""Renewable Energy"", ""Civil Engineering""]",Coimbatore,Tamil Nadu,Hybrid,23000,2026-11-30,2,22,2026-11-04,Hybrid,Diploma,No prior experience required
SIH2026-0382,Student Outreach Intern,Internship,Navbharat Projects Udaipur,Education,"Synthetic 3-month student outreach intern opportunity supporting education projects. The intern will assist the team with supervised assignments, documentation, and practical project work in Udaipur.","[""Communication"", ""Content Writing"", ""MS Excel""]",BA / B.Sc. / B.Ed. / BBA,"[""Education"", ""Arts"", ""Science"", ""Social Work"", ""Business Administration""]",Udaipur,Rajasthan,On-site,21750,2026-12-03,3,23,2026-11-06,In-office,Graduate,No prior experience required
SIH2026-0383,Public Administration Intern,Internship,Sampurna Services Cuttack,Government,"Synthetic 3-month public administration intern opportunity supporting government projects. The intern will assist the team with supervised assignments, documentation, and practical project work in Cuttack.","[""MS Excel"", ""Communication"", ""Documentation""]",Graduate / Postgraduate,"[""Public Administration"", ""Political Science"", ""Economics"", ""Social Work"", ""Law""]",Cuttack,Odisha,On-site,22500,2026-12-06,3,24,2026-11-08,In-office,Graduate,No prior experience required
SIH2026-0384,E-Governance Support Intern,Internship,Udaan Enterprises Raipur,E-Governance,"Synthetic 4-month e-governance support intern opportunity supporting e-governance projects. The intern will assist the team with supervised assignments, documentation, and practical project work in Raipur.","[""MS Excel"", ""Data Entry"", ""Documentation""]",Diploma / Graduate,"[""Computer Science"", ""Information Technology"", ""Public Administration"", ""Business Administration""]",Raipur,Chhattisgarh,On-site,23250,2026-12-09,4,25,2026-11-10,In-office,Diploma,No prior experience required
SIH2026-0385,Travel Desk Intern,Internship,Saksham Solutions Imphal,Tourism,"Synthetic 6-month travel desk intern opportunity supporting tourism projects. The intern will assist the team with supervised assignments, documentation, and practical project work in Imphal.","[""Customer Service"", ""Communication"", ""MS Excel"", ""Tourism Operations""]",Diploma / Graduate,"[""Tourism"", ""Hospitality"", ""Business Administration"", ""Arts""]",Imphal,Manipur,On-site,6000,2026-12-12,6,2,2026-11-12,In-office,Diploma,0-1 years preferred
SIH2026-0386,Logistics Coordinator Intern,Internship,Nayi Disha Technologies Vijayawada,Logistics,"Synthetic 2-month logistics coordinator intern opportunity supporting logistics projects. The intern will assist the team with supervised assignments, documentation, and practical project work in Vijayawada.","[""MS Excel"", ""Inventory Management"", ""Communication""]",Diploma / BBA / B.Tech,"[""Logistics"", ""Supply Chain Management"", ""Business Administration"", ""Industrial Engineering""]",Vijayawada,Andhra Pradesh,Hybrid,6750,2026-12-15,2,3,2026-11-14,Hybrid,Diploma,No prior experience required
SIH2026-0387,Digital Marketing Intern,Internship,JanMitra Networks Pune,Marketing,"Synthetic 3-month digital marketing intern opportunity supporting marketing projects. The intern will assist the team with supervised assignments, documentation, and practical project work in Pune.","[""Digital Marketing"", ""Content Writing"", ""Communication""]",Graduate / Diploma,"[""Marketing"", ""Business Administration"", ""Commerce"", ""Arts"", ""Mass Communication""]",Pune,Maharashtra,On-site,7500,2026-12-18,3,4,2026-11-16,In-office,Diploma,No prior experience required
SIH2026-0388,HR Operations Intern,Internship,Aarambh Industries Noida,HR,"Synthetic 3-month hr operations intern opportunity supporting hr projects. The intern will assist the team with supervised assignments, documentation, and practical project work in Noida.","[""Communication"", ""MS Excel"", ""Recruitment""]",BBA / BA / MBA,"[""Human Resources"", ""Business Administration"", ""Psychology"", ""Arts"", ""Commerce""]",Noida,Uttar Pradesh,On-site,8250,2026-12-21,3,5,2026-11-18,In-office,Graduate,No prior experience required
SIH2026-0389,Rural Development Intern,Internship,Vikas Initiatives Gandhinagar,Rural Development,"Synthetic 4-month rural development intern opportunity supporting rural development projects. The intern will assist the team with supervised assignments, documentation, and practical project work in Gandhinagar.","[""Field Survey"", ""Communication"", ""Data Collection"", ""MS Excel""]",Diploma / Graduate,"[""Rural Development"", ""Social Work"", ""Agriculture"", ""Economics"", ""Public Administration""]",Gandhinagar,Gujarat,On-site,9000,2026-12-24,4,6,2026-11-20,In-office,Diploma,No prior experience required
SIH2026-0390,Infrastructure Planning Intern,Internship,BharatSetu Projects Ranchi,Infrastructure,"Synthetic 6-month infrastructure planning intern opportunity supporting infrastructure projects. The intern will assist the team with supervised assignments, documentation, and practical project work in Ranchi.","[""AutoCAD"", ""MS Excel"", ""Documentation""]",Diploma / B.Tech,"[""Civil Engineering"", ""Architecture"", ""Urban Planning"", ""Mechanical Engineering""]",Ranchi,Jharkhand,On-site,11750,2026-12-27,6,7,2026-11-22,In-office,Diploma,No prior experience required
SIH2026-0391,Field Network Intern,Internship,Pragati Services Thiruvananthapuram,Telecommunications,"Synthetic 2-month field network intern opportunity supporting telecommunications projects. The intern will assist the team with supervised assignments, documentation, and practical project work in Thiruvananthapuram.","[""Networking"", ""Telecommunications"", ""Fiber Optics""]",Diploma / B.Tech,"[""Electronics"", ""Telecommunications"", ""Electrical Engineering"", ""Information Technology""]",Thiruvananthapuram,Kerala,Hybrid,12500,2026-12-30,2,8,2026-11-24,Hybrid,Diploma,No prior experience required
SIH2026-0392,IT Support Intern,Internship,Navbharat Enterprises Shimla,IT,"Synthetic 3-month it support intern opportunity supporting it projects. The intern will assist the team with supervised assignments, documentation, and practical project work in Shimla.","[""Linux"", ""Networking"", ""Troubleshooting""]",BCA / B.Sc. IT / B.Tech,"[""Computer Science"", ""Information Technology"", ""Electronics""]",Shimla,Himachal Pradesh,Remote,13250,2027-01-02,3,9,2026-11-26,Remote,Graduate,No prior experience required
SIH2026-0393,Software Development Intern,Internship,Sampurna Solutions Mysuru,Software Development,"Synthetic 3-month software development intern opportunity supporting software development projects. The intern will assist the team with supervised assignments, documentation, and practical project work in Mysuru.","[""Python"", ""JavaScript"", ""React"", ""SQL""]",B.Tech / BCA / MCA,"[""Computer Science"", ""Information Technology"", ""Software Engineering""]",Mysuru,Karnataka,On-site,14000,2027-01-05,3,10,2026-11-28,In-office,Graduate,0-1 years preferred
SIH2026-0394,Business Intelligence Intern,Internship,Udaan Technologies Coimbatore,Data Science,"Synthetic 4-month business intelligence intern opportunity supporting data science projects. The intern will assist the team with supervised assignments, documentation, and practical project work in Coimbatore.","[""Python"", ""SQL"", ""MS Excel""]",B.Sc. / BCA / B.Tech / MBA,"[""Data Science"", ""Computer Science"", ""Statistics"", ""Mathematics"", ""Commerce""]",Coimbatore,Tamil Nadu,On-site,14750,2027-01-08,4,11,2026-11-30,In-office,Graduate,No prior experience required
SIH2026-0395,Machine Learning Intern,Internship,Saksham Networks Udaipur,AI/ML,"Synthetic 6-month machine learning intern opportunity supporting ai/ml projects. The intern will assist the team with supervised assignments, documentation, and practical project work in Udaipur.","[""Python"", ""Machine Learning"", ""Data Analysis""]",B.Tech / M.Tech / M.Sc.,"[""Computer Science"", ""Data Science"", ""Artificial Intelligence"", ""Electronics""]",Udaipur,Rajasthan,On-site,15500,2027-01-11,6,12,2026-12-02,In-office,Graduate,No prior experience required
SIH2026-0396,Cybersecurity Intern,Internship,Nayi Disha Industries Cuttack,Cybersecurity,"Synthetic 2-month cybersecurity intern opportunity supporting cybersecurity projects. The intern will assist the team with supervised assignments, documentation, and practical project work in Cuttack.","[""Cybersecurity"", ""Networking"", ""Linux""]",B.Tech / BCA / B.Sc. IT,"[""Computer Science"", ""Information Technology"", ""Cybersecurity"", ""Electronics""]",Cuttack,Odisha,Hybrid,16250,2027-01-14,2,13,2026-12-04,Hybrid,Graduate,No prior experience required
SIH2026-0397,Embedded Systems Intern,Internship,JanMitra Initiatives Raipur,Electronics,"Synthetic 3-month embedded systems intern opportunity supporting electronics projects. The intern will assist the team with supervised assignments, documentation, and practical project work in Raipur.","[""Embedded C"", ""Microcontrollers"", ""PCB Design"", ""Arduino""]",Diploma / B.Tech,"[""Electronics"", ""Electrical Engineering"", ""Instrumentation""]",Raipur,Chhattisgarh,On-site,17000,2027-01-17,3,14,2026-12-06,In-office,Diploma,No prior experience required
SIH2026-0398,Manufacturing Operations Intern,Internship,Aarambh Projects Imphal,Manufacturing,"Synthetic 3-month manufacturing operations intern opportunity supporting manufacturing projects. The intern will assist the team with supervised assignments, documentation, and practical project work in Imphal.","[""MS Excel"", ""Quality Control"", ""Lean Manufacturing""]",Diploma / B.Tech / BBA,"[""Mechanical Engineering"", ""Industrial Engineering"", ""Production Engineering"", ""Business Administration""]",Imphal,Manipur,On-site,17750,2027-01-20,3,15,2026-12-08,In-office,Diploma,No prior experience required
SIH2026-0399,Automobile Service Intern,Internship,Vikas Services Vijayawada,Automobile,"Synthetic 4-month automobile service intern opportunity supporting automobile projects. The intern will assist the team with supervised assignments, documentation, and practical project work in Vijayawada.","[""Automobile Engineering"", ""Diagnostics"", ""Testing""]",Diploma / B.Tech,"[""Automobile Engineering"", ""Mechanical Engineering"", ""Electrical Engineering""]",Vijayawada,Andhra Pradesh,On-site,18500,2027-01-23,4,16,2026-12-10,In-office,Diploma,No prior experience required
SIH2026-0400,Accounts Intern,Internship,BharatSetu Enterprises Pune,Finance,"Synthetic 6-month accounts intern opportunity supporting finance projects. The intern will assist the team with supervised assignments, documentation, and practical project work in Pune.","[""MS Excel"", ""Financial Analysis"", ""Accounting""]",B.Com / BBA / MBA,"[""Commerce"", ""Finance"", ""Business Administration"", ""Economics""]",Pune,Maharashtra,On-site,17250,2027-01-26,6,17,2026-12-12,In-office,Graduate,No prior experience required
SIH2026-0401,Banking Services Intern,Internship,Pragati Solutions Noida,Banking,"Synthetic 2-month banking services intern opportunity supporting banking projects. The intern will assist the team with supervised assignments, documentation, and practical project work in Noida.","[""MS Excel"", ""Customer Service"", ""KYC"", ""Communication""]",B.Com / BBA / BA,"[""Commerce"", ""Finance"", ""Business Administration"", ""Economics""]",Noida,Uttar Pradesh,Hybrid,18000,2027-01-29,2,18,2027-01-08,Hybrid,Graduate,0-1 years preferred
SIH2026-0402,Healthcare Operations Intern,Internship,Navbharat Technologies Gandhinagar,Healthcare,"Synthetic 3-month healthcare operations intern opportunity supporting healthcare projects. The intern will assist the team with supervised assignments, documentation, and practical project work in Gandhinagar.","[""Communication"", ""MS Excel"", ""Documentation""]",B.Sc. / BPH / BBA,"[""Healthcare Management"", ""Public Health"", ""Nursing"", ""Life Sciences"", ""Business Administration""]",Gandhinagar,Gujarat,On-site,18750,2027-02-01,3,19,2027-01-10,In-office,Graduate,No prior experience required
SIH2026-0403,Agri Supply Chain Intern,Internship,Sampurna Networks Ranchi,Agriculture,"Synthetic 3-month agri supply chain intern opportunity supporting agriculture projects. The intern will assist the team with supervised assignments, documentation, and practical project work in Ranchi.","[""Agriculture"", ""Field Survey"", ""MS Excel""]",Diploma / B.Sc. / B.Tech,"[""Agriculture"", ""Horticulture"", ""Food Technology"", ""Rural Development""]",Ranchi,Jharkhand,On-site,19500,2027-02-04,3,20,2027-01-12,In-office,Diploma,No prior experience required
SIH2026-0404,Renewable Energy Intern,Internship,Udaan Industries Thiruvananthapuram,Renewable Energy,"Synthetic 4-month renewable energy intern opportunity supporting renewable energy projects. The intern will assist the team with supervised assignments, documentation, and practical project work in Thiruvananthapuram.","[""Solar Energy"", ""MS Excel"", ""AutoCAD""]",Diploma / B.Tech,"[""Electrical Engineering"", ""Mechanical Engineering"", ""Renewable Energy"", ""Civil Engineering""]",Thiruvananthapuram,Kerala,On-site,22250,2027-02-07,4,21,2027-01-14,In-office,Diploma,No prior experience required
SIH2026-0405,Education Programme Intern,Internship,Saksham Initiatives Dehradun,Education,"Synthetic 6-month education programme intern opportunity supporting education projects. The intern will assist the team with supervised assignments, documentation, and practical project work in Dehradun.","[""Communication"", ""Content Writing"", ""MS Excel"", ""Teaching""]",BA / B.Sc. / B.Ed. / BBA,"[""Education"", ""Arts"", ""Science"", ""Social Work"", ""Business Administration""]",Dehradun,Uttarakhand,On-site,21000,2027-02-10,6,22,2027-01-16,In-office,Graduate,No prior experience required
SIH2026-0406,Citizen Services Intern,Internship,Nayi Disha Projects Bengaluru,Government,"Synthetic 2-month citizen services intern opportunity supporting government projects. The intern will assist the team with supervised assignments, documentation, and practical project work in Bengaluru.","[""MS Excel"", ""Communication"", ""Documentation""]",Graduate / Postgraduate,"[""Public Administration"", ""Political Science"", ""Economics"", ""Social Work"", ""Law""]",Bengaluru,Karnataka,Hybrid,21750,2027-02-13,2,23,2027-01-18,Hybrid,Graduate,No prior experience required
SIH2026-0407,E-Governance Support Intern,Internship,JanMitra Services Chennai,E-Governance,"Synthetic 3-month e-governance support intern opportunity supporting e-governance projects. The intern will assist the team with supervised assignments, documentation, and practical project work in Chennai.","[""MS Excel"", ""Data Entry"", ""Documentation""]",Diploma / Graduate,"[""Computer Science"", ""Information Technology"", ""Public Administration"", ""Business Administration""]",Chennai,Tamil Nadu,On-site,22500,2027-02-16,3,24,2027-01-20,In-office,Diploma,No prior experience required
SIH2026-0408,Tourism Operations Intern,Internship,Aarambh Enterprises Jaipur,Tourism,"Synthetic 3-month tourism operations intern opportunity supporting tourism projects. The intern will assist the team with supervised assignments, documentation, and practical project work in Jaipur.","[""Customer Service"", ""Communication"", ""MS Excel""]",Diploma / Graduate,"[""Tourism"", ""Hospitality"", ""Business Administration"", ""Arts""]",Jaipur,Rajasthan,On-site,23250,2027-02-19,3,25,2027-01-22,In-office,Diploma,No prior experience required
SIH2026-0409,Supply Chain Intern,Internship,Vikas Solutions Bhubaneswar,Logistics,"Synthetic 4-month supply chain intern opportunity supporting logistics projects. The intern will assist the team with supervised assignments, documentation, and practical project work in Bhubaneswar.","[""MS Excel"", ""Inventory Management"", ""Communication"", ""Data Analysis""]",Diploma / BBA / B.Tech,"[""Logistics"", ""Supply Chain Management"", ""Business Administration"", ""Industrial Engineering""]",Bhubaneswar,Odisha,Remote,6000,2027-02-22,4,2,2027-01-24,Remote,Diploma,0-1 years preferred
SIH2026-0410,Digital Marketing Intern,Internship,BharatSetu Technologies Indore,Marketing,"Synthetic 6-month digital marketing intern opportunity supporting marketing projects. The intern will assist the team with supervised assignments, documentation, and practical project work in Indore.","[""Digital Marketing"", ""Content Writing"", ""Communication""]",Graduate / Diploma,"[""Marketing"", ""Business Administration"", ""Commerce"", ""Arts"", ""Mass Communication""]",Indore,Madhya Pradesh,On-site,6750,2027-02-25,6,3,2027-01-26,In-office,Diploma,No prior experience required
SIH2026-0411,Human Resources Intern,Internship,Pragati Networks Agartala,HR,"Synthetic 2-month human resources intern opportunity supporting hr projects. The intern will assist the team with supervised assignments, documentation, and practical project work in Agartala.","[""Communication"", ""MS Excel"", ""Recruitment""]",BBA / BA / MBA,"[""Human Resources"", ""Business Administration"", ""Psychology"", ""Arts"", ""Commerce""]",Agartala,Tripura,Hybrid,7500,2027-02-28,2,4,2027-01-28,Hybrid,Graduate,No prior experience required
SIH2026-0412,Livelihoods Intern,Internship,Navbharat Industries Visakhapatnam,Rural Development,"Synthetic 3-month livelihoods intern opportunity supporting rural development projects. The intern will assist the team with supervised assignments, documentation, and practical project work in Visakhapatnam.","[""Field Survey"", ""Communication"", ""Data Collection""]",Diploma / Graduate,"[""Rural Development"", ""Social Work"", ""Agriculture"", ""Economics"", ""Public Administration""]",Visakhapatnam,Andhra Pradesh,On-site,8250,2027-03-03,3,5,2027-01-30,In-office,Diploma,No prior experience required
SIH2026-0413,Infrastructure Planning Intern,Internship,Sampurna Initiatives Warangal,Infrastructure,"Synthetic 3-month infrastructure planning intern opportunity supporting infrastructure projects. The intern will assist the team with supervised assignments, documentation, and practical project work in Warangal.","[""AutoCAD"", ""MS Excel"", ""Documentation"", ""Site Survey""]",Diploma / B.Tech,"[""Civil Engineering"", ""Architecture"", ""Urban Planning"", ""Mechanical Engineering""]",Warangal,Telangana,On-site,11000,2027-03-06,3,6,2027-02-01,In-office,Diploma,No prior experience required
SIH2026-0414,Telecom Network Intern,Internship,Udaan Projects New Delhi,Telecommunications,"Synthetic 4-month telecom network intern opportunity supporting telecommunications projects. The intern will assist the team with supervised assignments, documentation, and practical project work in New Delhi.","[""Networking"", ""Telecommunications"", ""Fiber Optics""]",Diploma / B.Tech,"[""Electronics"", ""Telecommunications"", ""Electrical Engineering"", ""Information Technology""]",New Delhi,Delhi,On-site,11750,2027-03-09,4,7,2027-02-03,In-office,Diploma,No prior experience required
SIH2026-0415,IT Support,Internship,Saksham Services Gandhinagar,IT,"Synthetic 6-month it support opportunity supporting it projects. The intern will assist the team with supervised assignments, documentation, and practical project work in Gandhinagar.","[""Linux"", ""Networking"", ""Troubleshooting""]",BCA / B.Sc. IT / B.Tech,"[""Computer Science"", ""Information Technology"", ""Electronics""]",Gandhinagar,Gujarat,On-site,12500,2027-03-12,6,8,2027-02-05,In-office,Graduate,No prior experience required
SIH2026-0416,Software Development Intern,Internship,Nayi Disha Enterprises Ranchi,Software Development,"Synthetic 2-month software development intern opportunity supporting software development projects. The intern will assist the team with supervised assignments, documentation, and practical project work in Ranchi.","[""Python"", ""JavaScript"", ""React""]",B.Tech / BCA / MCA,"[""Computer Science"", ""Information Technology"", ""Software Engineering""]",Ranchi,Jharkhand,Hybrid,13250,2027-03-15,2,9,2027-02-07,Hybrid,Graduate,No prior experience required
SIH2026-0417,Data Analytics Intern,Internship,JanMitra Solutions Thiruvananthapuram,Data Science,"Synthetic 3-month data analytics intern opportunity supporting data science projects. The intern will assist the team with supervised assignments, documentation, and practical project work in Thiruvananthapuram.","[""Python"", ""SQL"", ""MS Excel"", ""Data Analysis""]",B.Sc. / BCA / B.Tech / MBA,"[""Data Science"", ""Computer Science"", ""Statistics"", ""Mathematics"", ""Commerce""]",Thiruvananthapuram,Kerala,On-site,14000,2027-03-18,3,10,2027-02-09,In-office,Graduate,0-1 years preferred
SIH2026-0418,Computer Vision Intern,Internship,Aarambh Technologies Dehradun,AI/ML,"Synthetic 3-month computer vision intern opportunity supporting ai/ml projects. The intern will assist the team with supervised assignments, documentation, and practical project work in Dehradun.","[""Python"", ""Machine Learning"", ""Data Analysis""]",B.Tech / M.Tech / M.Sc.,"[""Computer Science"", ""Data Science"", ""Artificial Intelligence"", ""Electronics""]",Dehradun,Uttarakhand,On-site,14750,2027-03-21,3,11,2027-02-11,In-office,Graduate,No prior experience required
SIH2026-0419,Cybersecurity Intern,Internship,Vikas Networks Bengaluru,Cybersecurity,"Synthetic 4-month cybersecurity intern opportunity supporting cybersecurity projects. The intern will assist the team with supervised assignments, documentation, and practical project work in Bengaluru.","[""Cybersecurity"", ""Networking"", ""Linux""]",B.Tech / BCA / B.Sc. IT,"[""Computer Science"", ""Information Technology"", ""Cybersecurity"", ""Electronics""]",Bengaluru,Karnataka,On-site,15500,2027-03-24,4,12,2027-02-13,In-office,Graduate,No prior experience required
SIH2026-0420,Electronics Design Intern,Internship,BharatSetu Industries Chennai,Electronics,"Synthetic 6-month electronics design intern opportunity supporting electronics projects. The intern will assist the team with supervised assignments, documentation, and practical project work in Chennai.","[""Embedded C"", ""Microcontrollers"", ""PCB Design""]",Diploma / B.Tech,"[""Electronics"", ""Electrical Engineering"", ""Instrumentation""]",Chennai,Tamil Nadu,On-site,16250,2027-03-27,6,13,2027-02-15,In-office,Diploma,No prior experience required
SIH2026-0421,Production Planning Intern,Internship,Pragati Initiatives Jaipur,Manufacturing,"Synthetic 2-month production planning intern opportunity supporting manufacturing projects. The intern will assist the team with supervised assignments, documentation, and practical project work in Jaipur.","[""MS Excel"", ""Quality Control"", ""Lean Manufacturing"", ""Documentation""]",Diploma / B.Tech / BBA,"[""Mechanical Engineering"", ""Industrial Engineering"", ""Production Engineering"", ""Business Administration""]",Jaipur,Rajasthan,Hybrid,17000,2027-03-30,2,14,2027-02-17,Hybrid,Diploma,No prior experience required
SIH2026-0422,Automobile Service Intern,Internship,Navbharat Projects Bhubaneswar,Automobile,"Synthetic 3-month automobile service intern opportunity supporting automobile projects. The intern will assist the team with supervised assignments, documentation, and practical project work in Bhubaneswar.","[""Automobile Engineering"", ""Diagnostics"", ""Testing""]",Diploma / B.Tech,"[""Automobile Engineering"", ""Mechanical Engineering"", ""Electrical Engineering""]",Bhubaneswar,Odisha,On-site,17750,2027-04-02,3,15,2027-02-19,In-office,Diploma,No prior experience required
SIH2026-0423,Finance Operations Intern,Internship,Sampurna Services Indore,Finance,"Synthetic 3-month finance operations intern opportunity supporting finance projects. The intern will assist the team with supervised assignments, documentation, and practical project work in Indore.","[""MS Excel"", ""Financial Analysis"", ""Accounting""]",B.Com / BBA / MBA,"[""Commerce"", ""Finance"", ""Business Administration"", ""Economics""]",Indore,Madhya Pradesh,On-site,16500,2027-04-05,3,16,2027-02-21,In-office,Graduate,No prior experience required
SIH2026-0424,Branch Operations Intern,Internship,Udaan Enterprises Agartala,Banking,"Synthetic 4-month branch operations intern opportunity supporting banking projects. The intern will assist the team with supervised assignments, documentation, and practical project work in Agartala.","[""MS Excel"", ""Customer Service"", ""KYC""]",B.Com / BBA / BA,"[""Commerce"", ""Finance"", ""Business Administration"", ""Economics""]",Agartala,Tripura,On-site,17250,2027-04-08,4,17,2027-02-23,In-office,Graduate,No prior experience required
SIH2026-0425,Healthcare Operations Intern,Internship,Saksham Solutions Visakhapatnam,Healthcare,"Synthetic 6-month healthcare operations intern opportunity supporting healthcare projects. The intern will assist the team with supervised assignments, documentation, and practical project work in Visakhapatnam.","[""Communication"", ""MS Excel"", ""Documentation"", ""Data Entry""]",B.Sc. / BPH / BBA,"[""Healthcare Management"", ""Public Health"", ""Nursing"", ""Life Sciences"", ""Business Administration""]",Visakhapatnam,Andhra Pradesh,On-site,18000,2027-04-11,6,18,2027-02-25,In-office,Graduate,0-1 years preferred
SIH2026-0426,Agriculture Extension Intern,Internship,Nayi Disha Technologies Warangal,Agriculture,"Synthetic 2-month agriculture extension intern opportunity supporting agriculture projects. The intern will assist the team with supervised assignments, documentation, and practical project work in Warangal.","[""Agriculture"", ""Field Survey"", ""MS Excel""]",Diploma / B.Sc. / B.Tech,"[""Agriculture"", ""Horticulture"", ""Food Technology"", ""Rural Development""]",Warangal,Telangana,Remote,18750,2027-04-14,2,19,2027-03-24,Remote,Diploma,No prior experience required
SIH2026-0427,Solar Project Intern,Internship,JanMitra Networks New Delhi,Renewable Energy,"Synthetic 3-month solar project intern opportunity supporting renewable energy projects. The intern will assist the team with supervised assignments, documentation, and practical project work in New Delhi.","[""Solar Energy"", ""MS Excel"", ""AutoCAD""]",Diploma / B.Tech,"[""Electrical Engineering"", ""Mechanical Engineering"", ""Renewable Energy"", ""Civil Engineering""]",New Delhi,Delhi,On-site,21500,2027-04-17,3,20,2027-03-26,In-office,Diploma,No prior experience required
SIH2026-0428,Education Programme Intern,Internship,Aarambh Industries Surat,Education,"Synthetic 3-month education programme intern opportunity supporting education projects. The intern will assist the team with supervised assignments, documentation, and practical project work in Surat.","[""Communication"", ""Content Writing"", ""MS Excel""]",BA / B.Sc. / B.Ed. / BBA,"[""Education"", ""Arts"", ""Science"", ""Social Work"", ""Business Administration""]",Surat,Gujarat,On-site,20250,2027-04-20,3,21,2027-03-28,In-office,Graduate,No prior experience required
SIH2026-0429,Public Administration Intern,Internship,Vikas Initiatives Gaya,Government,"Synthetic 4-month public administration intern opportunity supporting government projects. The intern will assist the team with supervised assignments, documentation, and practical project work in Gaya.","[""MS Excel"", ""Communication"", ""Documentation"", ""Research""]",Graduate / Postgraduate,"[""Public Administration"", ""Political Science"", ""Economics"", ""Social Work"", ""Law""]",Gaya,Bihar,On-site,21000,2027-04-23,4,22,2027-03-30,In-office,Graduate,No prior experience required
SIH2026-0430,MIS Intern,Internship,BharatSetu Projects Kochi,E-Governance,"Synthetic 6-month mis intern opportunity supporting e-governance projects. The intern will assist the team with supervised assignments, documentation, and practical project work in Kochi.","[""MS Excel"", ""Data Entry"", ""Documentation""]",Diploma / Graduate,"[""Computer Science"", ""Information Technology"", ""Public Administration"", ""Business Administration""]",Kochi,Kerala,On-site,21750,2027-04-26,6,23,2027-04-01,In-office,Diploma,No prior experience required
SIH2026-0431,Tourism Operations Intern,Internship,Pragati Services Jammu,Tourism,"Synthetic 2-month tourism operations intern opportunity supporting tourism projects. The intern will assist the team with supervised assignments, documentation, and practical project work in Jammu.","[""Customer Service"", ""Communication"", ""MS Excel""]",Diploma / Graduate,"[""Tourism"", ""Hospitality"", ""Business Administration"", ""Arts""]",Jammu,Jammu and Kashmir,Hybrid,22500,2027-04-29,2,24,2027-04-03,Hybrid,Diploma,No prior experience required
SIH2026-0432,Logistics Coordinator Intern,Internship,Navbharat Enterprises Port Blair,Logistics,"Synthetic 3-month logistics coordinator intern opportunity supporting logistics projects. The intern will assist the team with supervised assignments, documentation, and practical project work in Port Blair.","[""MS Excel"", ""Inventory Management"", ""Communication""]",Diploma / BBA / B.Tech,"[""Logistics"", ""Supply Chain Management"", ""Business Administration"", ""Industrial Engineering""]",Port Blair,Andaman and Nicobar Islands,On-site,23250,2027-05-02,3,25,2027-04-05,In-office,Diploma,No prior experience required
SIH2026-0433,Market Research Intern,Internship,Sampurna Solutions Nagpur,Marketing,"Synthetic 3-month market research intern opportunity supporting marketing projects. The intern will assist the team with supervised assignments, documentation, and practical project work in Nagpur.","[""Digital Marketing"", ""Content Writing"", ""Communication"", ""MS Excel""]",Graduate / Diploma,"[""Marketing"", ""Business Administration"", ""Commerce"", ""Arts"", ""Mass Communication""]",Nagpur,Maharashtra,On-site,6000,2027-05-05,3,2,2027-04-07,In-office,Diploma,0-1 years preferred
SIH2026-0434,Human Resources Intern,Internship,Udaan Technologies Varanasi,HR,"Synthetic 4-month human resources intern opportunity supporting hr projects. The intern will assist the team with supervised assignments, documentation, and practical project work in Varanasi.","[""Communication"", ""MS Excel"", ""Recruitment""]",BBA / BA / MBA,"[""Human Resources"", ""Business Administration"", ""Psychology"", ""Arts"", ""Commerce""]",Varanasi,Uttar Pradesh,On-site,6750,2027-05-08,4,3,2027-04-09,In-office,Graduate,No prior experience required
SIH2026-0435,Rural Development Intern,Internship,Saksham Networks Siliguri,Rural Development,"Synthetic 6-month rural development intern opportunity supporting rural development projects. The intern will assist the team with supervised assignments, documentation, and practical project work in Siliguri.","[""Field Survey"", ""Communication"", ""Data Collection""]",Diploma / Graduate,"[""Rural Development"", ""Social Work"", ""Agriculture"", ""Economics"", ""Public Administration""]",Siliguri,West Bengal,On-site,7500,2027-05-11,6,4,2027-04-11,In-office,Diploma,No prior experience required
SIH2026-0436,Urban Planning Intern,Internship,Nayi Disha Industries Bhopal,Infrastructure,"Synthetic 2-month urban planning intern opportunity supporting infrastructure projects. The intern will assist the team with supervised assignments, documentation, and practical project work in Bhopal.","[""AutoCAD"", ""MS Excel"", ""Documentation""]",Diploma / B.Tech,"[""Civil Engineering"", ""Architecture"", ""Urban Planning"", ""Mechanical Engineering""]",Bhopal,Madhya Pradesh,Hybrid,10250,2027-05-14,2,5,2027-04-13,Hybrid,Diploma,No prior experience required
SIH2026-0437,Telecom Network Intern,Internship,JanMitra Initiatives Shillong,Telecommunications,"Synthetic 3-month telecom network intern opportunity supporting telecommunications projects. The intern will assist the team with supervised assignments, documentation, and practical project work in Shillong.","[""Networking"", ""Telecommunications"", ""Fiber Optics"", ""Troubleshooting""]",Diploma / B.Tech,"[""Electronics"", ""Telecommunications"", ""Electrical Engineering"", ""Information Technology""]",Shillong,Meghalaya,On-site,11000,2027-05-17,3,6,2027-04-15,In-office,Diploma,No prior experience required
SIH2026-0438,IT Support Intern,Internship,Aarambh Projects Visakhapatnam,IT,"Synthetic 3-month it support intern opportunity supporting it projects. The intern will assist the team with supervised assignments, documentation, and practical project work in Visakhapatnam.","[""Linux"", ""Networking"", ""Troubleshooting""]",BCA / B.Sc. IT / B.Tech,"[""Computer Science"", ""Information Technology"", ""Electronics""]",Visakhapatnam,Andhra Pradesh,On-site,11750,2027-05-20,3,7,2027-04-17,In-office,Graduate,No prior experience required
SIH2026-0439,Frontend Development,Internship,Vikas Services Warangal,Software Development,"Synthetic 4-month frontend development opportunity supporting software development projects. The intern will assist the team with supervised assignments, documentation, and practical project work in Warangal.","[""Python"", ""JavaScript"", ""React""]",B.Tech / BCA / MCA,"[""Computer Science"", ""Information Technology"", ""Software Engineering""]",Warangal,Telangana,On-site,12500,2027-05-23,4,8,2027-04-19,In-office,Graduate,No prior experience required
SIH2026-0440,Data Analytics Intern,Internship,BharatSetu Enterprises New Delhi,Data Science,"Synthetic 6-month data analytics intern opportunity supporting data science projects. The intern will assist the team with supervised assignments, documentation, and practical project work in New Delhi.","[""Python"", ""SQL"", ""MS Excel""]",B.Sc. / BCA / B.Tech / MBA,"[""Data Science"", ""Computer Science"", ""Statistics"", ""Mathematics"", ""Commerce""]",New Delhi,Delhi,On-site,13250,2027-05-26,6,9,2027-04-21,In-office,Graduate,No prior experience required
SIH2026-0441,Machine Learning Intern,Internship,Pragati Solutions Surat,AI/ML,"Synthetic 2-month machine learning intern opportunity supporting ai/ml projects. The intern will assist the team with supervised assignments, documentation, and practical project work in Surat.","[""Python"", ""Machine Learning"", ""Data Analysis"", ""Pandas""]",B.Tech / M.Tech / M.Sc.,"[""Computer Science"", ""Data Science"", ""Artificial Intelligence"", ""Electronics""]",Surat,Gujarat,Hybrid,14000,2027-05-29,2,10,2027-04-23,Hybrid,Graduate,0-1 years preferred
SIH2026-0442,SOC Analyst Intern,Internship,Navbharat Technologies Gaya,Cybersecurity,"Synthetic 3-month soc analyst intern opportunity supporting cybersecurity projects. The intern will assist the team with supervised assignments, documentation, and practical project work in Gaya.","[""Cybersecurity"", ""Networking"", ""Linux""]",B.Tech / BCA / B.Sc. IT,"[""Computer Science"", ""Information Technology"", ""Cybersecurity"", ""Electronics""]",Gaya,Bihar,On-site,14750,2027-06-01,3,11,2027-04-25,In-office,Graduate,No prior experience required
SIH2026-0443,Electronics Design Intern,Internship,Sampurna Networks Kochi,Electronics,"Synthetic 3-month electronics design intern opportunity supporting electronics projects. The intern will assist the team with supervised assignments, documentation, and practical project work in Kochi.","[""Embedded C"", ""Microcontrollers"", ""PCB Design""]",Diploma / B.Tech,"[""Electronics"", ""Electrical Engineering"", ""Instrumentation""]",Kochi,Kerala,Remote,15500,2027-06-04,3,12,2027-04-27,Remote,Diploma,No prior experience required
SIH2026-0444,Manufacturing Operations Intern,Internship,Udaan Industries Jammu,Manufacturing,"Synthetic 4-month manufacturing operations intern opportunity supporting manufacturing projects. The intern will assist the team with supervised assignments, documentation, and practical project work in Jammu.","[""MS Excel"", ""Quality Control"", ""Lean Manufacturing""]",Diploma / B.Tech / BBA,"[""Mechanical Engineering"", ""Industrial Engineering"", ""Production Engineering"", ""Business Administration""]",Jammu,Jammu and Kashmir,On-site,16250,2027-06-07,4,13,2027-04-29,In-office,Diploma,No prior experience required
SIH2026-0445,EV Systems Intern,Internship,Saksham Initiatives Port Blair,Automobile,"Synthetic 6-month ev systems intern opportunity supporting automobile projects. The intern will assist the team with supervised assignments, documentation, and practical project work in Port Blair.","[""Automobile Engineering"", ""Diagnostics"", ""Testing"", ""MS Excel""]",Diploma / B.Tech,"[""Automobile Engineering"", ""Mechanical Engineering"", ""Electrical Engineering""]",Port Blair,Andaman and Nicobar Islands,On-site,17000,2027-06-10,6,14,2027-05-01,In-office,Diploma,No prior experience required
SIH2026-0446,Finance Operations Intern,Internship,Nayi Disha Projects Nagpur,Finance,"Synthetic 2-month finance operations intern opportunity supporting finance projects. The intern will assist the team with supervised assignments, documentation, and practical project work in Nagpur.","[""MS Excel"", ""Financial Analysis"", ""Accounting""]",B.Com / BBA / MBA,"[""Commerce"", ""Finance"", ""Business Administration"", ""Economics""]",Nagpur,Maharashtra,Hybrid,15750,2027-06-13,2,15,2027-05-03,Hybrid,Graduate,No prior experience required
SIH2026-0447,Banking Services Intern,Internship,JanMitra Services Varanasi,Banking,"Synthetic 3-month banking services intern opportunity supporting banking projects. The intern will assist the team with supervised assignments, documentation, and practical project work in Varanasi.","[""MS Excel"", ""Customer Service"", ""KYC""]",B.Com / BBA / BA,"[""Commerce"", ""Finance"", ""Business Administration"", ""Economics""]",Varanasi,Uttar Pradesh,On-site,16500,2027-06-16,3,16,2027-05-05,In-office,Graduate,No prior experience required
SIH2026-0448,Hospital Administration Intern,Internship,Aarambh Enterprises Siliguri,Healthcare,"Synthetic 3-month hospital administration intern opportunity supporting healthcare projects. The intern will assist the team with supervised assignments, documentation, and practical project work in Siliguri.","[""Communication"", ""MS Excel"", ""Documentation""]",B.Sc. / BPH / BBA,"[""Healthcare Management"", ""Public Health"", ""Nursing"", ""Life Sciences"", ""Business Administration""]",Siliguri,West Bengal,On-site,17250,2027-06-19,3,17,2027-05-07,In-office,Graduate,No prior experience required
SIH2026-0449,Agriculture Extension Intern,Internship,Vikas Solutions Bhopal,Agriculture,"Synthetic 4-month agriculture extension intern opportunity supporting agriculture projects. The intern will assist the team with supervised assignments, documentation, and practical project work in Bhopal.","[""Agriculture"", ""Field Survey"", ""MS Excel"", ""Communication""]",Diploma / B.Sc. / B.Tech,"[""Agriculture"", ""Horticulture"", ""Food Technology"", ""Rural Development""]",Bhopal,Madhya Pradesh,On-site,18000,2027-06-22,4,18,2027-05-09,In-office,Diploma,0-1 years preferred
SIH2026-0450,Renewable Energy Intern,Internship,BharatSetu Technologies Shillong,Renewable Energy,"Synthetic 6-month renewable energy intern opportunity supporting renewable energy projects. The intern will assist the team with supervised assignments, documentation, and practical project work in Shillong.","[""Solar Energy"", ""MS Excel"", ""AutoCAD""]",Diploma / B.Tech,"[""Electrical Engineering"", ""Mechanical Engineering"", ""Renewable Energy"", ""Civil Engineering""]",Shillong,Meghalaya,On-site,20750,2027-06-25,6,19,2027-05-11,In-office,Diploma,No prior experience required
SIH2026-0451,Curriculum Support Intern,Internship,Pragati Networks Chandigarh,Education,"Synthetic 2-month curriculum support intern opportunity supporting education projects. The intern will assist the team with supervised assignments, documentation, and practical project work in Chandigarh.","[""Communication"", ""Content Writing"", ""MS Excel""]",BA / B.Sc. / B.Ed. / BBA,"[""Education"", ""Arts"", ""Science"", ""Social Work"", ""Business Administration""]",Chandigarh,Chandigarh,Hybrid,19500,2027-06-28,2,20,2027-06-07,Hybrid,Graduate,No prior experience required
SIH2026-0452,Public Administration Intern,Internship,Navbharat Industries Hyderabad,Government,"Synthetic 3-month public administration intern opportunity supporting government projects. The intern will assist the team with supervised assignments, documentation, and practical project work in Hyderabad.","[""MS Excel"", ""Communication"", ""Documentation""]",Graduate / Postgraduate,"[""Public Administration"", ""Political Science"", ""Economics"", ""Social Work"", ""Law""]",Hyderabad,Telangana,On-site,20250,2027-07-01,3,21,2027-06-09,In-office,Graduate,No prior experience required
SIH2026-0453,E-Governance Support Intern,Internship,Sampurna Initiatives Madurai,E-Governance,"Synthetic 3-month e-governance support intern opportunity supporting e-governance projects. The intern will assist the team with supervised assignments, documentation, and practical project work in Madurai.","[""MS Excel"", ""Data Entry"", ""Documentation"", ""Communication""]",Diploma / Graduate,"[""Computer Science"", ""Information Technology"", ""Public Administration"", ""Business Administration""]",Madurai,Tamil Nadu,On-site,21000,2027-07-04,3,22,2027-06-11,In-office,Diploma,No prior experience required
SIH2026-0454,Heritage Tourism Intern,Internship,Udaan Projects Ahmedabad,Tourism,"Synthetic 4-month heritage tourism intern opportunity supporting tourism projects. The intern will assist the team with supervised assignments, documentation, and practical project work in Ahmedabad.","[""Customer Service"", ""Communication"", ""MS Excel""]",Diploma / Graduate,"[""Tourism"", ""Hospitality"", ""Business Administration"", ""Arts""]",Ahmedabad,Gujarat,On-site,21750,2027-07-07,4,23,2027-06-13,In-office,Diploma,No prior experience required
SIH2026-0455,Logistics Coordinator Intern,Internship,Saksham Services Patna,Logistics,"Synthetic 6-month logistics coordinator intern opportunity supporting logistics projects. The intern will assist the team with supervised assignments, documentation, and practical project work in Patna.","[""MS Excel"", ""Inventory Management"", ""Communication""]",Diploma / BBA / B.Tech,"[""Logistics"", ""Supply Chain Management"", ""Business Administration"", ""Industrial Engineering""]",Patna,Bihar,On-site,22500,2027-07-10,6,24,2027-06-15,In-office,Diploma,No prior experience required
SIH2026-0456,Digital Marketing Intern,Internship,Nayi Disha Enterprises Bilaspur,Marketing,"Synthetic 2-month digital marketing intern opportunity supporting marketing projects. The intern will assist the team with supervised assignments, documentation, and practical project work in Bilaspur.","[""Digital Marketing"", ""Content Writing"", ""Communication""]",Graduate / Diploma,"[""Marketing"", ""Business Administration"", ""Commerce"", ""Arts"", ""Mass Communication""]",Bilaspur,Chhattisgarh,Hybrid,23250,2027-07-13,2,25,2027-06-17,Hybrid,Diploma,No prior experience required
SIH2026-0457,Talent Acquisition Intern,Internship,JanMitra Solutions Srinagar,HR,"Synthetic 3-month talent acquisition intern opportunity supporting hr projects. The intern will assist the team with supervised assignments, documentation, and practical project work in Srinagar.","[""Communication"", ""MS Excel"", ""Recruitment"", ""Documentation""]",BBA / BA / MBA,"[""Human Resources"", ""Business Administration"", ""Psychology"", ""Arts"", ""Commerce""]",Srinagar,Jammu and Kashmir,On-site,6000,2027-07-16,3,2,2027-06-19,In-office,Graduate,0-1 years preferred
SIH2026-0458,Rural Development Intern,Internship,Aarambh Technologies Panaji,Rural Development,"Synthetic 3-month rural development intern opportunity supporting rural development projects. The intern will assist the team with supervised assignments, documentation, and practical project work in Panaji.","[""Field Survey"", ""Communication"", ""Data Collection""]",Diploma / Graduate,"[""Rural Development"", ""Social Work"", ""Agriculture"", ""Economics"", ""Public Administration""]",Panaji,Goa,On-site,6750,2027-07-19,3,3,2027-06-21,In-office,Diploma,No prior experience required
SIH2026-0459,Infrastructure Planning Intern,Internship,Vikas Networks Mumbai,Infrastructure,"Synthetic 4-month infrastructure planning intern opportunity supporting infrastructure projects. The intern will assist the team with supervised assignments, documentation, and practical project work in Mumbai.","[""AutoCAD"", ""MS Excel"", ""Documentation""]",Diploma / B.Tech,"[""Civil Engineering"", ""Architecture"", ""Urban Planning"", ""Mechanical Engineering""]",Mumbai,Maharashtra,On-site,9500,2027-07-22,4,4,2027-06-23,In-office,Diploma,No prior experience required
SIH2026-0460,Network Operations Intern,Internship,BharatSetu Industries Lucknow,Telecommunications,"Synthetic 6-month network operations intern opportunity supporting telecommunications projects. The intern will assist the team with supervised assignments, documentation, and practical project work in Lucknow.","[""Networking"", ""Telecommunications"", ""Fiber Optics""]",Diploma / B.Tech,"[""Electronics"", ""Telecommunications"", ""Electrical Engineering"", ""Information Technology""]",Lucknow,Uttar Pradesh,Remote,10250,2027-07-25,6,5,2027-06-25,Remote,Diploma,No prior experience required
SIH2026-0461,IT Support Intern,Internship,Pragati Initiatives Siliguri,IT,"Synthetic 2-month it support intern opportunity supporting it projects. The intern will assist the team with supervised assignments, documentation, and practical project work in Siliguri.","[""Linux"", ""Networking"", ""Troubleshooting"", ""MS Excel""]",BCA / B.Sc. IT / B.Tech,"[""Computer Science"", ""Information Technology"", ""Electronics""]",Siliguri,West Bengal,Hybrid,11000,2027-07-28,2,6,2027-06-27,Hybrid,Graduate,No prior experience required
SIH2026-0462,Software Development Intern,Internship,Navbharat Projects Bhopal,Software Development,"Synthetic 3-month software development intern opportunity supporting software development projects. The intern will assist the team with supervised assignments, documentation, and practical project work in Bhopal.","[""Python"", ""JavaScript"", ""React""]",B.Tech / BCA / MCA,"[""Computer Science"", ""Information Technology"", ""Software Engineering""]",Bhopal,Madhya Pradesh,On-site,11750,2027-07-31,3,7,2027-06-29,In-office,Graduate,No prior experience required
SIH2026-0463,Data Analyst,Internship,Sampurna Services Shillong,Data Science,"Synthetic 3-month data analyst opportunity supporting data science projects. The intern will assist the team with supervised assignments, documentation, and practical project work in Shillong.","[""Python"", ""SQL"", ""MS Excel""]",B.Sc. / BCA / B.Tech / MBA,"[""Data Science"", ""Computer Science"", ""Statistics"", ""Mathematics"", ""Commerce""]",Shillong,Meghalaya,On-site,12500,2027-08-03,3,8,2027-07-01,In-office,Graduate,No prior experience required
SIH2026-0464,Machine Learning Intern,Internship,Udaan Enterprises Chandigarh,AI/ML,"Synthetic 4-month machine learning intern opportunity supporting ai/ml projects. The intern will assist the team with supervised assignments, documentation, and practical project work in Chandigarh.","[""Python"", ""Machine Learning"", ""Data Analysis""]",B.Tech / M.Tech / M.Sc.,"[""Computer Science"", ""Data Science"", ""Artificial Intelligence"", ""Electronics""]",Chandigarh,Chandigarh,On-site,13250,2027-08-06,4,9,2027-07-03,In-office,Graduate,No prior experience required
SIH2026-0465,Cybersecurity Intern,Internship,Saksham Solutions Hyderabad,Cybersecurity,"Synthetic 6-month cybersecurity intern opportunity supporting cybersecurity projects. The intern will assist the team with supervised assignments, documentation, and practical project work in Hyderabad.","[""Cybersecurity"", ""Networking"", ""Linux"", ""Python""]",B.Tech / BCA / B.Sc. IT,"[""Computer Science"", ""Information Technology"", ""Cybersecurity"", ""Electronics""]",Hyderabad,Telangana,On-site,14000,2027-08-09,6,10,2027-07-05,In-office,Graduate,0-1 years preferred
SIH2026-0466,PCB Design Intern,Internship,Nayi Disha Technologies Madurai,Electronics,"Synthetic 2-month pcb design intern opportunity supporting electronics projects. The intern will assist the team with supervised assignments, documentation, and practical project work in Madurai.","[""Embedded C"", ""Microcontrollers"", ""PCB Design""]",Diploma / B.Tech,"[""Electronics"", ""Electrical Engineering"", ""Instrumentation""]",Madurai,Tamil Nadu,Hybrid,14750,2027-08-12,2,11,2027-07-07,Hybrid,Diploma,No prior experience required
SIH2026-0467,Manufacturing Operations Intern,Internship,JanMitra Networks Ahmedabad,Manufacturing,"Synthetic 3-month manufacturing operations intern opportunity supporting manufacturing projects. The intern will assist the team with supervised assignments, documentation, and practical project work in Ahmedabad.","[""MS Excel"", ""Quality Control"", ""Lean Manufacturing""]",Diploma / B.Tech / BBA,"[""Mechanical Engineering"", ""Industrial Engineering"", ""Production Engineering"", ""Business Administration""]",Ahmedabad,Gujarat,On-site,15500,2027-08-15,3,12,2027-07-09,In-office,Diploma,No prior experience required
SIH2026-0468,Automobile Service Intern,Internship,Aarambh Industries Patna,Automobile,"Synthetic 3-month automobile service intern opportunity supporting automobile projects. The intern will assist the team with supervised assignments, documentation, and practical project work in Patna.","[""Automobile Engineering"", ""Diagnostics"", ""Testing""]",Diploma / B.Tech,"[""Automobile Engineering"", ""Mechanical Engineering"", ""Electrical Engineering""]",Patna,Bihar,On-site,16250,2027-08-18,3,13,2027-07-11,In-office,Diploma,No prior experience required
SIH2026-0469,Financial Analysis Intern,Internship,Vikas Initiatives Bilaspur,Finance,"Synthetic 4-month financial analysis intern opportunity supporting finance projects. The intern will assist the team with supervised assignments, documentation, and practical project work in Bilaspur.","[""MS Excel"", ""Financial Analysis"", ""Accounting"", ""Tally""]",B.Com / BBA / MBA,"[""Commerce"", ""Finance"", ""Business Administration"", ""Economics""]",Bilaspur,Chhattisgarh,On-site,15000,2027-08-21,4,14,2027-07-13,In-office,Graduate,No prior experience required
SIH2026-0470,Banking Services Intern,Internship,BharatSetu Projects Srinagar,Banking,"Synthetic 6-month banking services intern opportunity supporting banking projects. The intern will assist the team with supervised assignments, documentation, and practical project work in Srinagar.","[""MS Excel"", ""Customer Service"", ""KYC""]",B.Com / BBA / BA,"[""Commerce"", ""Finance"", ""Business Administration"", ""Economics""]",Srinagar,Jammu and Kashmir,On-site,15750,2027-08-24,6,15,2027-07-15,In-office,Graduate,No prior experience required
SIH2026-0471,Healthcare Operations Intern,Internship,Pragati Services Panaji,Healthcare,"Synthetic 2-month healthcare operations intern opportunity supporting healthcare projects. The intern will assist the team with supervised assignments, documentation, and practical project work in Panaji.","[""Communication"", ""MS Excel"", ""Documentation""]",B.Sc. / BPH / BBA,"[""Healthcare Management"", ""Public Health"", ""Nursing"", ""Life Sciences"", ""Business Administration""]",Panaji,Goa,Hybrid,16500,2027-08-27,2,16,2027-07-17,Hybrid,Graduate,No prior experience required
SIH2026-0472,Farm Data Intern,Internship,Navbharat Enterprises Mumbai,Agriculture,"Synthetic 3-month farm data intern opportunity supporting agriculture projects. The intern will assist the team with supervised assignments, documentation, and practical project work in Mumbai.","[""Agriculture"", ""Field Survey"", ""MS Excel""]",Diploma / B.Sc. / B.Tech,"[""Agriculture"", ""Horticulture"", ""Food Technology"", ""Rural Development""]",Mumbai,Maharashtra,On-site,17250,2027-08-30,3,17,2027-07-19,In-office,Diploma,No prior experience required
SIH2026-0473,Renewable Energy Intern,Internship,Sampurna Solutions Lucknow,Renewable Energy,"Synthetic 3-month renewable energy intern opportunity supporting renewable energy projects. The intern will assist the team with supervised assignments, documentation, and practical project work in Lucknow.","[""Solar Energy"", ""MS Excel"", ""AutoCAD"", ""Data Analysis""]",Diploma / B.Tech,"[""Electrical Engineering"", ""Mechanical Engineering"", ""Renewable Energy"", ""Civil Engineering""]",Lucknow,Uttar Pradesh,On-site,20000,2027-09-02,3,18,2027-07-21,In-office,Diploma,0-1 years preferred
SIH2026-0474,Education Programme Intern,Internship,Udaan Technologies Kolkata,Education,"Synthetic 4-month education programme intern opportunity supporting education projects. The intern will assist the team with supervised assignments, documentation, and practical project work in Kolkata.","[""Communication"", ""Content Writing"", ""MS Excel""]",BA / B.Sc. / B.Ed. / BBA,"[""Education"", ""Arts"", ""Science"", ""Social Work"", ""Business Administration""]",Kolkata,West Bengal,On-site,18750,2027-09-05,4,19,2027-07-23,In-office,Graduate,No prior experience required
SIH2026-0475,Policy Research Intern,Internship,Saksham Networks Jamshedpur,Government,"Synthetic 6-month policy research intern opportunity supporting government projects. The intern will assist the team with supervised assignments, documentation, and practical project work in Jamshedpur.","[""MS Excel"", ""Communication"", ""Documentation""]",Graduate / Postgraduate,"[""Public Administration"", ""Political Science"", ""Economics"", ""Social Work"", ""Law""]",Jamshedpur,Jharkhand,On-site,19500,2027-09-08,6,20,2027-07-25,In-office,Graduate,No prior experience required
SIH2026-0476,E-Governance Support Intern,Internship,Nayi Disha Industries Guwahati,E-Governance,"Synthetic 2-month e-governance support intern opportunity supporting e-governance projects. The intern will assist the team with supervised assignments, documentation, and practical project work in Guwahati.","[""MS Excel"", ""Data Entry"", ""Documentation""]",Diploma / Graduate,"[""Computer Science"", ""Information Technology"", ""Public Administration"", ""Business Administration""]",Guwahati,Assam,Hybrid,20250,2027-09-11,2,21,2027-08-21,Hybrid,Diploma,No prior experience required
SIH2026-0477,Tourism Operations Intern,Internship,JanMitra Initiatives Shimla,Tourism,"Synthetic 3-month tourism operations intern opportunity supporting tourism projects. The intern will assist the team with supervised assignments, documentation, and practical project work in Shimla.","[""Customer Service"", ""Communication"", ""MS Excel"", ""Tourism Operations""]",Diploma / Graduate,"[""Tourism"", ""Hospitality"", ""Business Administration"", ""Arts""]",Shimla,Himachal Pradesh,Remote,21000,2027-09-14,3,22,2027-08-23,Remote,Diploma,No prior experience required
SIH2026-0478,Warehouse Operations Intern,Internship,Aarambh Projects Mysuru,Logistics,"Synthetic 3-month warehouse operations intern opportunity supporting logistics projects. The intern will assist the team with supervised assignments, documentation, and practical project work in Mysuru.","[""MS Excel"", ""Inventory Management"", ""Communication""]",Diploma / BBA / B.Tech,"[""Logistics"", ""Supply Chain Management"", ""Business Administration"", ""Industrial Engineering""]",Mysuru,Karnataka,On-site,21750,2027-09-17,3,23,2027-08-25,In-office,Diploma,No prior experience required
SIH2026-0479,Digital Marketing Intern,Internship,Vikas Services Coimbatore,Marketing,"Synthetic 4-month digital marketing intern opportunity supporting marketing projects. The intern will assist the team with supervised assignments, documentation, and practical project work in Coimbatore.","[""Digital Marketing"", ""Content Writing"", ""Communication""]",Graduate / Diploma,"[""Marketing"", ""Business Administration"", ""Commerce"", ""Arts"", ""Mass Communication""]",Coimbatore,Tamil Nadu,On-site,22500,2027-09-20,4,24,2027-08-27,In-office,Diploma,No prior experience required
SIH2026-0480,Human Resources Intern,Internship,BharatSetu Enterprises Udaipur,HR,"Synthetic 6-month human resources intern opportunity supporting hr projects. The intern will assist the team with supervised assignments, documentation, and practical project work in Udaipur.","[""Communication"", ""MS Excel"", ""Recruitment""]",BBA / BA / MBA,"[""Human Resources"", ""Business Administration"", ""Psychology"", ""Arts"", ""Commerce""]",Udaipur,Rajasthan,On-site,23250,2027-09-23,6,25,2027-08-29,In-office,Graduate,No prior experience required
SIH2026-0481,Community Outreach Intern,Internship,Pragati Solutions Cuttack,Rural Development,"Synthetic 2-month community outreach intern opportunity supporting rural development projects. The intern will assist the team with supervised assignments, documentation, and practical project work in Cuttack.","[""Field Survey"", ""Communication"", ""Data Collection"", ""MS Excel""]",Diploma / Graduate,"[""Rural Development"", ""Social Work"", ""Agriculture"", ""Economics"", ""Public Administration""]",Cuttack,Odisha,Hybrid,6000,2026-10-01,2,2,2026-09-05,Hybrid,Diploma,0-1 years preferred
SIH2026-0482,Infrastructure Planning Intern,Internship,Navbharat Technologies Raipur,Infrastructure,"Synthetic 3-month infrastructure planning intern opportunity supporting infrastructure projects. The intern will assist the team with supervised assignments, documentation, and practical project work in Raipur.","[""AutoCAD"", ""MS Excel"", ""Documentation""]",Diploma / B.Tech,"[""Civil Engineering"", ""Architecture"", ""Urban Planning"", ""Mechanical Engineering""]",Raipur,Chhattisgarh,On-site,8750,2026-10-04,3,3,2026-09-07,In-office,Diploma,No prior experience required
SIH2026-0483,Telecom Network Intern,Internship,Sampurna Networks Imphal,Telecommunications,"Synthetic 3-month telecom network intern opportunity supporting telecommunications projects. The intern will assist the team with supervised assignments, documentation, and practical project work in Imphal.","[""Networking"", ""Telecommunications"", ""Fiber Optics""]",Diploma / B.Tech,"[""Electronics"", ""Telecommunications"", ""Electrical Engineering"", ""Information Technology""]",Imphal,Manipur,On-site,9500,2026-10-07,3,4,2026-09-09,In-office,Diploma,No prior experience required
SIH2026-0484,Systems Administration,Internship,Udaan Industries Panaji,IT,"Synthetic 4-month systems administration opportunity supporting it projects. The intern will assist the team with supervised assignments, documentation, and practical project work in Panaji.","[""Linux"", ""Networking"", ""Troubleshooting""]",BCA / B.Sc. IT / B.Tech,"[""Computer Science"", ""Information Technology"", ""Electronics""]",Panaji,Goa,On-site,10250,2026-10-10,4,5,2026-09-11,In-office,Graduate,No prior experience required
SIH2026-0485,Software Development Intern,Internship,Saksham Initiatives Mumbai,Software Development,"Synthetic 6-month software development intern opportunity supporting software development projects. The intern will assist the team with supervised assignments, documentation, and practical project work in Mumbai.","[""Python"", ""JavaScript"", ""React"", ""SQL""]",B.Tech / BCA / MCA,"[""Computer Science"", ""Information Technology"", ""Software Engineering""]",Mumbai,Maharashtra,On-site,11000,2026-10-13,6,6,2026-09-13,In-office,Graduate,No prior experience required
SIH2026-0486,Data Analytics Intern,Internship,Nayi Disha Projects Lucknow,Data Science,"Synthetic 2-month data analytics intern opportunity supporting data science projects. The intern will assist the team with supervised assignments, documentation, and practical project work in Lucknow.","[""Python"", ""SQL"", ""MS Excel""]",B.Sc. / BCA / B.Tech / MBA,"[""Data Science"", ""Computer Science"", ""Statistics"", ""Mathematics"", ""Commerce""]",Lucknow,Uttar Pradesh,Hybrid,11750,2026-10-16,2,7,2026-09-15,Hybrid,Graduate,No prior experience required
SIH2026-0487,AI Research Intern,Internship,JanMitra Services Kolkata,AI/ML,"Synthetic 3-month ai research intern opportunity supporting ai/ml projects. The intern will assist the team with supervised assignments, documentation, and practical project work in Kolkata.","[""Python"", ""Machine Learning"", ""Data Analysis""]",B.Tech / M.Tech / M.Sc.,"[""Computer Science"", ""Data Science"", ""Artificial Intelligence"", ""Electronics""]",Kolkata,West Bengal,On-site,12500,2026-10-19,3,8,2026-09-17,In-office,Graduate,No prior experience required
SIH2026-0488,Cybersecurity Intern,Internship,Aarambh Enterprises Jamshedpur,Cybersecurity,"Synthetic 3-month cybersecurity intern opportunity supporting cybersecurity projects. The intern will assist the team with supervised assignments, documentation, and practical project work in Jamshedpur.","[""Cybersecurity"", ""Networking"", ""Linux""]",B.Tech / BCA / B.Sc. IT,"[""Computer Science"", ""Information Technology"", ""Cybersecurity"", ""Electronics""]",Jamshedpur,Jharkhand,On-site,13250,2026-10-22,3,9,2026-09-19,In-office,Graduate,No prior experience required
SIH2026-0489,Electronics Design Intern,Internship,Vikas Solutions Guwahati,Electronics,"Synthetic 4-month electronics design intern opportunity supporting electronics projects. The intern will assist the team with supervised assignments, documentation, and practical project work in Guwahati.","[""Embedded C"", ""Microcontrollers"", ""PCB Design"", ""Arduino""]",Diploma / B.Tech,"[""Electronics"", ""Electrical Engineering"", ""Instrumentation""]",Guwahati,Assam,On-site,14000,2026-10-25,4,10,2026-09-21,In-office,Diploma,0-1 years preferred
SIH2026-0490,Quality Assurance Intern,Internship,BharatSetu Technologies Shimla,Manufacturing,"Synthetic 6-month quality assurance intern opportunity supporting manufacturing projects. The intern will assist the team with supervised assignments, documentation, and practical project work in Shimla.","[""MS Excel"", ""Quality Control"", ""Lean Manufacturing""]",Diploma / B.Tech / BBA,"[""Mechanical Engineering"", ""Industrial Engineering"", ""Production Engineering"", ""Business Administration""]",Shimla,Himachal Pradesh,On-site,14750,2026-10-28,6,11,2026-09-23,In-office,Diploma,No prior experience required
SIH2026-0491,Automobile Service Intern,Internship,Pragati Networks Mysuru,Automobile,"Synthetic 2-month automobile service intern opportunity supporting automobile projects. The intern will assist the team with supervised assignments, documentation, and practical project work in Mysuru.","[""Automobile Engineering"", ""Diagnostics"", ""Testing""]",Diploma / B.Tech,"[""Automobile Engineering"", ""Mechanical Engineering"", ""Electrical Engineering""]",Mysuru,Karnataka,Hybrid,15500,2026-10-31,2,12,2026-09-25,Hybrid,Diploma,No prior experience required
SIH2026-0492,Finance Operations Intern,Internship,Navbharat Industries Coimbatore,Finance,"Synthetic 3-month finance operations intern opportunity supporting finance projects. The intern will assist the team with supervised assignments, documentation, and practical project work in Coimbatore.","[""MS Excel"", ""Financial Analysis"", ""Accounting""]",B.Com / BBA / MBA,"[""Commerce"", ""Finance"", ""Business Administration"", ""Economics""]",Coimbatore,Tamil Nadu,On-site,14250,2026-11-03,3,13,2026-09-27,In-office,Graduate,No prior experience required
SIH2026-0493,Credit Operations Intern,Internship,Sampurna Initiatives Udaipur,Banking,"Synthetic 3-month credit operations intern opportunity supporting banking projects. The intern will assist the team with supervised assignments, documentation, and practical project work in Udaipur.","[""MS Excel"", ""Customer Service"", ""KYC"", ""Communication""]",B.Com / BBA / BA,"[""Commerce"", ""Finance"", ""Business Administration"", ""Economics""]",Udaipur,Rajasthan,On-site,15000,2026-11-06,3,14,2026-09-29,In-office,Graduate,No prior experience required
SIH2026-0494,Healthcare Operations Intern,Internship,Udaan Projects Cuttack,Healthcare,"Synthetic 4-month healthcare operations intern opportunity supporting healthcare projects. The intern will assist the team with supervised assignments, documentation, and practical project work in Cuttack.","[""Communication"", ""MS Excel"", ""Documentation""]",B.Sc. / BPH / BBA,"[""Healthcare Management"", ""Public Health"", ""Nursing"", ""Life Sciences"", ""Business Administration""]",Cuttack,Odisha,Remote,15750,2026-11-09,4,15,2026-10-01,Remote,Graduate,No prior experience required
SIH2026-0495,Agriculture Extension Intern,Internship,Saksham Services Raipur,Agriculture,"Synthetic 6-month agriculture extension intern opportunity supporting agriculture projects. The intern will assist the team with supervised assignments, documentation, and practical project work in Raipur.","[""Agriculture"", ""Field Survey"", ""MS Excel""]",Diploma / B.Sc. / B.Tech,"[""Agriculture"", ""Horticulture"", ""Food Technology"", ""Rural Development""]",Raipur,Chhattisgarh,On-site,16500,2026-11-12,6,16,2026-10-03,In-office,Diploma,No prior experience required
SIH2026-0496,Energy Audit Intern,Internship,Nayi Disha Enterprises Imphal,Renewable Energy,"Synthetic 2-month energy audit intern opportunity supporting renewable energy projects. The intern will assist the team with supervised assignments, documentation, and practical project work in Imphal.","[""Solar Energy"", ""MS Excel"", ""AutoCAD""]",Diploma / B.Tech,"[""Electrical Engineering"", ""Mechanical Engineering"", ""Renewable Energy"", ""Civil Engineering""]",Imphal,Manipur,Hybrid,19250,2026-11-15,2,17,2026-10-05,Hybrid,Diploma,No prior experience required
SIH2026-0497,Education Programme Intern,Internship,JanMitra Solutions Vijayawada,Education,"Synthetic 3-month education programme intern opportunity supporting education projects. The intern will assist the team with supervised assignments, documentation, and practical project work in Vijayawada.","[""Communication"", ""Content Writing"", ""MS Excel"", ""Teaching""]",BA / B.Sc. / B.Ed. / BBA,"[""Education"", ""Arts"", ""Science"", ""Social Work"", ""Business Administration""]",Vijayawada,Andhra Pradesh,On-site,18000,2026-11-18,3,18,2026-10-07,In-office,Graduate,0-1 years preferred
SIH2026-0498,Public Administration Intern,Internship,Aarambh Technologies Pune,Government,"Synthetic 3-month public administration intern opportunity supporting government projects. The intern will assist the team with supervised assignments, documentation, and practical project work in Pune.","[""MS Excel"", ""Communication"", ""Documentation""]",Graduate / Postgraduate,"[""Public Administration"", ""Political Science"", ""Economics"", ""Social Work"", ""Law""]",Pune,Maharashtra,On-site,18750,2026-11-21,3,19,2026-10-09,In-office,Graduate,No prior experience required
SIH2026-0499,Digital Services Intern,Internship,Vikas Networks Noida,E-Governance,"Synthetic 4-month digital services intern opportunity supporting e-governance projects. The intern will assist the team with supervised assignments, documentation, and practical project work in Noida.","[""MS Excel"", ""Data Entry"", ""Documentation""]",Diploma / Graduate,"[""Computer Science"", ""Information Technology"", ""Public Administration"", ""Business Administration""]",Noida,Uttar Pradesh,On-site,19500,2026-11-24,4,20,2026-10-11,In-office,Diploma,No prior experience required
SIH2026-0500,Tourism Operations Intern,Internship,BharatSetu Industries Gandhinagar,Tourism,"Synthetic 6-month tourism operations intern opportunity supporting tourism projects. The intern will assist the team with supervised assignments, documentation, and practical project work in Gandhinagar.","[""Customer Service"", ""Communication"", ""MS Excel""]",Diploma / Graduate,"[""Tourism"", ""Hospitality"", ""Business Administration"", ""Arts""]",Gandhinagar,Gujarat,On-site,20250,2026-11-27,6,21,2026-10-13,In-office,Diploma,No prior experience required
SIH2026-0501,Logistics Coordinator Intern,Internship,Pragati Initiatives Ranchi,Logistics,"Synthetic 2-month logistics coordinator intern opportunity supporting logistics projects. The intern will assist the team with supervised assignments, documentation, and practical project work in Ranchi.","[""MS Excel"", ""Inventory Management"", ""Communication"", ""Data Analysis""]",Diploma / BBA / B.Tech,"[""Logistics"", ""Supply Chain Management"", ""Business Administration"", ""Industrial Engineering""]",Ranchi,Jharkhand,Hybrid,21000,2026-11-30,2,22,2026-11-09,Hybrid,Diploma,No prior experience required
SIH2026-0502,Social Media Intern,Internship,Navbharat Projects Thiruvananthapuram,Marketing,"Synthetic 3-month social media intern opportunity supporting marketing projects. The intern will assist the team with supervised assignments, documentation, and practical project work in Thiruvananthapuram.","[""Digital Marketing"", ""Content Writing"", ""Communication""]",Graduate / Diploma,"[""Marketing"", ""Business Administration"", ""Commerce"", ""Arts"", ""Mass Communication""]",Thiruvananthapuram,Kerala,On-site,21750,2026-12-03,3,23,2026-11-11,In-office,Diploma,No prior experience required
SIH2026-0503,Human Resources Intern,Internship,Sampurna Services Dehradun,HR,"Synthetic 3-month human resources intern opportunity supporting hr projects. The intern will assist the team with supervised assignments, documentation, and practical project work in Dehradun.","[""Communication"", ""MS Excel"", ""Recruitment""]",BBA / BA / MBA,"[""Human Resources"", ""Business Administration"", ""Psychology"", ""Arts"", ""Commerce""]",Dehradun,Uttarakhand,On-site,22500,2026-12-06,3,24,2026-11-13,In-office,Graduate,No prior experience required
SIH2026-0504,Rural Development Intern,Internship,Udaan Enterprises Bengaluru,Rural Development,"Synthetic 4-month rural development intern opportunity supporting rural development projects. The intern will assist the team with supervised assignments, documentation, and practical project work in Bengaluru.","[""Field Survey"", ""Communication"", ""Data Collection""]",Diploma / Graduate,"[""Rural Development"", ""Social Work"", ""Agriculture"", ""Economics"", ""Public Administration""]",Bengaluru,Karnataka,On-site,23250,2026-12-09,4,25,2026-11-15,In-office,Diploma,No prior experience required
SIH2026-0505,Site Coordination Intern,Internship,Saksham Solutions Chennai,Infrastructure,"Synthetic 6-month site coordination intern opportunity supporting infrastructure projects. The intern will assist the team with supervised assignments, documentation, and practical project work in Chennai.","[""AutoCAD"", ""MS Excel"", ""Documentation"", ""Site Survey""]",Diploma / B.Tech,"[""Civil Engineering"", ""Architecture"", ""Urban Planning"", ""Mechanical Engineering""]",Chennai,Tamil Nadu,On-site,8000,2026-12-12,6,2,2026-11-17,In-office,Diploma,0-1 years preferred
SIH2026-0506,Telecom Network Intern,Internship,Nayi Disha Technologies Jaipur,Telecommunications,"Synthetic 2-month telecom network intern opportunity supporting telecommunications projects. The intern will assist the team with supervised assignments, documentation, and practical project work in Jaipur.","[""Networking"", ""Telecommunications"", ""Fiber Optics""]",Diploma / B.Tech,"[""Electronics"", ""Telecommunications"", ""Electrical Engineering"", ""Information Technology""]",Jaipur,Rajasthan,Hybrid,8750,2026-12-15,2,3,2026-11-19,Hybrid,Diploma,No prior experience required
SIH2026-0507,IT Support Intern,Internship,JanMitra Networks Cuttack,IT,"Synthetic 3-month it support intern opportunity supporting it projects. The intern will assist the team with supervised assignments, documentation, and practical project work in Cuttack.","[""Linux"", ""Networking"", ""Troubleshooting""]",BCA / B.Sc. IT / B.Tech,"[""Computer Science"", ""Information Technology"", ""Electronics""]",Cuttack,Odisha,On-site,9500,2026-12-18,3,4,2026-11-21,In-office,Graduate,No prior experience required
SIH2026-0508,Frontend Development,Internship,Aarambh Industries Raipur,Software Development,"Synthetic 3-month frontend development opportunity supporting software development projects. The intern will assist the team with supervised assignments, documentation, and practical project work in Raipur.","[""Python"", ""JavaScript"", ""React""]",B.Tech / BCA / MCA,"[""Computer Science"", ""Information Technology"", ""Software Engineering""]",Raipur,Chhattisgarh,On-site,10250,2026-12-21,3,5,2026-11-23,In-office,Graduate,No prior experience required
SIH2026-0509,Data Analytics Intern,Internship,Vikas Initiatives Imphal,Data Science,"Synthetic 4-month data analytics intern opportunity supporting data science projects. The intern will assist the team with supervised assignments, documentation, and practical project work in Imphal.","[""Python"", ""SQL"", ""MS Excel"", ""Data Analysis""]",B.Sc. / BCA / B.Tech / MBA,"[""Data Science"", ""Computer Science"", ""Statistics"", ""Mathematics"", ""Commerce""]",Imphal,Manipur,On-site,11000,2026-12-24,4,6,2026-11-25,In-office,Graduate,No prior experience required
SIH2026-0510,Machine Learning Intern,Internship,BharatSetu Projects Vijayawada,AI/ML,"Synthetic 6-month machine learning intern opportunity supporting ai/ml projects. The intern will assist the team with supervised assignments, documentation, and practical project work in Vijayawada.","[""Python"", ""Machine Learning"", ""Data Analysis""]",B.Tech / M.Tech / M.Sc.,"[""Computer Science"", ""Data Science"", ""Artificial Intelligence"", ""Electronics""]",Vijayawada,Andhra Pradesh,On-site,11750,2026-12-27,6,7,2026-11-27,In-office,Graduate,No prior experience required
SIH2026-0511,Information Security Intern,Internship,Pragati Services Pune,Cybersecurity,"Synthetic 2-month information security intern opportunity supporting cybersecurity projects. The intern will assist the team with supervised assignments, documentation, and practical project work in Pune.","[""Cybersecurity"", ""Networking"", ""Linux""]",B.Tech / BCA / B.Sc. IT,"[""Computer Science"", ""Information Technology"", ""Cybersecurity"", ""Electronics""]",Pune,Maharashtra,Remote,12500,2026-12-30,2,8,2026-11-29,Remote,Graduate,No prior experience required
SIH2026-0512,Electronics Design Intern,Internship,Navbharat Enterprises Noida,Electronics,"Synthetic 3-month electronics design intern opportunity supporting electronics projects. The intern will assist the team with supervised assignments, documentation, and practical project work in Noida.","[""Embedded C"", ""Microcontrollers"", ""PCB Design""]",Diploma / B.Tech,"[""Electronics"", ""Electrical Engineering"", ""Instrumentation""]",Noida,Uttar Pradesh,On-site,13250,2027-01-02,3,9,2026-12-01,In-office,Diploma,No prior experience required
SIH2026-0513,Manufacturing Operations Intern,Internship,Sampurna Solutions Gandhinagar,Manufacturing,"Synthetic 3-month manufacturing operations intern opportunity supporting manufacturing projects. The intern will assist the team with supervised assignments, documentation, and practical project work in Gandhinagar.","[""MS Excel"", ""Quality Control"", ""Lean Manufacturing"", ""Documentation""]",Diploma / B.Tech / BBA,"[""Mechanical Engineering"", ""Industrial Engineering"", ""Production Engineering"", ""Business Administration""]",Gandhinagar,Gujarat,On-site,14000,2027-01-05,3,10,2026-12-03,In-office,Diploma,0-1 years preferred
SIH2026-0514,Automotive Testing Intern,Internship,Udaan Technologies Ranchi,Automobile,"Synthetic 4-month automotive testing intern opportunity supporting automobile projects. The intern will assist the team with supervised assignments, documentation, and practical project work in Ranchi.","[""Automobile Engineering"", ""Diagnostics"", ""Testing""]",Diploma / B.Tech,"[""Automobile Engineering"", ""Mechanical Engineering"", ""Electrical Engineering""]",Ranchi,Jharkhand,On-site,14750,2027-01-08,4,11,2026-12-05,In-office,Diploma,No prior experience required
SIH2026-0515,Finance Operations Intern,Internship,Saksham Networks Thiruvananthapuram,Finance,"Synthetic 6-month finance operations intern opportunity supporting finance projects. The intern will assist the team with supervised assignments, documentation, and practical project work in Thiruvananthapuram.","[""MS Excel"", ""Financial Analysis"", ""Accounting""]",B.Com / BBA / MBA,"[""Commerce"", ""Finance"", ""Business Administration"", ""Economics""]",Thiruvananthapuram,Kerala,On-site,13500,2027-01-11,6,12,2026-12-07,In-office,Graduate,No prior experience required
SIH2026-0516,Banking Services Intern,Internship,Nayi Disha Industries Dehradun,Banking,"Synthetic 2-month banking services intern opportunity supporting banking projects. The intern will assist the team with supervised assignments, documentation, and practical project work in Dehradun.","[""MS Excel"", ""Customer Service"", ""KYC""]",B.Com / BBA / BA,"[""Commerce"", ""Finance"", ""Business Administration"", ""Economics""]",Dehradun,Uttarakhand,Hybrid,14250,2027-01-14,2,13,2026-12-09,Hybrid,Graduate,No prior experience required
SIH2026-0517,Public Health Intern,Internship,JanMitra Initiatives Bengaluru,Healthcare,"Synthetic 3-month public health intern opportunity supporting healthcare projects. The intern will assist the team with supervised assignments, documentation, and practical project work in Bengaluru.","[""Communication"", ""MS Excel"", ""Documentation"", ""Data Entry""]",B.Sc. / BPH / BBA,"[""Healthcare Management"", ""Public Health"", ""Nursing"", ""Life Sciences"", ""Business Administration""]",Bengaluru,Karnataka,On-site,15000,2027-01-17,3,14,2026-12-11,In-office,Graduate,No prior experience required
SIH2026-0518,Agriculture Extension Intern,Internship,Aarambh Projects Chennai,Agriculture,"Synthetic 3-month agriculture extension intern opportunity supporting agriculture projects. The intern will assist the team with supervised assignments, documentation, and practical project work in Chennai.","[""Agriculture"", ""Field Survey"", ""MS Excel""]",Diploma / B.Sc. / B.Tech,"[""Agriculture"", ""Horticulture"", ""Food Technology"", ""Rural Development""]",Chennai,Tamil Nadu,On-site,15750,2027-01-20,3,15,2026-12-13,In-office,Diploma,No prior experience required
SIH2026-0519,Renewable Energy Intern,Internship,Vikas Services Jaipur,Renewable Energy,"Synthetic 4-month renewable energy intern opportunity supporting renewable energy projects. The intern will assist the team with supervised assignments, documentation, and practical project work in Jaipur.","[""Solar Energy"", ""MS Excel"", ""AutoCAD""]",Diploma / B.Tech,"[""Electrical Engineering"", ""Mechanical Engineering"", ""Renewable Energy"", ""Civil Engineering""]",Jaipur,Rajasthan,On-site,18500,2027-01-23,4,16,2026-12-15,In-office,Diploma,No prior experience required
SIH2026-0520,Student Outreach Intern,Internship,BharatSetu Enterprises Bhubaneswar,Education,"Synthetic 6-month student outreach intern opportunity supporting education projects. The intern will assist the team with supervised assignments, documentation, and practical project work in Bhubaneswar.","[""Communication"", ""Content Writing"", ""MS Excel""]",BA / B.Sc. / B.Ed. / BBA,"[""Education"", ""Arts"", ""Science"", ""Social Work"", ""Business Administration""]",Bhubaneswar,Odisha,On-site,17250,2027-01-26,6,17,2026-12-17,In-office,Graduate,No prior experience required
SIH2026-0521,Public Administration Intern,Internship,Pragati Solutions Indore,Government,"Synthetic 2-month public administration intern opportunity supporting government projects. The intern will assist the team with supervised assignments, documentation, and practical project work in Indore.","[""MS Excel"", ""Communication"", ""Documentation"", ""Research""]",Graduate / Postgraduate,"[""Public Administration"", ""Political Science"", ""Economics"", ""Social Work"", ""Law""]",Indore,Madhya Pradesh,Hybrid,18000,2027-01-29,2,18,2026-12-19,Hybrid,Graduate,0-1 years preferred
SIH2026-0522,E-Governance Support Intern,Internship,Navbharat Technologies Agartala,E-Governance,"Synthetic 3-month e-governance support intern opportunity supporting e-governance projects. The intern will assist the team with supervised assignments, documentation, and practical project work in Agartala.","[""MS Excel"", ""Data Entry"", ""Documentation""]",Diploma / Graduate,"[""Computer Science"", ""Information Technology"", ""Public Administration"", ""Business Administration""]",Agartala,Tripura,On-site,18750,2027-02-01,3,19,2026-12-21,In-office,Diploma,No prior experience required
SIH2026-0523,Travel Desk Intern,Internship,Sampurna Networks Visakhapatnam,Tourism,"Synthetic 3-month travel desk intern opportunity supporting tourism projects. The intern will assist the team with supervised assignments, documentation, and practical project work in Visakhapatnam.","[""Customer Service"", ""Communication"", ""MS Excel""]",Diploma / Graduate,"[""Tourism"", ""Hospitality"", ""Business Administration"", ""Arts""]",Visakhapatnam,Andhra Pradesh,On-site,19500,2027-02-04,3,20,2026-12-23,In-office,Diploma,No prior experience required
SIH2026-0524,Logistics Coordinator Intern,Internship,Udaan Industries Warangal,Logistics,"Synthetic 4-month logistics coordinator intern opportunity supporting logistics projects. The intern will assist the team with supervised assignments, documentation, and practical project work in Warangal.","[""MS Excel"", ""Inventory Management"", ""Communication""]",Diploma / BBA / B.Tech,"[""Logistics"", ""Supply Chain Management"", ""Business Administration"", ""Industrial Engineering""]",Warangal,Telangana,On-site,20250,2027-02-07,4,21,2026-12-25,In-office,Diploma,No prior experience required
SIH2026-0525,Digital Marketing Intern,Internship,Saksham Initiatives New Delhi,Marketing,"Synthetic 6-month digital marketing intern opportunity supporting marketing projects. The intern will assist the team with supervised assignments, documentation, and practical project work in New Delhi.","[""Digital Marketing"", ""Content Writing"", ""Communication"", ""MS Excel""]",Graduate / Diploma,"[""Marketing"", ""Business Administration"", ""Commerce"", ""Arts"", ""Mass Communication""]",New Delhi,Delhi,On-site,21000,2027-02-10,6,22,2026-12-27,In-office,Diploma,No prior experience required
SIH2026-0526,HR Operations Intern,Internship,Nayi Disha Projects Surat,HR,"Synthetic 2-month hr operations intern opportunity supporting hr projects. The intern will assist the team with supervised assignments, documentation, and practical project work in Surat.","[""Communication"", ""MS Excel"", ""Recruitment""]",BBA / BA / MBA,"[""Human Resources"", ""Business Administration"", ""Psychology"", ""Arts"", ""Commerce""]",Surat,Gujarat,Hybrid,21750,2027-02-13,2,23,2027-01-23,Hybrid,Graduate,No prior experience required
SIH2026-0527,Rural Development Intern,Internship,JanMitra Services Gaya,Rural Development,"Synthetic 3-month rural development intern opportunity supporting rural development projects. The intern will assist the team with supervised assignments, documentation, and practical project work in Gaya.","[""Field Survey"", ""Communication"", ""Data Collection""]",Diploma / Graduate,"[""Rural Development"", ""Social Work"", ""Agriculture"", ""Economics"", ""Public Administration""]",Gaya,Bihar,On-site,22500,2027-02-16,3,24,2027-01-25,In-office,Diploma,No prior experience required
SIH2026-0528,Infrastructure Planning Intern,Internship,Aarambh Enterprises Kochi,Infrastructure,"Synthetic 3-month infrastructure planning intern opportunity supporting infrastructure projects. The intern will assist the team with supervised assignments, documentation, and practical project work in Kochi.","[""AutoCAD"", ""MS Excel"", ""Documentation""]",Diploma / B.Tech,"[""Civil Engineering"", ""Architecture"", ""Urban Planning"", ""Mechanical Engineering""]",Kochi,Kerala,Remote,25250,2027-02-19,3,25,2027-01-27,Remote,Diploma,No prior experience required
SIH2026-0529,Field Network Intern,Internship,Vikas Solutions Jammu,Telecommunications,"Synthetic 4-month field network intern opportunity supporting telecommunications projects. The intern will assist the team with supervised assignments, documentation, and practical project work in Jammu.","[""Networking"", ""Telecommunications"", ""Fiber Optics"", ""Troubleshooting""]",Diploma / B.Tech,"[""Electronics"", ""Telecommunications"", ""Electrical Engineering"", ""Information Technology""]",Jammu,Jammu and Kashmir,On-site,8000,2027-02-22,4,2,2027-01-29,In-office,Diploma,0-1 years preferred
SIH2026-0530,IT Support Intern,Internship,BharatSetu Technologies Bengaluru,IT,"Synthetic 6-month it support intern opportunity supporting it projects. The intern will assist the team with supervised assignments, documentation, and practical project work in Bengaluru.","[""Linux"", ""Networking"", ""Troubleshooting""]",BCA / B.Sc. IT / B.Tech,"[""Computer Science"", ""Information Technology"", ""Electronics""]",Bengaluru,Karnataka,On-site,8750,2027-02-25,6,3,2027-01-31,In-office,Graduate,No prior experience required
SIH2026-0531,Software Development Intern,Internship,Pragati Networks Chennai,Software Development,"Synthetic 2-month software development intern opportunity supporting software development projects. The intern will assist the team with supervised assignments, documentation, and practical project work in Chennai.","[""Python"", ""JavaScript"", ""React""]",B.Tech / BCA / MCA,"[""Computer Science"", ""Information Technology"", ""Software Engineering""]",Chennai,Tamil Nadu,Hybrid,9500,2027-02-28,2,4,2027-02-02,Hybrid,Graduate,No prior experience required
SIH2026-0532,Business Intelligence Intern,Internship,Navbharat Industries Jaipur,Data Science,"Synthetic 3-month business intelligence intern opportunity supporting data science projects. The intern will assist the team with supervised assignments, documentation, and practical project work in Jaipur.","[""Python"", ""SQL"", ""MS Excel""]",B.Sc. / BCA / B.Tech / MBA,"[""Data Science"", ""Computer Science"", ""Statistics"", ""Mathematics"", ""Commerce""]",Jaipur,Rajasthan,On-site,10250,2027-03-03,3,5,2027-02-04,In-office,Graduate,No prior experience required
SIH2026-0533,Machine Learning Intern,Internship,Sampurna Initiatives Bhubaneswar,AI/ML,"Synthetic 3-month machine learning intern opportunity supporting ai/ml projects. The intern will assist the team with supervised assignments, documentation, and practical project work in Bhubaneswar.","[""Python"", ""Machine Learning"", ""Data Analysis"", ""Pandas""]",B.Tech / M.Tech / M.Sc.,"[""Computer Science"", ""Data Science"", ""Artificial Intelligence"", ""Electronics""]",Bhubaneswar,Odisha,On-site,11000,2027-03-06,3,6,2027-02-06,In-office,Graduate,No prior experience required
SIH2026-0534,Cybersecurity Intern,Internship,Udaan Projects Indore,Cybersecurity,"Synthetic 4-month cybersecurity intern opportunity supporting cybersecurity projects. The intern will assist the team with supervised assignments, documentation, and practical project work in Indore.","[""Cybersecurity"", ""Networking"", ""Linux""]",B.Tech / BCA / B.Sc. IT,"[""Computer Science"", ""Information Technology"", ""Cybersecurity"", ""Electronics""]",Indore,Madhya Pradesh,On-site,11750,2027-03-09,4,7,2027-02-08,In-office,Graduate,No prior experience required
SIH2026-0535,Embedded Systems Intern,Internship,Saksham Services Agartala,Electronics,"Synthetic 6-month embedded systems intern opportunity supporting electronics projects. The intern will assist the team with supervised assignments, documentation, and practical project work in Agartala.","[""Embedded C"", ""Microcontrollers"", ""PCB Design""]",Diploma / B.Tech,"[""Electronics"", ""Electrical Engineering"", ""Instrumentation""]",Agartala,Tripura,On-site,12500,2027-03-12,6,8,2027-02-10,In-office,Diploma,No prior experience required
SIH2026-0536,Manufacturing Operations Intern,Internship,Nayi Disha Enterprises Visakhapatnam,Manufacturing,"Synthetic 2-month manufacturing operations intern opportunity supporting manufacturing projects. The intern will assist the team with supervised assignments, documentation, and practical project work in Visakhapatnam.","[""MS Excel"", ""Quality Control"", ""Lean Manufacturing""]",Diploma / B.Tech / BBA,"[""Mechanical Engineering"", ""Industrial Engineering"", ""Production Engineering"", ""Business Administration""]",Visakhapatnam,Andhra Pradesh,Hybrid,13250,2027-03-15,2,9,2027-02-12,Hybrid,Diploma,No prior experience required
SIH2026-0537,Automobile Service Intern,Internship,JanMitra Solutions Warangal,Automobile,"Synthetic 3-month automobile service intern opportunity supporting automobile projects. The intern will assist the team with supervised assignments, documentation, and practical project work in Warangal.","[""Automobile Engineering"", ""Diagnostics"", ""Testing"", ""MS Excel""]",Diploma / B.Tech,"[""Automobile Engineering"", ""Mechanical Engineering"", ""Electrical Engineering""]",Warangal,Telangana,On-site,14000,2027-03-18,3,10,2027-02-14,In-office,Diploma,0-1 years preferred
SIH2026-0538,Accounts Intern,Internship,Aarambh Technologies New Delhi,Finance,"Synthetic 3-month accounts intern opportunity supporting finance projects. The intern will assist the team with supervised assignments, documentation, and practical project work in New Delhi.","[""MS Excel"", ""Financial Analysis"", ""Accounting""]",B.Com / BBA / MBA,"[""Commerce"", ""Finance"", ""Business Administration"", ""Economics""]",New Delhi,Delhi,On-site,12750,2027-03-21,3,11,2027-02-16,In-office,Graduate,No prior experience required
SIH2026-0539,Banking Services Intern,Internship,Vikas Networks Surat,Banking,"Synthetic 4-month banking services intern opportunity supporting banking projects. The intern will assist the team with supervised assignments, documentation, and practical project work in Surat.","[""MS Excel"", ""Customer Service"", ""KYC""]",B.Com / BBA / BA,"[""Commerce"", ""Finance"", ""Business Administration"", ""Economics""]",Surat,Gujarat,On-site,13500,2027-03-24,4,12,2027-02-18,In-office,Graduate,No prior experience required
SIH2026-0540,Healthcare Operations Intern,Internship,BharatSetu Industries Gaya,Healthcare,"Synthetic 6-month healthcare operations intern opportunity supporting healthcare projects. The intern will assist the team with supervised assignments, documentation, and practical project work in Gaya.","[""Communication"", ""MS Excel"", ""Documentation""]",B.Sc. / BPH / BBA,"[""Healthcare Management"", ""Public Health"", ""Nursing"", ""Life Sciences"", ""Business Administration""]",Gaya,Bihar,On-site,14250,2027-03-27,6,13,2027-02-20,In-office,Graduate,No prior experience required
SIH2026-0541,Agri Supply Chain Intern,Internship,Pragati Initiatives Kochi,Agriculture,"Synthetic 2-month agri supply chain intern opportunity supporting agriculture projects. The intern will assist the team with supervised assignments, documentation, and practical project work in Kochi.","[""Agriculture"", ""Field Survey"", ""MS Excel"", ""Communication""]",Diploma / B.Sc. / B.Tech,"[""Agriculture"", ""Horticulture"", ""Food Technology"", ""Rural Development""]",Kochi,Kerala,Hybrid,15000,2027-03-30,2,14,2027-02-22,Hybrid,Diploma,No prior experience required
SIH2026-0542,Renewable Energy Intern,Internship,Navbharat Projects Jammu,Renewable Energy,"Synthetic 3-month renewable energy intern opportunity supporting renewable energy projects. The intern will assist the team with supervised assignments, documentation, and practical project work in Jammu.","[""Solar Energy"", ""MS Excel"", ""AutoCAD""]",Diploma / B.Tech,"[""Electrical Engineering"", ""Mechanical Engineering"", ""Renewable Energy"", ""Civil Engineering""]",Jammu,Jammu and Kashmir,On-site,17750,2027-04-02,3,15,2027-02-24,In-office,Diploma,No prior experience required
SIH2026-0543,Education Programme Intern,Internship,Sampurna Services Port Blair,Education,"Synthetic 3-month education programme intern opportunity supporting education projects. The intern will assist the team with supervised assignments, documentation, and practical project work in Port Blair.","[""Communication"", ""Content Writing"", ""MS Excel""]",BA / B.Sc. / B.Ed. / BBA,"[""Education"", ""Arts"", ""Science"", ""Social Work"", ""Business Administration""]",Port Blair,Andaman and Nicobar Islands,On-site,16500,2027-04-05,3,16,2027-02-26,In-office,Graduate,No prior experience required
SIH2026-0544,Citizen Services Intern,Internship,Udaan Enterprises Nagpur,Government,"Synthetic 4-month citizen services intern opportunity supporting government projects. The intern will assist the team with supervised assignments, documentation, and practical project work in Nagpur.","[""MS Excel"", ""Communication"", ""Documentation""]",Graduate / Postgraduate,"[""Public Administration"", ""Political Science"", ""Economics"", ""Social Work"", ""Law""]",Nagpur,Maharashtra,On-site,17250,2027-04-08,4,17,2027-02-28,In-office,Graduate,No prior experience required
SIH2026-0545,E-Governance Support Intern,Internship,Saksham Solutions Varanasi,E-Governance,"Synthetic 6-month e-governance support intern opportunity supporting e-governance projects. The intern will assist the team with supervised assignments, documentation, and practical project work in Varanasi.","[""MS Excel"", ""Data Entry"", ""Documentation"", ""Communication""]",Diploma / Graduate,"[""Computer Science"", ""Information Technology"", ""Public Administration"", ""Business Administration""]",Varanasi,Uttar Pradesh,Remote,18000,2027-04-11,6,18,2027-03-02,Remote,Diploma,0-1 years preferred
SIH2026-0546,Tourism Operations Intern,Internship,Nayi Disha Technologies Siliguri,Tourism,"Synthetic 2-month tourism operations intern opportunity supporting tourism projects. The intern will assist the team with supervised assignments, documentation, and practical project work in Siliguri.","[""Customer Service"", ""Communication"", ""MS Excel""]",Diploma / Graduate,"[""Tourism"", ""Hospitality"", ""Business Administration"", ""Arts""]",Siliguri,West Bengal,Hybrid,18750,2027-04-14,2,19,2027-03-04,Hybrid,Diploma,No prior experience required
SIH2026-0547,Supply Chain Intern,Internship,JanMitra Networks Bhopal,Logistics,"Synthetic 3-month supply chain intern opportunity supporting logistics projects. The intern will assist the team with supervised assignments, documentation, and practical project work in Bhopal.","[""MS Excel"", ""Inventory Management"", ""Communication""]",Diploma / BBA / B.Tech,"[""Logistics"", ""Supply Chain Management"", ""Business Administration"", ""Industrial Engineering""]",Bhopal,Madhya Pradesh,On-site,19500,2027-04-17,3,20,2027-03-06,In-office,Diploma,No prior experience required
SIH2026-0548,Digital Marketing Intern,Internship,Aarambh Industries Shillong,Marketing,"Synthetic 3-month digital marketing intern opportunity supporting marketing projects. The intern will assist the team with supervised assignments, documentation, and practical project work in Shillong.","[""Digital Marketing"", ""Content Writing"", ""Communication""]",Graduate / Diploma,"[""Marketing"", ""Business Administration"", ""Commerce"", ""Arts"", ""Mass Communication""]",Shillong,Meghalaya,On-site,20250,2027-04-20,3,21,2027-03-08,In-office,Diploma,No prior experience required
SIH2026-0549,Human Resources Intern,Internship,Vikas Initiatives Chandigarh,HR,"Synthetic 4-month human resources intern opportunity supporting hr projects. The intern will assist the team with supervised assignments, documentation, and practical project work in Chandigarh.","[""Communication"", ""MS Excel"", ""Recruitment"", ""Documentation""]",BBA / BA / MBA,"[""Human Resources"", ""Business Administration"", ""Psychology"", ""Arts"", ""Commerce""]",Chandigarh,Chandigarh,On-site,21000,2027-04-23,4,22,2027-03-10,In-office,Graduate,No prior experience required
SIH2026-0550,Livelihoods Intern,Internship,BharatSetu Projects Hyderabad,Rural Development,"Synthetic 6-month livelihoods intern opportunity supporting rural development projects. The intern will assist the team with supervised assignments, documentation, and practical project work in Hyderabad.","[""Field Survey"", ""Communication"", ""Data Collection""]",Diploma / Graduate,"[""Rural Development"", ""Social Work"", ""Agriculture"", ""Economics"", ""Public Administration""]",Hyderabad,Telangana,On-site,21750,2027-04-26,6,23,2027-03-12,In-office,Diploma,No prior experience required
SIH2026-0551,Infrastructure Planning Intern,Internship,Pragati Services Madurai,Infrastructure,"Synthetic 2-month infrastructure planning intern opportunity supporting infrastructure projects. The intern will assist the team with supervised assignments, documentation, and practical project work in Madurai.","[""AutoCAD"", ""MS Excel"", ""Documentation""]",Diploma / B.Tech,"[""Civil Engineering"", ""Architecture"", ""Urban Planning"", ""Mechanical Engineering""]",Madurai,Tamil Nadu,Hybrid,24500,2027-04-29,2,24,2027-04-08,Hybrid,Diploma,No prior experience required
SIH2026-0552,Telecom Network Intern,Internship,Navbharat Enterprises Ahmedabad,Telecommunications,"Synthetic 3-month telecom network intern opportunity supporting telecommunications projects. The intern will assist the team with supervised assignments, documentation, and practical project work in Ahmedabad.","[""Networking"", ""Telecommunications"", ""Fiber Optics""]",Diploma / B.Tech,"[""Electronics"", ""Telecommunications"", ""Electrical Engineering"", ""Information Technology""]",Ahmedabad,Gujarat,On-site,25250,2027-05-02,3,25,2027-04-10,In-office,Diploma,No prior experience required
SIH2026-0553,IT Support,Internship,Sampurna Solutions Gaya,IT,"Synthetic 3-month it support opportunity supporting it projects. The intern will assist the team with supervised assignments, documentation, and practical project work in Gaya.","[""Linux"", ""Networking"", ""Troubleshooting"", ""MS Excel""]",BCA / B.Sc. IT / B.Tech,"[""Computer Science"", ""Information Technology"", ""Electronics""]",Gaya,Bihar,On-site,8000,2027-05-05,3,2,2027-04-12,In-office,Graduate,0-1 years preferred
SIH2026-0554,Software Development Intern,Internship,Udaan Technologies Kochi,Software Development,"Synthetic 4-month software development intern opportunity supporting software development projects. The intern will assist the team with supervised assignments, documentation, and practical project work in Kochi.","[""Python"", ""JavaScript"", ""React""]",B.Tech / BCA / MCA,"[""Computer Science"", ""Information Technology"", ""Software Engineering""]",Kochi,Kerala,On-site,8750,2027-05-08,4,3,2027-04-14,In-office,Graduate,No prior experience required
SIH2026-0555,Data Analytics Intern,Internship,Saksham Networks Jammu,Data Science,"Synthetic 6-month data analytics intern opportunity supporting data science projects. The intern will assist the team with supervised assignments, documentation, and practical project work in Jammu.","[""Python"", ""SQL"", ""MS Excel""]",B.Sc. / BCA / B.Tech / MBA,"[""Data Science"", ""Computer Science"", ""Statistics"", ""Mathematics"", ""Commerce""]",Jammu,Jammu and Kashmir,On-site,9500,2027-05-11,6,4,2027-04-16,In-office,Graduate,No prior experience required
SIH2026-0556,Computer Vision Intern,Internship,Nayi Disha Industries Port Blair,AI/ML,"Synthetic 2-month computer vision intern opportunity supporting ai/ml projects. The intern will assist the team with supervised assignments, documentation, and practical project work in Port Blair.","[""Python"", ""Machine Learning"", ""Data Analysis""]",B.Tech / M.Tech / M.Sc.,"[""Computer Science"", ""Data Science"", ""Artificial Intelligence"", ""Electronics""]",Port Blair,Andaman and Nicobar Islands,Hybrid,10250,2027-05-14,2,5,2027-04-18,Hybrid,Graduate,No prior experience required
SIH2026-0557,Cybersecurity Intern,Internship,JanMitra Initiatives Nagpur,Cybersecurity,"Synthetic 3-month cybersecurity intern opportunity supporting cybersecurity projects. The intern will assist the team with supervised assignments, documentation, and practical project work in Nagpur.","[""Cybersecurity"", ""Networking"", ""Linux"", ""Python""]",B.Tech / BCA / B.Sc. IT,"[""Computer Science"", ""Information Technology"", ""Cybersecurity"", ""Electronics""]",Nagpur,Maharashtra,On-site,11000,2027-05-17,3,6,2027-04-20,In-office,Graduate,No prior experience required
SIH2026-0558,Electronics Design Intern,Internship,Aarambh Projects Varanasi,Electronics,"Synthetic 3-month electronics design intern opportunity supporting electronics projects. The intern will assist the team with supervised assignments, documentation, and practical project work in Varanasi.","[""Embedded C"", ""Microcontrollers"", ""PCB Design""]",Diploma / B.Tech,"[""Electronics"", ""Electrical Engineering"", ""Instrumentation""]",Varanasi,Uttar Pradesh,On-site,11750,2027-05-20,3,7,2027-04-22,In-office,Diploma,No prior experience required
SIH2026-0559,Production Planning Intern,Internship,Vikas Services Siliguri,Manufacturing,"Synthetic 4-month production planning intern opportunity supporting manufacturing projects. The intern will assist the team with supervised assignments, documentation, and practical project work in Siliguri.","[""MS Excel"", ""Quality Control"", ""Lean Manufacturing""]",Diploma / B.Tech / BBA,"[""Mechanical Engineering"", ""Industrial Engineering"", ""Production Engineering"", ""Business Administration""]",Siliguri,West Bengal,On-site,12500,2027-05-23,4,8,2027-04-24,In-office,Diploma,No prior experience required
SIH2026-0560,Automobile Service Intern,Internship,BharatSetu Enterprises Bhopal,Automobile,"Synthetic 6-month automobile service intern opportunity supporting automobile projects. The intern will assist the team with supervised assignments, documentation, and practical project work in Bhopal.","[""Automobile Engineering"", ""Diagnostics"", ""Testing""]",Diploma / B.Tech,"[""Automobile Engineering"", ""Mechanical Engineering"", ""Electrical Engineering""]",Bhopal,Madhya Pradesh,On-site,13250,2027-05-26,6,9,2027-04-26,In-office,Diploma,No prior experience required
SIH2026-0561,Finance Operations Intern,Internship,Pragati Solutions Shillong,Finance,"Synthetic 2-month finance operations intern opportunity supporting finance projects. The intern will assist the team with supervised assignments, documentation, and practical project work in Shillong.","[""MS Excel"", ""Financial Analysis"", ""Accounting"", ""Tally""]",B.Com / BBA / MBA,"[""Commerce"", ""Finance"", ""Business Administration"", ""Economics""]",Shillong,Meghalaya,Hybrid,12000,2027-05-29,2,10,2027-04-28,Hybrid,Graduate,0-1 years preferred
SIH2026-0562,Branch Operations Intern,Internship,Navbharat Technologies Chandigarh,Banking,"Synthetic 3-month branch operations intern opportunity supporting banking projects. The intern will assist the team with supervised assignments, documentation, and practical project work in Chandigarh.","[""MS Excel"", ""Customer Service"", ""KYC""]",B.Com / BBA / BA,"[""Commerce"", ""Finance"", ""Business Administration"", ""Economics""]",Chandigarh,Chandigarh,Remote,12750,2027-06-01,3,11,2027-04-30,Remote,Graduate,No prior experience required
SIH2026-0563,Healthcare Operations Intern,Internship,Sampurna Networks Hyderabad,Healthcare,"Synthetic 3-month healthcare operations intern opportunity supporting healthcare projects. The intern will assist the team with supervised assignments, documentation, and practical project work in Hyderabad.","[""Communication"", ""MS Excel"", ""Documentation""]",B.Sc. / BPH / BBA,"[""Healthcare Management"", ""Public Health"", ""Nursing"", ""Life Sciences"", ""Business Administration""]",Hyderabad,Telangana,On-site,13500,2027-06-04,3,12,2027-05-02,In-office,Graduate,No prior experience required
SIH2026-0564,Agriculture Extension Intern,Internship,Udaan Industries Madurai,Agriculture,"Synthetic 4-month agriculture extension intern opportunity supporting agriculture projects. The intern will assist the team with supervised assignments, documentation, and practical project work in Madurai.","[""Agriculture"", ""Field Survey"", ""MS Excel""]",Diploma / B.Sc. / B.Tech,"[""Agriculture"", ""Horticulture"", ""Food Technology"", ""Rural Development""]",Madurai,Tamil Nadu,On-site,14250,2027-06-07,4,13,2027-05-04,In-office,Diploma,No prior experience required
SIH2026-0565,Solar Project Intern,Internship,Saksham Initiatives Ahmedabad,Renewable Energy,"Synthetic 6-month solar project intern opportunity supporting renewable energy projects. The intern will assist the team with supervised assignments, documentation, and practical project work in Ahmedabad.","[""Solar Energy"", ""MS Excel"", ""AutoCAD"", ""Data Analysis""]",Diploma / B.Tech,"[""Electrical Engineering"", ""Mechanical Engineering"", ""Renewable Energy"", ""Civil Engineering""]",Ahmedabad,Gujarat,On-site,17000,2027-06-10,6,14,2027-05-06,In-office,Diploma,No prior experience required
SIH2026-0566,Education Programme Intern,Internship,Nayi Disha Projects Patna,Education,"Synthetic 2-month education programme intern opportunity supporting education projects. The intern will assist the team with supervised assignments, documentation, and practical project work in Patna.","[""Communication"", ""Content Writing"", ""MS Excel""]",BA / B.Sc. / B.Ed. / BBA,"[""Education"", ""Arts"", ""Science"", ""Social Work"", ""Business Administration""]",Patna,Bihar,Hybrid,15750,2027-06-13,2,15,2027-05-08,Hybrid,Graduate,No prior experience required
SIH2026-0567,Public Administration Intern,Internship,JanMitra Services Bilaspur,Government,"Synthetic 3-month public administration intern opportunity supporting government projects. The intern will assist the team with supervised assignments, documentation, and practical project work in Bilaspur.","[""MS Excel"", ""Communication"", ""Documentation""]",Graduate / Postgraduate,"[""Public Administration"", ""Political Science"", ""Economics"", ""Social Work"", ""Law""]",Bilaspur,Chhattisgarh,On-site,16500,2027-06-16,3,16,2027-05-10,In-office,Graduate,No prior experience required
SIH2026-0568,MIS Intern,Internship,Aarambh Enterprises Srinagar,E-Governance,"Synthetic 3-month mis intern opportunity supporting e-governance projects. The intern will assist the team with supervised assignments, documentation, and practical project work in Srinagar.","[""MS Excel"", ""Data Entry"", ""Documentation""]",Diploma / Graduate,"[""Computer Science"", ""Information Technology"", ""Public Administration"", ""Business Administration""]",Srinagar,Jammu and Kashmir,On-site,17250,2027-06-19,3,17,2027-05-12,In-office,Diploma,No prior experience required
SIH2026-0569,Tourism Operations Intern,Internship,Vikas Solutions Panaji,Tourism,"Synthetic 4-month tourism operations intern opportunity supporting tourism projects. The intern will assist the team with supervised assignments, documentation, and practical project work in Panaji.","[""Customer Service"", ""Communication"", ""MS Excel"", ""Tourism Operations""]",Diploma / Graduate,"[""Tourism"", ""Hospitality"", ""Business Administration"", ""Arts""]",Panaji,Goa,On-site,18000,2027-06-22,4,18,2027-05-14,In-office,Diploma,0-1 years preferred
SIH2026-0570,Logistics Coordinator Intern,Internship,BharatSetu Technologies Mumbai,Logistics,"Synthetic 6-month logistics coordinator intern opportunity supporting logistics projects. The intern will assist the team with supervised assignments, documentation, and practical project work in Mumbai.","[""MS Excel"", ""Inventory Management"", ""Communication""]",Diploma / BBA / B.Tech,"[""Logistics"", ""Supply Chain Management"", ""Business Administration"", ""Industrial Engineering""]",Mumbai,Maharashtra,On-site,18750,2027-06-25,6,19,2027-05-16,In-office,Diploma,No prior experience required
SIH2026-0571,Market Research Intern,Internship,Pragati Networks Lucknow,Marketing,"Synthetic 2-month market research intern opportunity supporting marketing projects. The intern will assist the team with supervised assignments, documentation, and practical project work in Lucknow.","[""Digital Marketing"", ""Content Writing"", ""Communication""]",Graduate / Diploma,"[""Marketing"", ""Business Administration"", ""Commerce"", ""Arts"", ""Mass Communication""]",Lucknow,Uttar Pradesh,Hybrid,19500,2027-06-28,2,20,2027-05-18,Hybrid,Diploma,No prior experience required
SIH2026-0572,Human Resources Intern,Internship,Navbharat Industries Kolkata,HR,"Synthetic 3-month human resources intern opportunity supporting hr projects. The intern will assist the team with supervised assignments, documentation, and practical project work in Kolkata.","[""Communication"", ""MS Excel"", ""Recruitment""]",BBA / BA / MBA,"[""Human Resources"", ""Business Administration"", ""Psychology"", ""Arts"", ""Commerce""]",Kolkata,West Bengal,On-site,20250,2027-07-01,3,21,2027-05-20,In-office,Graduate,No prior experience required
SIH2026-0573,Rural Development Intern,Internship,Sampurna Initiatives Jamshedpur,Rural Development,"Synthetic 3-month rural development intern opportunity supporting rural development projects. The intern will assist the team with supervised assignments, documentation, and practical project work in Jamshedpur.","[""Field Survey"", ""Communication"", ""Data Collection"", ""MS Excel""]",Diploma / Graduate,"[""Rural Development"", ""Social Work"", ""Agriculture"", ""Economics"", ""Public Administration""]",Jamshedpur,Jharkhand,On-site,21000,2027-07-04,3,22,2027-05-22,In-office,Diploma,No prior experience required
SIH2026-0574,Urban Planning Intern,Internship,Udaan Projects Guwahati,Infrastructure,"Synthetic 4-month urban planning intern opportunity supporting infrastructure projects. The intern will assist the team with supervised assignments, documentation, and practical project work in Guwahati.","[""AutoCAD"", ""MS Excel"", ""Documentation""]",Diploma / B.Tech,"[""Civil Engineering"", ""Architecture"", ""Urban Planning"", ""Mechanical Engineering""]",Guwahati,Assam,On-site,23750,2027-07-07,4,23,2027-05-24,In-office,Diploma,No prior experience required
SIH2026-0575,Telecom Network Intern,Internship,Saksham Services Shimla,Telecommunications,"Synthetic 6-month telecom network intern opportunity supporting telecommunications projects. The intern will assist the team with supervised assignments, documentation, and practical project work in Shimla.","[""Networking"", ""Telecommunications"", ""Fiber Optics""]",Diploma / B.Tech,"[""Electronics"", ""Telecommunications"", ""Electrical Engineering"", ""Information Technology""]",Shimla,Himachal Pradesh,On-site,24500,2027-07-10,6,24,2027-05-26,In-office,Diploma,No prior experience required
SIH2026-0576,IT Support Intern,Internship,Nayi Disha Enterprises Hyderabad,IT,"Synthetic 2-month it support intern opportunity supporting it projects. The intern will assist the team with supervised assignments, documentation, and practical project work in Hyderabad.","[""Linux"", ""Networking"", ""Troubleshooting""]",BCA / B.Sc. IT / B.Tech,"[""Computer Science"", ""Information Technology"", ""Electronics""]",Hyderabad,Telangana,Hybrid,25250,2027-07-13,2,25,2027-06-22,Hybrid,Graduate,No prior experience required
SIH2026-0577,Frontend Development,Internship,JanMitra Solutions Madurai,Software Development,"Synthetic 3-month frontend development opportunity supporting software development projects. The intern will assist the team with supervised assignments, documentation, and practical project work in Madurai.","[""Python"", ""JavaScript"", ""React"", ""SQL""]",B.Tech / BCA / MCA,"[""Computer Science"", ""Information Technology"", ""Software Engineering""]",Madurai,Tamil Nadu,On-site,8000,2027-07-16,3,2,2027-06-24,In-office,Graduate,0-1 years preferred
SIH2026-0578,Data Analytics Intern,Internship,Aarambh Technologies Ahmedabad,Data Science,"Synthetic 3-month data analytics intern opportunity supporting data science projects. The intern will assist the team with supervised assignments, documentation, and practical project work in Ahmedabad.","[""Python"", ""SQL"", ""MS Excel""]",B.Sc. / BCA / B.Tech / MBA,"[""Data Science"", ""Computer Science"", ""Statistics"", ""Mathematics"", ""Commerce""]",Ahmedabad,Gujarat,On-site,8750,2027-07-19,3,3,2027-06-26,In-office,Graduate,No prior experience required
SIH2026-0579,Machine Learning Intern,Internship,Vikas Networks Patna,AI/ML,"Synthetic 4-month machine learning intern opportunity supporting ai/ml projects. The intern will assist the team with supervised assignments, documentation, and practical project work in Patna.","[""Python"", ""Machine Learning"", ""Data Analysis""]",B.Tech / M.Tech / M.Sc.,"[""Computer Science"", ""Data Science"", ""Artificial Intelligence"", ""Electronics""]",Patna,Bihar,Remote,9500,2027-07-22,4,4,2027-06-28,Remote,Graduate,No prior experience required
SIH2026-0580,SOC Analyst Intern,Internship,BharatSetu Industries Bilaspur,Cybersecurity,"Synthetic 6-month soc analyst intern opportunity supporting cybersecurity projects. The intern will assist the team with supervised assignments, documentation, and practical project work in Bilaspur.","[""Cybersecurity"", ""Networking"", ""Linux""]",B.Tech / BCA / B.Sc. IT,"[""Computer Science"", ""Information Technology"", ""Cybersecurity"", ""Electronics""]",Bilaspur,Chhattisgarh,On-site,10250,2027-07-25,6,5,2027-06-30,In-office,Graduate,No prior experience required
SIH2026-0581,Electronics Design Intern,Internship,Pragati Initiatives Srinagar,Electronics,"Synthetic 2-month electronics design intern opportunity supporting electronics projects. The intern will assist the team with supervised assignments, documentation, and practical project work in Srinagar.","[""Embedded C"", ""Microcontrollers"", ""PCB Design"", ""Arduino""]",Diploma / B.Tech,"[""Electronics"", ""Electrical Engineering"", ""Instrumentation""]",Srinagar,Jammu and Kashmir,Hybrid,11000,2027-07-28,2,6,2027-07-02,Hybrid,Diploma,No prior experience required
SIH2026-0582,Manufacturing Operations Intern,Internship,Navbharat Projects Panaji,Manufacturing,"Synthetic 3-month manufacturing operations intern opportunity supporting manufacturing projects. The intern will assist the team with supervised assignments, documentation, and practical project work in Panaji.","[""MS Excel"", ""Quality Control"", ""Lean Manufacturing""]",Diploma / B.Tech / BBA,"[""Mechanical Engineering"", ""Industrial Engineering"", ""Production Engineering"", ""Business Administration""]",Panaji,Goa,On-site,11750,2027-07-31,3,7,2027-07-04,In-office,Diploma,No prior experience required
SIH2026-0583,EV Systems Intern,Internship,Sampurna Services Mumbai,Automobile,"Synthetic 3-month ev systems intern opportunity supporting automobile projects. The intern will assist the team with supervised assignments, documentation, and practical project work in Mumbai.","[""Automobile Engineering"", ""Diagnostics"", ""Testing""]",Diploma / B.Tech,"[""Automobile Engineering"", ""Mechanical Engineering"", ""Electrical Engineering""]",Mumbai,Maharashtra,On-site,12500,2027-08-03,3,8,2027-07-06,In-office,Diploma,No prior experience required
SIH2026-0584,Finance Operations Intern,Internship,Udaan Enterprises Lucknow,Finance,"Synthetic 4-month finance operations intern opportunity supporting finance projects. The intern will assist the team with supervised assignments, documentation, and practical project work in Lucknow.","[""MS Excel"", ""Financial Analysis"", ""Accounting""]",B.Com / BBA / MBA,"[""Commerce"", ""Finance"", ""Business Administration"", ""Economics""]",Lucknow,Uttar Pradesh,On-site,11250,2027-08-06,4,9,2027-07-08,In-office,Graduate,No prior experience required
SIH2026-0585,Banking Services Intern,Internship,Saksham Solutions Kolkata,Banking,"Synthetic 6-month banking services intern opportunity supporting banking projects. The intern will assist the team with supervised assignments, documentation, and practical project work in Kolkata.","[""MS Excel"", ""Customer Service"", ""KYC"", ""Communication""]",B.Com / BBA / BA,"[""Commerce"", ""Finance"", ""Business Administration"", ""Economics""]",Kolkata,West Bengal,On-site,12000,2027-08-09,6,10,2027-07-10,In-office,Graduate,0-1 years preferred
SIH2026-0586,Hospital Administration Intern,Internship,Nayi Disha Technologies Jamshedpur,Healthcare,"Synthetic 2-month hospital administration intern opportunity supporting healthcare projects. The intern will assist the team with supervised assignments, documentation, and practical project work in Jamshedpur.","[""Communication"", ""MS Excel"", ""Documentation""]",B.Sc. / BPH / BBA,"[""Healthcare Management"", ""Public Health"", ""Nursing"", ""Life Sciences"", ""Business Administration""]",Jamshedpur,Jharkhand,Hybrid,12750,2027-08-12,2,11,2027-07-12,Hybrid,Graduate,No prior experience required
SIH2026-0587,Agriculture Extension Intern,Internship,JanMitra Networks Guwahati,Agriculture,"Synthetic 3-month agriculture extension intern opportunity supporting agriculture projects. The intern will assist the team with supervised assignments, documentation, and practical project work in Guwahati.","[""Agriculture"", ""Field Survey"", ""MS Excel""]",Diploma / B.Sc. / B.Tech,"[""Agriculture"", ""Horticulture"", ""Food Technology"", ""Rural Development""]",Guwahati,Assam,On-site,13500,2027-08-15,3,12,2027-07-14,In-office,Diploma,No prior experience required
SIH2026-0588,Renewable Energy Intern,Internship,Aarambh Industries Shimla,Renewable Energy,"Synthetic 3-month renewable energy intern opportunity supporting renewable energy projects. The intern will assist the team with supervised assignments, documentation, and practical project work in Shimla.","[""Solar Energy"", ""MS Excel"", ""AutoCAD""]",Diploma / B.Tech,"[""Electrical Engineering"", ""Mechanical Engineering"", ""Renewable Energy"", ""Civil Engineering""]",Shimla,Himachal Pradesh,On-site,16250,2027-08-18,3,13,2027-07-16,In-office,Diploma,No prior experience required
SIH2026-0589,Curriculum Support Intern,Internship,Vikas Initiatives Mysuru,Education,"Synthetic 4-month curriculum support intern opportunity supporting education projects. The intern will assist the team with supervised assignments, documentation, and practical project work in Mysuru.","[""Communication"", ""Content Writing"", ""MS Excel"", ""Teaching""]",BA / B.Sc. / B.Ed. / BBA,"[""Education"", ""Arts"", ""Science"", ""Social Work"", ""Business Administration""]",Mysuru,Karnataka,On-site,15000,2027-08-21,4,14,2027-07-18,In-office,Graduate,No prior experience required
SIH2026-0590,Public Administration Intern,Internship,BharatSetu Projects Coimbatore,Government,"Synthetic 6-month public administration intern opportunity supporting government projects. The intern will assist the team with supervised assignments, documentation, and practical project work in Coimbatore.","[""MS Excel"", ""Communication"", ""Documentation""]",Graduate / Postgraduate,"[""Public Administration"", ""Political Science"", ""Economics"", ""Social Work"", ""Law""]",Coimbatore,Tamil Nadu,On-site,15750,2027-08-24,6,15,2027-07-20,In-office,Graduate,No prior experience required
SIH2026-0591,E-Governance Support Intern,Internship,Pragati Services Udaipur,E-Governance,"Synthetic 2-month e-governance support intern opportunity supporting e-governance projects. The intern will assist the team with supervised assignments, documentation, and practical project work in Udaipur.","[""MS Excel"", ""Data Entry"", ""Documentation""]",Diploma / Graduate,"[""Computer Science"", ""Information Technology"", ""Public Administration"", ""Business Administration""]",Udaipur,Rajasthan,Hybrid,16500,2027-08-27,2,16,2027-07-22,Hybrid,Diploma,No prior experience required
SIH2026-0592,Heritage Tourism Intern,Internship,Navbharat Enterprises Cuttack,Tourism,"Synthetic 3-month heritage tourism intern opportunity supporting tourism projects. The intern will assist the team with supervised assignments, documentation, and practical project work in Cuttack.","[""Customer Service"", ""Communication"", ""MS Excel""]",Diploma / Graduate,"[""Tourism"", ""Hospitality"", ""Business Administration"", ""Arts""]",Cuttack,Odisha,On-site,17250,2027-08-30,3,17,2027-07-24,In-office,Diploma,No prior experience required
SIH2026-0593,Logistics Coordinator Intern,Internship,Sampurna Solutions Raipur,Logistics,"Synthetic 3-month logistics coordinator intern opportunity supporting logistics projects. The intern will assist the team with supervised assignments, documentation, and practical project work in Raipur.","[""MS Excel"", ""Inventory Management"", ""Communication"", ""Data Analysis""]",Diploma / BBA / B.Tech,"[""Logistics"", ""Supply Chain Management"", ""Business Administration"", ""Industrial Engineering""]",Raipur,Chhattisgarh,On-site,18000,2027-09-02,3,18,2027-07-26,In-office,Diploma,0-1 years preferred
SIH2026-0594,Digital Marketing Intern,Internship,Udaan Technologies Imphal,Marketing,"Synthetic 4-month digital marketing intern opportunity supporting marketing projects. The intern will assist the team with supervised assignments, documentation, and practical project work in Imphal.","[""Digital Marketing"", ""Content Writing"", ""Communication""]",Graduate / Diploma,"[""Marketing"", ""Business Administration"", ""Commerce"", ""Arts"", ""Mass Communication""]",Imphal,Manipur,On-site,18750,2027-09-05,4,19,2027-07-28,In-office,Diploma,No prior experience required
SIH2026-0595,Talent Acquisition Intern,Internship,Saksham Networks Vijayawada,HR,"Synthetic 6-month talent acquisition intern opportunity supporting hr projects. The intern will assist the team with supervised assignments, documentation, and practical project work in Vijayawada.","[""Communication"", ""MS Excel"", ""Recruitment""]",BBA / BA / MBA,"[""Human Resources"", ""Business Administration"", ""Psychology"", ""Arts"", ""Commerce""]",Vijayawada,Andhra Pradesh,On-site,19500,2027-09-08,6,20,2027-07-30,In-office,Graduate,No prior experience required
SIH2026-0596,Rural Development Intern,Internship,Nayi Disha Industries Pune,Rural Development,"Synthetic 2-month rural development intern opportunity supporting rural development projects. The intern will assist the team with supervised assignments, documentation, and practical project work in Pune.","[""Field Survey"", ""Communication"", ""Data Collection""]",Diploma / Graduate,"[""Rural Development"", ""Social Work"", ""Agriculture"", ""Economics"", ""Public Administration""]",Pune,Maharashtra,Remote,20250,2027-09-11,2,21,2027-08-01,Remote,Diploma,No prior experience required
SIH2026-0597,Infrastructure Planning Intern,Internship,JanMitra Initiatives Noida,Infrastructure,"Synthetic 3-month infrastructure planning intern opportunity supporting infrastructure projects. The intern will assist the team with supervised assignments, documentation, and practical project work in Noida.","[""AutoCAD"", ""MS Excel"", ""Documentation"", ""Site Survey""]",Diploma / B.Tech,"[""Civil Engineering"", ""Architecture"", ""Urban Planning"", ""Mechanical Engineering""]",Noida,Uttar Pradesh,On-site,23000,2027-09-14,3,22,2027-08-03,In-office,Diploma,No prior experience required
SIH2026-0598,Network Operations Intern,Internship,Aarambh Projects Gandhinagar,Telecommunications,"Synthetic 3-month network operations intern opportunity supporting telecommunications projects. The intern will assist the team with supervised assignments, documentation, and practical project work in Gandhinagar.","[""Networking"", ""Telecommunications"", ""Fiber Optics""]",Diploma / B.Tech,"[""Electronics"", ""Telecommunications"", ""Electrical Engineering"", ""Information Technology""]",Gandhinagar,Gujarat,On-site,23750,2027-09-17,3,23,2027-08-05,In-office,Diploma,No prior experience required
SIH2026-0599,IT Support Intern,Internship,Vikas Services Jamshedpur,IT,"Synthetic 4-month it support intern opportunity supporting it projects. The intern will assist the team with supervised assignments, documentation, and practical project work in Jamshedpur.","[""Linux"", ""Networking"", ""Troubleshooting""]",BCA / B.Sc. IT / B.Tech,"[""Computer Science"", ""Information Technology"", ""Electronics""]",Jamshedpur,Jharkhand,On-site,24500,2027-09-20,4,24,2027-08-07,In-office,Graduate,No prior experience required
SIH2026-0600,Software Development Intern,Internship,BharatSetu Enterprises Guwahati,Software Development,"Synthetic 6-month software development intern opportunity supporting software development projects. The intern will assist the team with supervised assignments, documentation, and practical project work in Guwahati.","[""Python"", ""JavaScript"", ""React""]",B.Tech / BCA / MCA,"[""Computer Science"", ""Information Technology"", ""Software Engineering""]",Guwahati,Assam,On-site,25250,2027-09-23,6,25,2027-08-09,In-office,Graduate,No prior experience required
